# Generated by cross_field_tools.py
v 0.11047999999999999 0.35693999999999998 0
v 0.11473 0.3881 0
v 0.11330999999999999 0.41926000000000002 0
v 0.096317 0.45041999999999999 0
v 0.067988999999999994 0.47025 0
v 0.055240999999999998 0.49008000000000002 0
v 0.073653999999999997 0.51983000000000001 0
v 0.075070999999999999 0.55098999999999998 0
v 0.066572000000000006 0.58214999999999995 0
v 0.046741999999999999 0.61048000000000002 0
v 0.016997000000000002 0.62322999999999995 0
v 0 0.64588999999999996 0
v 0.029745000000000001 0.65156000000000003 0
v 0.060907000000000003 0.64731000000000005 0
v 0.092067999999999997 0.64163999999999999 0
v 0.12323000000000001 0.63031000000000004 0
v 0.15439 0.62039999999999995 0
v 0.18554999999999999 0.61048000000000002 0
v 0.21671000000000001 0.59206999999999999 0
v 0.24646000000000001 0.56940999999999997 0
v 0.27478999999999998 0.54674 0
v 0.30453000000000002 0.52975000000000005 0
v 0.32011000000000001 0.50283 0
v 0.33853 0.47733999999999999 0
v 0.34703000000000001 0.44618000000000002 0
v 0.35836000000000001 0.41500999999999999 0
v 0.37109999999999999 0.38527 0
v 0.38668999999999998 0.35552 0
v 0.40651999999999999 0.32719999999999999 0
v 0.43768000000000001 0.30453000000000002 0
v 0.46742 0.30453000000000002 0
v 0.49432999999999999 0.32435999999999998 0
v 0.51983000000000001 0.33002999999999999 0
v 0.53115999999999997 0.36119000000000001 0
v 0.55381999999999998 0.38385000000000002 0
v 0.56091000000000002 0.40510000000000002 0
v 0.58923999999999999 0.38102000000000003 0
v 0.60340000000000005 0.35269 0
v 0.63173000000000001 0.34277999999999997 0
v 0.65439000000000003 0.36969000000000002 0
v 0.66288999999999998 0.37959999999999999 0
v 0.67139000000000004 0.34844000000000003 0
v 0.67139000000000004 0.31728000000000001 0
v 0.68838999999999995 0.31585999999999997 0
v 0.71813000000000005 0.33002999999999999 0
v 0.74929000000000001 0.34277999999999997 0
v 0.78044999999999998 0.35693999999999998 0
v 0.81161000000000005 0.37535000000000002 0
v 0.84277999999999997 0.38951999999999998 0
v 0.87394000000000005 0.39801999999999998 0
v 0.90510000000000002 0.40651999999999999 0
v 0.93625999999999998 0.41785 0
v 0.96741999999999995 0.42209999999999998 0
v 0.99858000000000002 0.41785 0
v 1 0.39660000000000001 0
v 0.96884000000000003 0.3881 0
v 0.94476000000000004 0.35836000000000001 0
v 0.92635000000000001 0.32861000000000001 0
v 0.90227000000000002 0.32295000000000001 0
v 0.87109999999999999 0.33002999999999999 0
v 0.83994000000000002 0.32578000000000001 0
v 0.80878000000000005 0.31445000000000001 0
v 0.79037000000000002 0.29744999999999999 0
v 0.81020000000000003 0.28754000000000002 0
v 0.78612000000000004 0.28044999999999998 0
v 0.76346000000000003 0.28044999999999998 0
v 0.73229 0.26771 0
v 0.70538000000000001 0.24646000000000001 0
v 0.67847000000000002 0.21955 0
v 0.65439000000000003 0.19122 0
v 0.63597999999999999 0.16289000000000001 0
v 0.61756 0.13173000000000001 0
v 0.59348000000000001 0.13739000000000001 0
v 0.56232000000000004 0.13173000000000001 0
v 0.53115999999999997 0.11756 0
v 0.5 0.10198 0
v 0.47309000000000001 0.083569000000000004 0
v 0.44475999999999999 0.059490000000000001 0
v 0.44051000000000001 0.031161000000000001 0
v 0.44618000000000002 0 0
v 0.41785 0.0070822000000000003 0
v 0.42068 0.032578000000000003 0
v 0.40367999999999998 0.053823999999999997 0
v 0.37252000000000002 0.041076000000000001 0
v 0.34277999999999997 0.028329 0
v 0.31728000000000001 0.014164 0
v 0.31445000000000001 0 0
v 0.29461999999999999 0.024079 0
v 0.28894999999999998 0.055240999999999998 0
v 0.28187000000000001 0.083569000000000004 0
v 0.25353999999999999 0.072237999999999997 0
v 0.23796 0.058074000000000001 0
v 0.22520999999999999 0.083569000000000004 0
v 0.25353999999999999 0.096317 0
v 0.26062000000000002 0.12039999999999999 0
v 0.25496000000000002 0.15156 0
v 0.24787999999999999 0.18271999999999999 0
v 0.23371 0.21387999999999999 0
v 0.21529999999999999 0.24504000000000001 0
v 0.18554999999999999 0.27054 0
v 0.15864 0.29177999999999998 0
v 0.12889999999999999 0.30170000000000002 0
v 0.11047999999999999 0.31161 0
v 0.10907 0.32578000000000001 0
v 0.1118966666666608 0.36732666666662372 0
v 0.11331333333332989 0.37771333333330814 0
v 0.11425666666666764 0.39848666666664506 0
v 0.11378333333333532 0.40887333333328985 0
v 0.10764566666667012 0.42964666666666035 0
v 0.10198133333337629 0.44003333333325456 0
v 0.086874333333366568 0.45702999999997673 0
v 0.077431666666690185 0.46363999999998351 0
v 0.061615000000019141 0.4801649999999702 0
v 0.061378666666657429 0.49999666666665177 0
v 0.06751633333325617 0.50991333333320865 0
v 0.074126333333306108 0.53021666666606793 0
v 0.074598666666684049 0.54060333333371557 0
v 0.072238000000123384 0.56137666666621422 0
v 0.069404999999866865 0.57176333333382146 0
v 0.059962000000008307 0.59159333333332143 0
v 0.053352000000023519 0.60103666666663302 0
v 0.036827000000036289 0.61472999999998446 0
v 0.026912000000021353 0.61897999999999087 0
v 0.0084985000000603484 0.63455999999991952 0
v 0.0099149999999785261 0.64777999999999591 0
v 0.019829999999972085 0.64966999999999464 0
v 0.040132333333307874 0.65014333333333685 0
v 0.050519666666641094 0.64872666666667023 0
v 0.0712939999999571 0.64542000000000788 0
v 0.081680999999946755 0.64353000000000971 0
v 0.10245533333330012 0.63786333333334544 0
v 0.11284266666664287 0.63408666666667535 0
v 0.13361666666661132 0.62700666666668425 0
v 0.14400333333331156 0.62370333333334027 0
v 0.16477666666662966 0.61709333333334504 0
v 0.1751633333333211 0.61378666666667059 0
v 0.19593666666665471 0.60434333333334045 0
v 0.20632333333329703 0.59820666666668809 0
v 0.22662666666657813 0.58451666666673407 0
v 0.23654333333337382 0.57696333333330252 0
v 0.25590333333330467 0.56185333333335619 0
v 0.26534666666663759 0.55429666666668997 0
v 0.28470333333325976 0.54107666666670873 0
v 0.2946166666667161 0.5354133333333051 0
v 0.30972333333326946 0.52077666666677713 0
v 0.31491666666673601 0.51180333333321359 0
v 0.32624999999998044 0.49433333333336038 0
v 0.33239000000000751 0.48583666666665626 0
v 0.34136333333333191 0.46695333333333855 0
v 0.3441966666666666 0.45656666666666701 0
v 0.35080666666664778 0.43579000000005197 0
v 0.35458333333333136 0.4254000000000055 0
v 0.36260666666666258 0.40509666666667626 0
v 0.36685333333331388 0.39518333333337868 0
v 0.37629666666662109 0.3753533333334203 0
v 0.38149333333333385 0.36543666666666558 0
v 0.39330000000000387 0.34607999999999439 0
v 0.39990999999998894 0.33664000000001576 0
v 0.41690666666663528 0.31964333333335615 0
v 0.42729333333329123 0.31208666666669732 0
v 0.4525499999999566 0.30453000000000002 0
v 0.47638999999993886 0.31113999999995495 0
v 0.48535999999994478 0.31774999999995929 0
v 0.50707999999997699 0.32719499999999491 0
v 0.52360666666664935 0.34041666666661907 0
v 0.52738333333332355 0.35080333333330638 0
v 0.53871333333329718 0.36874333333329723 0
v 0.54626666666667023 0.37629666666667033 0
v 0.55736499999998801 0.39447499999996427 0
v 0.57035333333330762 0.39707333333335521 0
v 0.57979666666665652 0.38904666666667537 0
v 0.59395999999997395 0.37157666666671874 0
v 0.59867999999995669 0.36213333333342007 0
v 0.61284333333329477 0.34938666666668017 0
v 0.62228666666662802 0.34608333333334684 0
v 0.63928333333330278 0.3517499999999637 0
v 0.6468366666666866 0.36072000000002363 0
v 0.66572333333333278 0.3692133333333355 0
v 0.66855666666664526 0.35882666666674529 0
v 0.67139000000000004 0.33805333333337667 0
v 0.67139000000000004 0.32766666666669197 0
v 0.67989000000002153 0.31656999999999819 0
v 0.69830333333330386 0.32058333333331929 0
v 0.70821666666666672 0.32530666666666663 0
v 0.72851666666623915 0.33427999999982505 0
v 0.73890333333379044 0.33853000000018696 0
v 0.75967666666616673 0.34749999999977277 0
v 0.77006333333364541 0.35222000000014181 0
v 0.79083666666683716 0.36307666666676736 0
v 0.80122333333308904 0.36921333333318901 0
v 0.82199999999987117 0.38007333333327475 0
v 0.83239000000008467 0.38479666666670514 0
v 0.85316666666688679 0.39235333333339339 0
v 0.86355333333302697 0.39518666666658309 0
v 0.88432666666621418 0.40085333333320988 0
v 0.89471333333382075 0.40368666666679964 0
v 0.91548666666612399 0.41029666666646936 0
v 0.92587333333366351 0.41407333333345342 0
v 0.94664666666619124 0.41926666666660184 0
v 0.95703333333385132 0.42068333333340396 0
v 0.97780666666685823 0.42068333333330721 0
v 0.98819333333309911 0.4192666666666986 0
v 0.99928999999999646 0.40722500000005396 0
v 0.98961333333389356 0.39376666666681948 0
v 0.97922666666631386 0.3909333333332371 0
v 0.96081333333333185 0.37818666666666478 0
v 0.95278666666668288 0.36827333333335327 0
v 0.938623333333371 0.34844333333339417 0
v 0.9324866666666678 0.33852666666666853 0
v 0.91431000000006402 0.32578000000001506 0
v 0.89187999999998546 0.32531000000000332 0
v 0.88148999999997801 0.32767000000000501 0
v 0.8607133333339223 0.32861333333341364 0
v 0.85032666666629064 0.3271966666666154 0
v 0.82955333333377157 0.32200333333349268 0
v 0.8191666666661902 0.31822666666649341 0
v 0.79957500000000548 0.305950000000005 0
v 0.80028499999996106 0.29249500000001949 0
v 0.79816000000006582 0.28399500000001937 0
v 0.77478999999999998 0.28044999999999998 0
v 0.75307000000003466 0.27620333333334746 0
v 0.74268000000003975 0.27195666666668289 0
v 0.72332000000005237 0.26062666666670803 0
v 0.71435000000002735 0.25354333333335499 0
v 0.69641000000005238 0.23749000000005241 0
v 0.68744000000002348 0.22852000000002351 0
v 0.67044333333333228 0.21010666666666541 0
v 0.66241666666667365 0.20066333333334152 0
v 0.64825333333334256 0.18177666666668091 0
v 0.64211666666668388 0.17233333333335976 0
v 0.62984000000001583 0.15250333333336014 0
v 0.62370000000000791 0.14211666666668007 0
v 0.60551999999998307 0.13456000000000398 0
v 0.58309333333391478 0.13550333333343895 0
v 0.57270666666630088 0.13361666666660024 0
v 0.55193333333322758 0.12700666666661861 0
v 0.54154666666701856 0.12228333333349338 0
v 0.52077333333373044 0.11236666666686525 0
v 0.51038666666624743 0.1071733333331237 0
v 0.49103000000005398 0.09584300000003694 0
v 0.48206000000003335 0.089706000000022795 0
v 0.46364666666671606 0.075542666666708655 0
v 0.45420333333339935 0.067516333333389453 0
v 0.44263500000000577 0.045325500000038446 0
v 0.44239999999999524 0.020774000000026084 0
v 0.44428999999999497 0.010387000000027666 0
v 0.43201500000008397 0.0035410999999790169 0
v 0.41926499999999628 0.019830099999966509 0
v 0.41218000000002036 0.043200999999974544 0
v 0.39329333333333433 0.049574666666667079 0
v 0.38290666666674755 0.04532533333336642 0
v 0.36260666666667907 0.036827000000005328 0
v 0.35269333333334707 0.03257800000000588 0
v 0.33003000000004934 0.021246500000027403 0
v 0.30784000000001077 0.0080263333333202239 0
v 0.3012300000000171 0.01605266666664594 0
v 0.29273000000000488 0.03446633333330644 0
v 0.29084000000000443 0.044853666666642353 0
v 0.28541000000000954 0.069404999999961747 0
v 0.27242666666666077 0.079791999999997629 0
v 0.2629833333333037 0.076014999999988161 0
v 0.24575000000009189 0.065156000000083536 0
v 0.23158500000001842 0.070821499999963164 0
v 0.23465333333332042 0.087818333333327517 0
v 0.24409666666664892 0.092067666666658693 0
v 0.2570799999999927 0.10835849999997507 0
v 0.25873333333333642 0.13078666666664981 0
v 0.25684666666667194 0.1411733333333044 0
v 0.25260000000000637 0.16194666666663854 0
v 0.25024000000000374 0.17233333333331693 0
v 0.2431566666666965 0.19310666666660106 0
v 0.23843333333334032 0.20349333333331796 0
v 0.22757333333334984 0.22426666666663869 0
v 0.22143666666667758 0.23465333333331487 0
v 0.20538333333339254 0.25353999999994925 0
v 0.19546666666667259 0.26203999999999494 0
v 0.17658000000004329 0.27761999999996584 0
v 0.1676100000000468 0.28469999999996304 0
v 0.14872666666668888 0.29508666666665928 0
v 0.13881333333335338 0.29839333333332668 0
v 0.11969000000003184 0.30665499999998286 0
v 0.10954000000000017 0.33616666666667039 0
v 0.11000999999999592 0.34655333333324312 0
v 0.26230957929961091 0.15822900402058088 0
v 0.1252483890659267 0.3932155413738222 0
v 0.34783605691245328 0.41637437788049414 0
v 0.31575344748094547 0.4933899761290067 0
v 0.47228590986610164 0.094304955277704466 0
v 0.18060409607246378 0.28861082307737074 0
v 0.25312301845024676 0.19290568028874061 0
v 0.57626609873837564 0.1435551171935838 0
v 0.26344772597926891 0.54275264091117503 0
v 0.50092735428694835 0.11234123060663642 0
v 0.36478864585243459 0.37592093835342433 0
v 0.39481559998059607 0.060705433049090832 0
v 0.40541805808536086 0.31431427718251492 0
v 0.61435888284896878 0.33947247892623295 0
v 0.11792150209378977 0.42878737226009556 0
v 0.54405619042619868 0.13504272283369548 0
v 0.64300995249715098 0.19174989102476209 0
v 0.23968721379733005 0.22456642273901423 0
v 0.21807470703722681 0.25579063361334786 0
v 0.38193116748050843 0.34518133428623171 0
v 0.083201306293491373 0.52507065170730527 0
v 0.22528336872211199 0.5721710317877583 0
v 0.4470246011104782 0.29239264834909373 0
v 0.5145740449000471 0.31761497667096689 0
v 0.33716176188485003 0.44874582724446138 0
v 0.66377678258928718 0.22214759532984835 0
v 0.16684647976343758 0.60585801790077598 0
v 0.11983660045009255 0.36099255732372082 0
v 0.36409426664074945 0.047390207549775749 0
v 0.26865184741673598 0.12721544792446587 0
v 0.52686103076718693 0.32101009518160661 0
v 0.52344427968970553 0.31046235021356322 0
v 0.53430621747483209 0.31294404497861145 0
v 0.53090660277835366 0.3024504065555968 0
v 0.54154727925146617 0.30484682749951719 0
v 0.53828629087597835 0.29444753110168309 0
v 0.54888394985013478 0.29682670480713402 0
v 0.54564929143925589 0.28646973373495271 0
v 0.55621883960222918 0.28886180919856241 0
v 0.55300359699297075 0.27848640165167565 0
v 0.54238484843942336 0.27608129496361911 0
v 0.54976975054950039 0.2680550083167168 0
v 0.53906997363188625 0.26565754682380799 0
v 0.54651120858776348 0.25754973409620968 0
v 0.53572775127496697 0.25514058940048673 0
v 0.56358095094343652 0.28087867484286627 0
v 0.5432349012881259 0.24697441331522119 0
v 0.53238024020992714 0.24454920907252825 0
v 0.55407109529014653 0.24937068980593505 0
v 0.082495595696734564 0.5585947733949177 0
v 0.15644315604393963 0.3032386300857457 0
v 0.53993133284615125 0.23634085435773905 0
v 0.52901048472722856 0.23389089157121401 0
v 0.52141813195160447 0.2421498346416654 0
v 0.51804387314705014 0.23141258460720032 0
v 0.53659987357382044 0.22567255614756804 0
v 0.67486118408521245 0.30958727327463742 0
v 0.66506832567913954 0.31197206936972416 0
v 0.1353912962020008 0.61717096710269426 0
v 0.29370997335874405 0.078809885642741537 0
v 0.097355408284820089 0.46182054674749318 0
v 0.51031575900964166 0.2397803823428796 0
v 0.5068934610631024 0.22880005042687834 0
v 0.66992999623689053 0.30233140583718321 0
v 0.6611255047541984 0.30283410413012785 0
v 0.49906248364943551 0.2373252931478394 0
v 0.49557907663272288 0.22624928090268709 0
v 0.50348905562211133 0.21772641019896027 0
v 0.49213751291425756 0.21512545561581056 0
v 0.48417165235994231 0.22370866017825464 0
v 0.48070253280911907 0.21249753699032611 0
v 0.47272846147077924 0.22100114530801598 0
v 0.4692079411887165 0.20986629200443008 0
v 0.46123234956717374 0.21837129850792253 0
v 0.4577101173269269 0.20726055488215411 0
v 0.44993699936116571 0.21582586315653313 0
v 0.44625434676794057 0.20466805427372736 0
v 0.43821672063997208 0.21331216281443358 0
v 0.43474026330745974 0.20207401464642499 0
v 0.42657282416555331 0.21051276290346224 0
v 0.42327428379232362 0.19946795451226373 0
v 0.41531934083494271 0.20803092892103936 0
v 0.41191358654951576 0.19691553043933854 0
v 0.40399124758340532 0.20546958730945877 0
v 0.40059254139065703 0.19438654474829101 0
v 0.39273005563405855 0.20286447925166676 0
v 0.38931731949408466 0.19188255184838715 0
v 0.38151607866562609 0.20029123213885805 0
v 0.37811909120817427 0.18937587330419708 0
v 0.39702212700481387 0.18343861708447498 0
v 0.37034601911252252 0.1977330249827737 0
v 0.37371802580923541 0.20868617660998401 0
v 0.36699585533134665 0.18683628545593783 0
v 0.36257792215527307 0.20608775872815538 0
v 0.36591897524283412 0.21707446931268984 0
v 0.35477475340042935 0.21448553166917805 0
v 0.35811306618466388 0.22547055313942049 0
v 0.34693957476371662 0.22290375196281445 0
v 0.34997606382461355 0.23359095828809151 0
v 0.4309498819469918 0.19100020830180667 0
v 0.33901047986429728 0.23124762369709731 0
v 0.34192183869005566 0.24182692490361762 0
v 0.34362248369128295 0.21186132442589603 0
v 0.33110781996151639 0.23962713791132412 0
v 0.33433051549206949 0.25052632708058448 0
v 0.32326364956856923 0.24808817392028948 0
v 0.32625825764175087 0.25880809150538048 0
v 0.31532358652712944 0.25651039523991903 0
v 0.31831760056674657 0.26726652743764867 0
v 0.30736153977100278 0.26500677039074422 0
v 0.31077780274047018 0.27614789255104211 0
v 0.46559496097184394 0.19912458389286641 0
v 0.35930158782875182 0.2368962377650819 0
v 0.32307793206647839 0.2776033121672446 0
v 0.31416189873937894 0.28689505447448915 0
v 0.30291542539624516 0.28467828694231373 0
v 0.30633053822533546 0.29581802335312168 0
v 0.29502772298776292 0.29327707673058967 0
v 0.29841570982363735 0.30441838894311141 0
v 0.28709926056368607 0.3018807880763808 0
v 0.29052242630963293 0.31290669895350587 0
v 0.27924408286921543 0.31043022212279447 0
v 0.2826530299387302 0.32132512104354155 0
v 0.27149663478982078 0.31883703513667183 0
v 0.27472287269694856 0.32970929919733843 0
v 0.26378491515415808 0.32719108767530558 0
v 0.26698361226804312 0.33800324719550745 0
v 0.25614733910161697 0.33548494261197148 0
v 0.25947724171698766 0.34619384245378337 0
v 0.24862906703463566 0.34371207791182334 0
v 0.2518948026138691 0.35431420414234321 0
v 0.24113088259862406 0.35185514032915682 0
v 0.24437730577836142 0.36237695159205707 0
v 0.23363414709696687 0.35993934689802409 0
v 0.23688720548384049 0.37045046036350127 0
v 0.24763677906080223 0.37293509296701788 0
v 0.24015087268130134 0.3809953625589016 0
v 0.22930618027308691 0.37855275192508692 0
v 0.23259439634325854 0.38906808906116885 0
v 0.24340393927408172 0.39153521668366897 0
v 0.23590906824455765 0.39959384324754282 0
v 0.22505942473071777 0.39714896760783436 0
v 0.22839243730858272 0.40766947209524318 0
v 0.23917263892085533 0.41013515879222995 0
v 0.23166029392706591 0.41821219366414941 0
v 0.24242547435870204 0.42066668100050053 0
v 0.23492964239265016 0.42875124441443013 0
v 0.22412440882581652 0.42631647908512094 0
v 0.22741325593885314 0.43692936304829477 0
v 0.27004488763139989 0.34881675771335879 0
v 0.21657127375881546 0.43445091596686569 0
v 0.21985145240531645 0.44507609066457604 0
v 0.23071617640184622 0.44756626353334489 0
v 0.2231433570854599 0.45574874156328665 0
v 0.21223496805020436 0.45328047815769029 0
v 0.21555944702442531 0.46400175934270382 0
v 0.20457075369645591 0.46153143122082518 0
v 0.20793596805894488 0.47229713998993117 0
v 0.19691694967057538 0.46968131050461936 0
v 0.20026846449877689 0.48067332735916951 0
v 0.18919288611685864 0.47807319208551091 0
v 0.19254576749978675 0.48909732394808497 0
v 0.18152457656826204 0.48633166633280683 0
v 0.18478408305024718 0.49750674135161682 0
v 0.23401982415962788 0.45819320924451146 0
v 0.17357597617856207 0.49502978715517015 0
v 0.17697560554127706 0.50594508887973633 0
v 0.29363534689820908 0.32396754330943583 0
v 0.16584374658292284 0.50346295149579445 0
v 0.16922853062592003 0.51427354675825576 0
v 0.19365623092226714 0.45871120691430101 0
v 0.50008831040358359 0.20662049958072831 0
v 0.41877571146766013 0.21925919971283578 0
v 0.24485072955605172 0.33335135204176114 0
v 0.31994681901001121 0.23708301514595587 0
v 0.19591825123044487 0.50000984872258492 0
v 0.15822401280374759 0.5118493610737197 0
v 0.16156296425948768 0.52254971619932356 0
v 0.66498718863380701 0.29437307017614378 0
v 0.65586872922961048 0.29478604252033425 0
v 0.31703437367606568 0.29828479345939962 0
v 0.59345255977602573 0.35333495049670366 0
v 0.17035600179318902 0.4838940650680954 0
v 0.19597844449885987 0.59164975128728969 0
v 0.44267408356564752 0.071525915659679029 0
v 0.89210877102063579 0.39315722702299805 0
v 0.56680076639045218 0.29122991282248956 0
v 0.57413318950853653 0.28324516738464167 0
v 0.28361362794193595 0.2909188724787255 0
v 0.62450714210433045 0.16382036859868737 0
v 0.15064819535953525 0.52006540868007445 0
v 0.15396740358141386 0.53072501026628582 0
v 0.14729455816101034 0.5094519855045383 0
v 0.65962385982497662 0.28586748054135491 0
v 0.64981066782408092 0.28705847855396616 0
v 0.16487119570446751 0.53321313349718713 0
v 0.15724004863522839 0.54137031996313478 0
v 0.14639337662759469 0.53882056665074063 0
v 0.47768882446908539 0.30003094457588092 0
v 0.14964705327253186 0.54943941540620878 0
v 0.54484391119552045 0.31519463225527866 0
v 0.29101404615335541 0.089632009331234733 0
v 0.30109664043557838 0.086823006938416145 0
v 0.29846906544315893 0.096939556572240432 0
v 0.30849149573767098 0.094207605052233523 0
v 0.30589003835664119 0.10433213705272616 0
v 0.3159984045524063 0.10159256415438918 0
v 0.31337210504173058 0.111783717176643 0
v 0.32362889475201728 0.10895479575998229 0
v 0.32094048422684734 0.11929848422117395 0
v 0.33128848685356371 0.11647100053686213 0
v 0.32855799633192795 0.12687124893367238 0
v 0.3389516500138422 0.12407607749641178 0
v 0.34170575531727243 0.11357036068916637 0
v 0.3494500514050855 0.12121423381701733 0
v 0.31141416626106927 0.084104547142223221 0
v 0.31817706513541533 0.12969118266398469 0
v 0.32577881212919357 0.13730427199433876 0
v 0.35220663846720179 0.11062939347882207 0
v 0.36003504719755758 0.1182902862519571 0
v 0.57732396294725163 0.29352553466768228 0
v 0.58447255836840906 0.28613945273543517 0
v 0.10435758088549878 0.62683842233474363 0
v 0.6747403724023977 0.29313788935462953 0
v 0.31536489133945911 0.1401477531889285 0
v 0.32301901553763607 0.14778521253941615 0
v 0.64567853161485522 0.29606491806166535 0
v 0.63970422224002776 0.28810564087825152 0
v 0.64401542858809457 0.27877828167718893 0
v 0.28642616885521632 0.52906921365562176 0
v 0.88853248673177565 0.33607720320791512 0
v 0.69734980154513937 0.31067240681133684 0
v 0.31256462437428212 0.15063382476935924 0
v 0.4532586199477735 0.22671939752384146 0
v 0.13892583428912922 0.54697900024702706 0
v 0.14212602011358055 0.557460753295836 0
v 0.32027904532551055 0.15831201971073539 0
v 0.30969271592869951 0.16118759740210381 0
v 0.63389639034418754 0.27962307268027142 0
v 0.6382664039857604 0.27019683143334217 0
v 0.35723707528515602 0.12896838998506496 0
v 0.36790223454104976 0.12602197241182567 0
v 0.37068698420704821 0.1153102316556311 0
v 0.37861264981902615 0.12307275589283452 0
v 0.6276351433758931 0.27107490536523893 0
v 0.63221712937653685 0.26136897897277567 0
v 0.62147734105230756 0.26227437941590825 0
v 0.62609693007421807 0.25243467520573787 0
v 0.61526684287362943 0.25337393020913929 0
v 0.61987892336226125 0.24348033771002531 0
v 0.6089778595646711 0.24441778818155835 0
v 0.61351095407829181 0.2345408314270635 0
v 0.60263493340163976 0.2354312593794983 0
v 0.60719174317540181 0.22552068863708497 0
v 0.59629146706772318 0.22640726456085347 0
v 0.60096614833554207 0.21638972723607999 0
v 0.59037088496749346 0.21721317839850354 0
v 0.59470626223274681 0.20728430964572525 0
v 0.58256465821109249 0.20853215853498133 0
v 0.38139820842400285 0.11229334233252913 0
v 0.38936133855871274 0.12010312287192337 0
v 0.39183654890283665 0.10962353346438948 0
v 0.40006508346604458 0.11717174825397916 0
v 0.86042556739207809 0.38493266172564677 0
v 0.58811651921013053 0.19829212162222776 0
v 0.57704471075883002 0.1987516040594462 0
v 0.62962134807524195 0.28897815049581077 0
v 0.50228298159930185 0.24809235415106823 0
v 0.39727076204000428 0.12778320481501679 0
v 0.40802519713130164 0.12477603961212677 0
v 0.58772902301933982 0.29590662772643717 0
v 0.58061063163960525 0.30367387345931773 0
v 0.71694526945387826 0.31951740341140633 0
v 0.16815233867280138 0.54392750144765722 0
v 0.19784560816865632 0.27434741957488423 0
v 0.75458727878529197 0.28732467061196421 0
v 0.93176615137009189 0.35759153166282515 0
v 0.54820238470208038 0.36585500900408907 0
v 0.1188136694288584 0.32998562423812661 0
v 0.35603974610631306 0.39652305886089195 0
v 0.29889069454425748 0.051684121346475743 0
v 0.85429313067813506 0.33690011719357099 0
v 0.41087225848299896 0.1141250276099815 0
v 0.4188576007204628 0.12194173615013029 0
v 0.41586653784454608 0.13199309961005207 0
v 0.42685862662810736 0.12964864851636554 0
v 0.52021404136952487 0.30000238506965643 0
v 0.31749524407686114 0.16888285992668275 0
v 0.30682431915455377 0.17178690633493598 0
v 0.33061991329276658 0.15532147498961704 0
v 0.13148068951243166 0.55499077241213612 0
v 0.12846931399911049 0.54467334293361247 0
v 0.13465398605220935 0.56542285642870049 0
v 0.68370202782043421 0.24046727918798139 0
v 0.75901717355048393 0.3363130668309332 0
v 0.36509718320213325 0.13673496455408723 0
v 0.71274830827237956 0.26556226621391832 0
v 0.42967766403567392 0.11897243741037816 0
v 0.43767164726851004 0.12684220467931667 0
v 0.43488848648453393 0.13769397180304291 0
v 0.44572562510791747 0.13477751937094964 0
v 0.52126400305979281 0.1252685197937104 0
v 0.43208241306775186 0.29210746166290097 0
v 0.43843682904629294 0.28120714793929502 0
v 0.42555385580298888 0.28120800316577932 0
v 0.076940940819183179 0.57941864605551141 0
v 0.44287703488975216 0.14577927563296994 0
v 0.45390685120229196 0.14274769505916163 0
v 0.33176824572555375 0.46856397886944823 0
v 0.26039137768468246 0.31633502058082635 0
v 0.24156848848029563 0.45003586788158279 0
v 0.24485344341334403 0.46061199152640497 0
v 0.25235373368946407 0.45250534725002428 0
v 0.25563598025965123 0.46303764876218978 0
v 0.24818397126927086 0.47113197882656677 0
v 0.26308806339094443 0.45494610032302452 0
v 0.25894046116011454 0.47356758089303069 0
v 0.25145518260935923 0.48168909144811312 0
v 0.26223605549204132 0.48410893319267201 0
v 0.25473974224753493 0.49231298444568117 0
v 0.24991156693630737 0.41259041901836052 0
v 0.26968120381286731 0.47600929422660521 0
v 0.27298323558055698 0.48646047900936928 0
v 0.37303594671909535 0.10313506980860068 0
v 0.1528130308043488 0.55999306184735387 0
v 0.34472983300390897 0.037301249920118205 0
v 0.21330824436489937 0.4238580919223065 0
v 0.33795822199017056 0.26180508286670862 0
v 0.47582102902820883 0.23406205035881927 0
v 0.23039030356562543 0.34942084083638292 0
v 0.22290097535197523 0.35749216619671792 0
v 0.21965528669382803 0.34698740466567757 0
v 0.21217627023391222 0.35503896813349856 0
v 0.20892420907103859 0.34454796053748105 0
v 0.20146034560286299 0.35258765685308258 0
v 0.19820035034572639 0.34209456234567531 0
v 0.19078729024677102 0.35014770670944612 0
v 0.19401183586733464 0.36056920431412554 0
v 0.18339408401948765 0.35814687029189929 0
v 0.18658010946600156 0.36851555357145838 0
v 0.20567680705264307 0.33405796580261526 0
v 0.17601301540272332 0.36608668384124304 0
v 0.17918908588604845 0.3764332724050577 0
v 0.17268382086941017 0.35554384780083087 0
v 0.16864652352635567 0.37401588227978672 0
v 0.17169628113105628 0.38416772814782357 0
v 0.19492484689093448 0.33157540169180622 0
v 0.20246670412568313 0.32344905639008076 0
v 0.18227525709917086 0.38688207637586935 0
v 0.17487338700311242 0.39471786883306881 0
v 0.65482768568966587 0.31056819973238819 0
v 0.34442885779549903 0.10301421872526037 0
v 0.18004364266596184 0.51668803850236444 0
v 0.39503075502796925 0.2150425023228649 0
v 0.30406314577907584 0.25391685609929199 0
v 0.59768740317308888 0.24513391760559058 0
v 0.43266854533479704 0.14863363402189766 0
v 0.21132770022074621 0.48308841822799309 0
v 0.83145778320595043 0.33271592709459052 0
v 0.64842055593549819 0.26955241535404673 0
v 0.58186463858294946 0.18914630800987342 0
v 0.57088642315206806 0.19012747352283835 0
v 0.24478813289013257 0.55733499785581575 0
v 0.28036981977450887 0.47840595445582407 0
v 0.31469636170667459 0.17950329258790748 0
v 0.3040349313207672 0.18239983351906133 0
v 0.064835166563068286 0.60203942791897902 0
v 0.43176533066961587 0.27034239509765784 0
v 0.41923989075577139 0.27069387631982639 0
v 0.44389642683034503 0.26949385302721424 0
v 0.079642800822519455 0.47397711159042144 0
v 0.12406852049849704 0.56296084166215121 0
v 0.12732098437116018 0.57343256461035408 0
v 0.45099024624173356 0.15385028019101271 0
v 0.46209262875096396 0.15080085087750406 0
v 0.9135217344973785 0.39952951777452994 0
v 0.37471068845474309 0.17851808006695527 0
v 0.5909243572450088 0.30594591073352095 0
v 0.5838413342312343 0.31371418275383928 0
v 0.31183829722433143 0.18998863842005878 0
v 0.3012208265008921 0.19302882291568829 0
v 0.59930945249259249 0.19727997981809434 0
v 0.73416933011627794 0.27957313863995847 0
v 0.77701852502895197 0.34634202663776553 0
v 0.40465211341956175 0.065021293737423339 0
v 0.16424583764090978 0.39192621594189686 0
v 0.167377438793616 0.40238325839830691 0
v 0.62409067034308863 0.23345047556008769 0
v 0.13783980102123922 0.57599479279713917 0
v 0.73753192218481156 0.32794624522689414 0
v 0.46497472726276362 0.13965551587397618 0
v 0.47319460014133541 0.1477201278810788 0
v 0.30205677857963398 0.1534566046652058 0
v 0.8297098636156941 0.37380019576377022 0
v 0.32521995907408424 0.17558362533010585 0
v 0.30325772568905951 0.51222424671961952 0
v 0.29338024446160299 0.18526324804935593 0
v 0.2905354024243757 0.19591221545997192 0
v 0.81072997245565503 0.32538051631537512 0
v 0.11689133436702855 0.57110175077472225 0
v 0.11997220881869697 0.58138666316482035 0
v 0.13829824619884612 0.30999066856961927 0
v 0.54749808996162186 0.22813792037427316 0
v 0.54413921928734155 0.21768879145570685 0
v 0.30773079444992074 0.13250527313953489 0
v 0.17794193765960004 0.40525724742679115 0
v 0.17052580721676572 0.41309853677620434 0
v 0.15985457842178474 0.41008779150306229 0
v 0.16302964940699133 0.42099755740042077 0
v 0.17375962401019227 0.42361875084562417 0
v 0.16622456973099092 0.43161964709701595 0
v 0.63720338059838988 0.25137033720334023 0
v 0.2983987570123855 0.20380495410205512 0
v 0.28757752458787034 0.20668238712137835 0
v 0.4703107879006197 0.15887693791966681 0
v 0.48143761059988571 0.15580365603995378 0
v 0.93338103968417363 0.40743838764177515 0
v 0.61164915800217046 0.2154626184446308 0
v 0.36366282635909453 0.17601770872828532 0
v 0.44048902447349647 0.11601336460527104 0
v 0.43247470063779586 0.10816187044731815 0
v 0.78753206428202449 0.30908154328661452 0
v 0.58560036652904612 0.22682909540819718 0
v 0.39624759819236549 0.071814857093651374 0
v 0.40629639019867919 0.076187139238111282 0
v 0.59476505259255408 0.28886169700713166 0
v 0.15546671256376493 0.4290569976310139 0
v 0.15864315074980367 0.43965786372316285 0
v 0.57561773926660642 0.18016637699927912 0
v 0.56457353591311299 0.18107684224076345 0
v 0.58654976651972646 0.17923521707967771 0
v 0.58342183343696108 0.37221069342751922 0
v 0.41291812116721616 0.28116935742071236 0
v 0.40677640526367864 0.27076638975547629 0
v 0.40049558659730083 0.28101698374407208 0
v 0.39446192775521599 0.27042965044105483 0
v 0.38830243909425227 0.28088449781216474 0
v 0.40092486890471929 0.25837397275215246 0
v 0.38229608351865163 0.27035485612367416 0
v 0.37619022456300566 0.28073417568181769 0
v 0.42356286227109435 0.25889071411889325 0
v 0.38596866989673889 0.067572924077967528 0
v 0.11165544734252723 0.56059528977452588 0
v 0.47859758956101861 0.16695336076895795 0
v 0.48975351244090615 0.16384032790333189 0
v 0.49257082237988492 0.15269638755063156 0
v 0.50081078408060842 0.16068836044985613 0
v 0.25983703418995518 0.44444605428388062 0
v 0.27052228740800099 0.44688069145484532 0
v 0.26729227929850696 0.43641608474378774 0
v 0.27795084337736337 0.43884552413617806 0
v 0.27473067064774642 0.42839936164968073 0
v 0.28536937066909063 0.43082586783853066 0
v 0.28215046568616986 0.42039248936872031 0
v 0.2927908575346494 0.42281740355267117 0
v 0.28957361694356015 0.4123842447679289 0
v 0.28858396640989609 0.44143139513001795 0
v 0.30021642194180864 0.41481564020383238 0
v 0.29699940413017889 0.40436557237387566 0
v 0.28635325737675454 0.40181873208481733 0
v 0.29381054074523882 0.39384695494397454 0
v 0.30448144971906099 0.39632954191937286 0
v 0.30124811535408946 0.38582094539997969 0
v 0.31198543036788928 0.38825762003413089 0
v 0.30870586752512996 0.3777271973446884 0
v 0.31950963442473723 0.38017208867113639 0
v 0.31621243188793391 0.36958207405385346 0
v 0.303386334300635 0.42537896191751401 0
v 0.29050328735433395 0.38336355895549867 0
v 0.3268346121852137 0.3718320838630656 0
v 0.32378705292540588 0.36138075330583647 0
v 0.31289054174477149 0.35893527222084304 0
v 0.32051941900609526 0.35072327466147668 0
v 0.33145094022302896 0.3532447345590165 0
v 0.328163642457039 0.34247886533587835 0
v 0.3391724792212697 0.34500859650082477 0
v 0.33585319708343403 0.33417695882137016 0
v 0.31083409121586125 0.4172718171211956 0
v 0.3472418709024403 0.33730003318980506 0
v 0.34361623522819884 0.32589675849954164 0
v 0.35498498376961529 0.32918965733302685 0
v 0.35139623240001289 0.31748705411430744 0
v 0.36269263956003162 0.3205644379847295 0
v 0.32211455911198494 0.39038963955811101 0
v 0.28855634452908563 0.099304423532749625 0
v 0.19717357165852067 0.37105491209530117 0
v 0.13976771649713016 0.51762174115224524 0
v 0.13643652905967429 0.50704067881765669 0
v 0.12893414421156754 0.51518425159734182 0
v 0.12558919454727893 0.50462716143088859 0
v 0.13308641155467207 0.49646045649668302 0
v 0.12231320299425209 0.49388784011902614 0
v 0.12982624630817705 0.48580773906360275 0
v 0.11479807795290586 0.5021956983655943 0
v 0.20572111085418343 0.43196488458154964 0
v 0.19164713030617836 0.32099732729817287 0
v 0.19921636597664166 0.31275316825994603 0
v 0.20999960197576112 0.31534737911088406 0
v 0.18416048877971983 0.32909139268727816 0
v 0.8117533456872984 0.36398057128408379 0
v 0.53449011719394923 0.34233931072500795 0
v 0.66239488280603664 0.33286000000003441 0
v 0.58343934136915232 0.27547460515934541 0
v 0.29606290787672429 0.26244390102890397 0
v 0.29267267994956953 0.25126376018035823 0
v 0.28467770789009406 0.25980994287581538 0
v 0.28126087658973242 0.24859037437108855 0
v 0.27322740785039434 0.25718939137435404 0
v 0.51135858848205618 0.20932924622168617 0
v 0.50798997358363995 0.1981930471984811 0
v 0.51919099603245966 0.20085281843482691 0
v 0.51584026673313887 0.18979958586008686 0
v 0.52700726391259556 0.19232920970074732 0
v 0.52350301628134166 0.18201588897397403 0
v 0.074622877722099135 0.6356629839592568 0
v 0.38211863651721178 0.29120013747007245 0
v 0.29584578632559921 0.21481377394225776 0
v 0.52865736905529292 0.26314381456224328 0
v 0.26883571672922596 0.24392470570264382 0
v 0.26171670149001264 0.25454700922965584 0
v 0.26514130017789517 0.26593043274940675 0
v 0.25356679167944185 0.26324887893194926 0
v 0.25699491496721838 0.27473888437250205 0
v 0.24384823836879085 0.48983573952008502 0
v 0.24709925890554132 0.50054147341088961 0
v 0.25812402018486902 0.50301796120159903 0
v 0.25051264533761863 0.51136132337084983 0
v 0.23937649505691583 0.5088612183374992 0
v 0.24283618352210393 0.51978818478066746 0
v 0.23161649259526965 0.51729066593473194 0
v 0.11154015409074171 0.49147905881130916 0
v 0.104386488183524 0.49941162691276908 0
v 0.10760655240393094 0.50875197444760722 0
v 0.10929084793938663 0.57880975414816749 0
v 0.1124395203950276 0.58915001020727853 0
v 0.35597244770665959 0.18427371548802146 0
v 0.59409929061141353 0.31596285833821242 0
v 0.60112661436587367 0.30824937522995643 0
v 0.58702155524290656 0.32367714331705433 0
v 0.5768158350675523 0.32144675087894964 0
v 0.30615633459326735 0.21118746660857896 0
v 0.24532546520905779 0.27203944217392684 0
v 0.24882359562636724 0.28348956142359338 0
v 0.23716613154155253 0.28084383940079616 0
v 0.24065685224880365 0.29218874523190852 0
v 0.22907540077359903 0.28953662066115832 0
v 0.32487865428051949 0.33174891794233874 0
v 0.49511295234320774 0.19419971361372995 0
v 0.14838379997707116 0.43693749644920543 0
v 0.15161041525857377 0.44753987938334427 0
v 0.16193098774690748 0.45025713549246527 0
v 0.15400797049151205 0.45883317471866736 0
v 0.14310394961323158 0.45545480089665502 0
v 0.37131826418342834 0.16773468923538473 0
v 0.47605990130398373 0.13656093530284433 0
v 0.46787172790757597 0.1285231070727989 0
v 0.35022018701541618 0.34759720124889532 0
v 0.36061719416034804 0.16554134939289875 0
v 0.44309163759714754 0.10536591616711469 0
v 0.28364503972548344 0.48874755920093904 0
v 0.29084129497771205 0.4806626337298151 0
v 0.31394209227391778 0.4279561904200494 0
v 0.37024713961363365 0.27027799209403547 0
v 0.36421373156897274 0.28016235186215932 0
v 0.55986439521891784 0.19120314156008228 0
v 0.57968175459068316 0.33110695093053144 0
v 0.56973993715191773 0.32914778481222806 0
v 0.57260179045323101 0.33882606760139544 0
v 0.61072041777681041 0.26324907771748207 0
v 0.28476068475289124 0.21748857767599539 0
v 0.14481767859712635 0.4264853796355379 0
v 0.60165741142458418 0.14546733912992388 0
v 0.23483812038749241 0.52806354945751899 0
v 0.22373592871713444 0.5257490225508461 0
v 0.22729502540878405 0.53685263837924213 0
v 0.21646169569885956 0.53474094377962389 0
v 0.054486464011290432 0.63902263878908061 0
v 0.46739014291501357 0.17008195828883935 0
v 0.55500514697764403 0.22021279281445252 0
v 0.95258186060317884 0.41109812663586703 0
v 0.55376862360541446 0.18187118586152531 0
v 0.55825989157251832 0.17190525480912544 0
v 0.50369843171698025 0.14960746320057308 0
v 0.51189956914927992 0.15756416022756248 0
v 0.28774602138787342 0.47045259286388535 0
v 0.29812202841932284 0.4727060941792976 0
v 0.18086209493622465 0.31862209904271399 0
v 0.17345057381123405 0.32667120963253077 0
v 0.28275136073929097 0.18807623860804673 0
v 0.28558960067362926 0.17750986113997186 0
v 0.17678180151722769 0.43430571087697661 0
v 0.56264797374019992 0.33690206011384982 0
v 0.14059443888826645 0.48825936281430332 0
v 0.20249336808081164 0.4213840532053138 0
v 0.38745921120898308 0.078618218232763964 0
v 0.37720637308264948 0.074374552153675111 0
v 0.27659218815337355 0.20948888588557532 0
v 0.12300603028752713 0.5920551989340056 0
v 0.11547861016381523 0.59965275114020611 0
v 0.10500133931009223 0.5970582838587849 0
v 0.20690416752456231 0.30443366848506381 0
v 0.30238310403895108 0.03029764025920061 0
v 0.46880409207381113 0.29311204072662145 0
v 0.47905490903917569 0.28876496257890649 0
v 0.48811127864277337 0.29554508510000255 0
v 0.4895125436814961 0.2843402909401222 0
v 0.4804088336234934 0.27748999289138432 0
v 0.23258477445906212 0.30079227718605861 0
v 0.94751182783331667 0.37956169472647955 0
v 0.35439842765750162 0.13966826624068038 0
v 0.30959075639685357 0.34824559028602037 0
v 0.30195984562793893 0.35647469309952462 0
v 0.082854024605470977 0.51389363748691252 0
v 0.25001004836728452 0.25176653103878727 0
v 0.10693101268808355 0.45573632430319339 0
v 0.56586826562101644 0.34691510221069627 0
v 0.54798838636791558 0.17290342990986998 0
v 0.55202263034404686 0.16281527791121075 0
v 0.54008054308049069 0.1645053078994857 0
v 0.37628839249844132 0.25995296452310002 0
v 0.22823253722913633 0.50631986727235456 0
v 0.77949597495758038 0.30140466022135309 0
v 0.77694060957618805 0.31277391213171774 0
v 0.58027769898729986 0.17023754257488011 0
v 0.59068988745950834 0.16967321020586626 0
v 0.26157033041565203 0.51378232870743168 0
v 0.43556251262742612 0.096771792141200644 0
v 0.12154439455115916 0.41338178815527543 0
v 0.21253012333298552 0.52330598734064537 0
v 0.20467573326070135 0.5318566092796031 0
v 0.20868946953690898 0.54340322367958283 0
v 0.19710751145307776 0.5404825653998776 0
v 0.20058453799837833 0.55170244919858336 0
v 0.27371017400885073 0.090489280874663819 0
v 0.32142686692592309 0.41972415393808188 0
v 0.43325666420635156 0.064861759588670659 0
v 0.35900572113575868 0.30902592457321493 0
v 0.34784020118526154 0.30629632214635405 0
v 0.27369295979068786 0.22013473808515166 0
v 0.27548138643179648 0.18043480649400789 0
v 0.26559486091865653 0.21237066246754865 0
v 0.49057344452698903 0.27351644567154404 0
v 0.48141467742977256 0.26661595965402374 0
v 0.49992434196235724 0.28002172661650621 0
v 0.072493020785633841 0.49977040411983031 0
v 0.36438125082355227 0.25991298185693396 0
v 0.60422857433844834 0.31816943413751142 0
v 0.61123528781698755 0.31056933144954668 0
v 0.78457586632696785 0.32042420646044995 0
v 0.10760568566762943 0.46720562099033947 0
v 0.11690723975988207 0.46026562485059974 0
v 0.27021544604776104 0.11753630542816929 0
v 0.27851212253751739 0.12375873820557684 0
v 0.27668929204926296 0.13404887671801793 0
v 0.10083522550617977 0.48967503718006161 0
v 0.59766849443828485 0.34304112213571786 0
v 0.03476643050736726 0.62524280968338808 0
v 0.16498202598801762 0.46123381878210257 0
v 0.97182405401267913 0.41315819027073336 0
v 0.2926147346968464 0.22566032957948468 0
v 0.43050862922583877 0.076598286170764168 0
v 0.26252679018059882 0.22316784217818647 0
v 0.29420126337442393 0.49059011674338909 0
v 0.28695730582911494 0.49892839445345666 0
v 0.47107350586866553 0.2706945220203909 0
v 0.47260040361120326 0.25906156345666709 0
v 0.56648722169222987 0.31925610478631194 0
v 0.47889732492235687 0.12543554312434624 0
v 0.36990026881965321 0.31136990321848779 0
v 0.29501315364117386 0.46247928868738042 0
v 0.30551155836130467 0.46489806352138807 0
v 0.44615225271106274 0.094249488124787104 0
v 0.30233254353344352 0.45458857235426536 0
v 0.31280546133483722 0.45701403986686856 0
v 0.51478900667158334 0.14652019220368059 0
v 0.5056197188039826 0.13700653054858528 0
v 0.47598162469044436 0.17816559281255964 0
v 0.76869935451381155 0.30561265342153454 0
v 0.37388355511558791 0.32333373699029089 0
v 0.60769047530313636 0.30076329611719277 0
v 0.2714368529022283 0.41778893526381777 0
v 0.55835228619817157 0.23063197974896388 0
v 0.56291025934157435 0.16183708267297706 0
v 0.61433283274201489 0.32038196666122548 0
v 0.62124452852800527 0.31285102406070658 0
v 0.62431904672642835 0.32253480110262001 0
v 0.63114928789973546 0.31509880429376558 0
v 0.63408023785371548 0.32463976993619803 0
v 0.21005081754340132 0.41329893779543136 0
v 0.29873744016991993 0.34585722544531255 0
v 0.2604447135729217 0.28617564693520353 0
v 0.38237286138627385 0.17018134078045877 0
v 0.37941260694400231 0.15982752580786883 0
v 0.39007397026464391 0.16191762424886214 0
v 0.38660910249827773 0.15106590789249236 0
v 0.39750605643582315 0.15418670169608806 0
v 0.21534417658191696 0.3655439602214684 0
v 0.303131273633646 0.1145150872573788 0
v 0.45124081009455425 0.11316575755551198 0
v 0.47076797655773028 0.11751782971694746 0
v 0.3245749432556202 0.430056157350798 0
v 0.59739309510684502 0.17836217925840858 0
v 0.60111920070537084 0.16740426883038864 0
v 0.60823483470926909 0.17721499419274597 0
v 0.35466026596058892 0.1003310055420264 0
v 0.3471035460372357 0.092470705626357591 0
v 0.35896442013595081 0.089303326465038912 0
v 0.34983405509438581 0.081875942926519174 0
v 0.33954268875177906 0.084863093801138045 0
v 0.34211230355985439 0.074352665308982713 0
v 0.35168825953051364 0.071201434500884647 0
v 0.34458068427760991 0.063870538277881819 0
v 0.33439389095218558 0.066800753427385506 0
v 0.19927343181535417 0.41084047150090464 0
v 0.20677207605549147 0.40277632630145305 0
v 0.49754614821121496 0.17141712298286893 0
v 0.37647180013335091 0.21907001893213857 0
v 0.22715130756240196 0.33888973009575307 0
v 0.49556998401519381 0.31304619858714994 0
v 0.64291274380560237 0.34168640307283449 0
v 0.55662923782545404 0.1528286625653052 0
v 0.42446856384991399 0.10018990638287358 0
v 0.4010365961550143 0.16440292535789294 0
v 0.40866725928213615 0.15609603136988148 0
v 0.41212595823354509 0.16674184272544859 0
v 0.17253931441053963 0.45291716101867935 0
v 0.54876382030689574 0.19221889985428103 0
v 0.13728000856801525 0.47831306813059349 0
v 0.14809612945294651 0.48005500541153495 0
v 0.55558919957653885 0.3449304730829682 0
v 0.55228774493104182 0.33483040387987334 0
v 0.29114065229720903 0.35406363012043329 0
v 0.28688867156964359 0.1303673687807953 0
v 0.28524035130408393 0.14060252826773623 0
v 0.90705612227208032 0.33448377207622038 0
v 0.22673713194070458 0.24622340549535549 0
v 0.49159630820301869 0.2457446894182207 0
v 0.38115625998018887 0.31331689080507596 0
v 0.17562719457343456 0.53565540793234545 0
v 0.17893006181238763 0.54646582229021912 0
v 0.17139590551214404 0.55481854586392099 0
v 0.20121819488193574 0.52075229915743393 0
v 0.76592569856625481 0.31612784951895806 0
v 0.75762648184734038 0.3085011311271732 0
v 0.68868507972398696 0.30625994711337146 0
v 0.69682198152853891 0.30110061855106124 0
v 0.70586297636428808 0.30522847609191694 0
v 0.70538524635097943 0.29564785725732501 0
v 0.71430480936268137 0.29977342811463648 0
v 0.69622088424045692 0.29075027892578159 0
v 0.71377166021797844 0.28973485566056689 0
v 0.72304612052090445 0.29440915242242061 0
v 0.18231818750170875 0.55746966492933803 0
v 0.17469382689412383 0.56579405439681885 0
v 0.18651168774380911 0.56887809387356425 0
v 0.17801422574377962 0.57675904474343032 0
v 0.16697800085587694 0.57413136851831381 0
v 0.17026457357123842 0.58508582584764901 0
v 0.1592672309913839 0.58233745339671505 0
v 0.19576025261632396 0.30189291985666372 0
v 0.30861073677927775 0.47485669329804037 0
v 0.56575055571314048 0.22233264346575687 0
v 0.21228319945870799 0.55547463801538532 0
v 0.50034747486753683 0.26755552726060289 0
v 0.51044629066992209 0.27559616284882416 0
v 0.33706668005595924 0.056670821944908259 0
v 0.32669508504318501 0.059355987666701804 0
v 0.32933167489262022 0.048984873179755813 0
v 0.22562603080818122 0.27830074289370932 0
v 0.21577064717980793 0.28775325699979976 0
v 0.40596914521958555 0.29142367174817019 0
v 0.085519075332604499 0.54675307579175536 0
v 0.09268579898480403 0.55593673915643205 0
v 0.095478344043592123 0.54782938981657547 0
v 0.089923994924565459 0.56621042759824791 0
v 0.27804303785593854 0.17014208350024085 0
v 0.20438055852029405 0.56331463261237336 0
v 0.30686577233895052 0.33768403868994279 0
v 0.56279449744470011 0.21073814351738884 0
v 0.025401269896915941 0.6402893545124636 0
v 0.31882465520246883 0.051781957737106685 0
v 0.31678384120713299 0.06273141105129651 0
v 0.093363114002370143 0.49775530689846437 0
v 0.17011201819847616 0.31661293037799387 0
v 0.1628332966201492 0.32429304904199591 0
v 0.16607822143335813 0.33460360624657531 0
v 0.15556659577911441 0.33222265826665576 0
v 0.15873983356096422 0.34246850502083215 0
v 0.14833316069130803 0.34012983706146716 0
v 0.1514608430571035 0.35031054341268902 0
v 0.14074679274945018 0.34798567762111932 0
v 0.14417202139109958 0.35811111644459348 0
v 0.14536795778895945 0.33011918513150934 0
v 0.15465571885508242 0.36061444348497301 0
v 0.14733665979529534 0.36828670650282397 0
v 0.56919863490893619 0.23303537446177436 0
v 0.13692267364468216 0.43637011076383947 0
v 0.11605692201975133 0.44954451177590765 0
v 0.30963946681999882 0.44674775758143742 0
v 0.37568653421210541 0.063422288165465746 0
v 0.24627736782401594 0.53022277363415338 0
v 0.48229283782920607 0.11359791745345793 0
v 0.58494062511477396 0.1603868087181424 0
v 0.10810535967839296 0.60756687296140399 0
v 0.097442351560215607 0.6050777805991463 0
v 0.09310616530440001 0.59388166504895745 0
v 0.086462871616507814 0.60300342717084743 0
v 0.089909252437957402 0.61312453765060038 0
v 0.2439992427193135 0.30344271209513163 0
v 0.23598132233531627 0.31191698714540073 0
v 0.3784087277837081 0.08502092251011617 0
v 0.38839159275868229 0.090983059007133285 0
v 0.2089991596312484 0.51217360996773975 0
v 0.64082077089664524 0.31786362737572821 0
v 0.32160366503911275 0.041109538044475639 0
v 0.28443125116761359 0.45993262975793298 0
v 0.27249715488423332 0.19094825099974055 0
v 0.2884028105598464 0.16704476148984854 0
v 0.28067131460679628 0.16051102576004514 0
v 0.32639171529497446 0.098597356767585881 0
v 0.41450145670395128 0.058583164462835909 0
v 0.25322777690556542 0.42324053201034412 0
v 0.5228179194642385 0.15449837497124602 0
v 0.53330127348941181 0.21500250651978639 0
v 0.19603545430808836 0.4002282395716642 0
v 0.20350319479431705 0.39226657892008077 0
v 0.13226722633244187 0.52571464626186004 0
v 0.1203539135303956 0.52419723376963834 0
v 0.27480845236589835 0.14439927275840148 0
v 0.13724216411447548 0.36611959982273895 0
v 0.14030818323355748 0.37602762868171619 0
v 0.150457221945518 0.37842714863814353 0
v 0.14340120083745073 0.38614796954648023 0
v 0.17591075449067167 0.46355249838970514 0
v 0.31812050949995441 0.40932452730077351 0
v 0.32964337494888013 0.41097549843406322 0
v 0.48679192840439489 0.13382350801921861 0
v 0.30098520331362294 0.24303045823681768 0
v 0.17749006921384528 0.30821427572871485 0
v 0.57725109168754851 0.34845439939946277 0
v 0.56924003285924174 0.35695543048923933 0
v 0.23035429809337082 0.25784412478796509 0
v 0.52519612673419058 0.14405662545358539 0
v 0.11899618336174178 0.60974435637485769 0
v 0.091603376077687704 0.51904362126076853 0
v 0.29443639145064654 0.36469627891221967 0
v 0.28371647054180649 0.36213241958898662 0
v 0.28815386825846201 0.27100904819896721 0
v 0.26900175656998054 0.50523201053227651 0
v 0.7558694862885581 0.31873743005862964 0
v 0.74553580549728937 0.31168531225354257 0
v 0.15157006842820822 0.49023270408454311 0
v 0.66113675719356224 0.35122284240949642 0
v 0.11767310396889352 0.47193631954395721 0
v 0.19172441057155365 0.4186728919554919 0
v 0.28827341926809574 0.34336594760402572 0
v 0.12745188211271463 0.46442875195943872 0
v 0.36226433962597487 0.14745804487576641 0
v 0.35154013537527135 0.15036700534349226 0
v 0.34377233593599515 0.14244927363126941 0
v 0.72360591286716813 0.30479382241796693 0
v 0.73252697732769945 0.29874370200079342 0
v 0.25465413537620357 0.2145446465659783 0
v 0.62823351027247065 0.30564236170607445 0
v 0.35410711776850023 0.29798271592113867 0
v 0.34365452428507287 0.29551058659319079 0
v 0.3369139622491315 0.30410899841342343 0
v 0.46466313760600708 0.18101605196570747 0
v 0.4562139691742374 0.17311989535693587 0
v 0.45165949010920442 0.18471909590003138 0
v 0.44596466738303697 0.17476253675197309 0
v 0.27263722120183737 0.515823127725617 0
v 0.13065764082413645 0.37421748865103432 0
v 0.079410380146912138 0.61095457856056701 0
v 0.092212324887999506 0.52954919043519721 0
v 0.10118103042493978 0.52389104009188847 0
v 0.26565334951130437 0.52428392817975322 0
v 0.508814549508527 0.28642236268937277 0
v 0.51887651255109879 0.28280868705014972 0
v 0.51160129580276237 0.26388466289106216 0
v 0.38547137192046699 0.32537994139027349 0
v 0.32007590497637828 0.44913430299434781 0
v 0.64377642678162028 0.32652161717849509 0
v 0.25827897673571876 0.18099524248031018 0
v 0.2783984397174899 0.23813720380982031 0
v 0.46219594245380718 0.26369356356683332 0
v 0.46323062948417482 0.2518460436410912 0
v 0.46111818171373697 0.27535070220765123 0
v 0.34780044779419145 0.054056986912573643 0
v 0.098451372519671579 0.47310723466814447 0
v 0.2877031950271397 0.11952532288251652 0
v 0.075816444392339477 0.58974435503389921 0
v 0.33396579106803559 0.2927043618601779 0
v 0.34178633978974765 0.28331994338539551 0
v 0.53380211638694564 0.18343057882895081 0
v 0.403938799088986 0.14548972488279444 0
v 0.082623742803205655 0.62089416671372177 0
v 0.072955709630272841 0.61956425167131524 0
v 0.54052331559868716 0.20735589858048964 0
v 0.98175769621506848 0.40072129854003269 0
v 0.09170395546766566 0.48707981422037677 0
v 0.42391264268656509 0.049245162765192071 0
v 0.92083024807913705 0.33888284256122642 0
v 0.91032457173179282 0.34600682195889071 0
v 0.21347864829169141 0.27563028300710318 0
v 0.45091878082127168 0.25817993870901113 0
v 0.45362757075030968 0.24538432404787247 0
v 0.44189129987991194 0.24909738042434199 0
v 0.29780300435613638 0.068418708559871783 0
v 0.60728798006865881 0.3289351809193386 0
v 0.52079495338570292 0.16498475792956871 0
v 0.5127071720084897 0.17998482683230943 0
v 0.20346190028396854 0.29247370464871186 0
v 0.24399145612474771 0.083808270628150494 0
v 0.37095548736147183 0.25001373005835975 0
v 0.38215180845140573 0.24964458154168662 0
v 0.37624592238593962 0.23941684698424032 0
v 0.38833445060824245 0.23927581813780829 0
v 0.4154517001423409 0.14862511633236625 0
v 0.13476299546257459 0.42445930316636071 0
v 0.14160454163284614 0.41600363173993349 0
v 0.72291537829313679 0.27305269255031378 0
v 0.2253783814963041 0.30960805281196829 0
v 0.22916534049249584 0.32062674758591503 0
v 0.16540873735809625 0.29753995027166286 0
v 0.37212912067556003 0.1445185659364478 0
v 0.36755986666995311 0.070725608163108522 0
v 0.74993149039860785 0.30014898580586113 0
v 0.18118555835127403 0.58760388300720556 0
v 0.16277538291758054 0.59355192550837244 0
v 0.15179569416963407 0.59048287311582537 0
v 0.15487509115188416 0.60094130181998129 0
v 0.14426857844741905 0.59832736025688027 0
v 0.57943995063411202 0.35937902881088957 0
v 0.11914599693872063 0.31888910680956589 0
v 0.12785760868682061 0.32455861813163167 0
v 0.12798237892987621 0.33496203975752659 0
v 0.59111584073984247 0.15076292890824086 0
v 0.64971142430043405 0.20126855274066482 0
v 0.63806366878445508 0.20187968849267804 0
v 0.64420108171861157 0.21139912588563239 0
v 0.63169398910094388 0.1927071067595641 0
v 0.63295158987624189 0.2122559997386157 0
v 0.63929130845333437 0.22185494075163253 0
v 0.65052047745678943 0.22096865192303622 0
v 0.6453688942632303 0.23130889548903164 0
v 0.29580133982162016 0.13682041929971886 0
v 0.31018771693484803 0.04489482546235446 0
v 0.1569432053716642 0.46976995710462544 0
v 0.56623567418264908 0.38603030995865317 0
v 0.56382330672936487 0.37517495235627535 0
v 0.7334336181053398 0.30953066335187918 0
v 0.76803247538166941 0.28927859708253939 0
v 0.10017367995637111 0.56345759192770872 0
v 0.80118752827712547 0.32054231148785572 0
v 0.80250693835626263 0.33239504334593561 0
v 0.81273999007269271 0.33635306455891151 0
v 0.80427968147454432 0.34353922683436666 0
v 0.81491793403100132 0.34688179149955062 0
v 0.79450404884491577 0.34098878362585255 0
v 0.37561785604851783 0.35455508280345094 0
v 0.37074816949811862 0.34407858269332048 0
v 0.36280211176211441 0.35378804204729064 0
v 0.47369212320831211 0.24703860583446949 0
v 0.14855752830515173 0.60867531179796286 0
v 0.53462564997476314 0.15236931997852129 0
v 0.10207842833434558 0.53400097165047355 0
v 0.92095310190302693 0.35133683525692955 0
v 0.91180478347316785 0.35747431246628941 0
v 0.90104136902609988 0.35290049192043821 0
v 0.90271963627431062 0.3641356262759981 0
v 0.89248486824490758 0.35984103252201166 0
v 0.91244286007536657 0.36811221744147665 0
v 0.89406282191197095 0.36984707162682118 0
v 0.88388536489487202 0.36594232239852598 0
v 0.8823707700460921 0.35561356685060264 0
v 0.87377631660851951 0.36220773665647049 0
v 0.87234316422952052 0.3515743948006656 0
v 0.86380409898977695 0.35814468078596939 0
v 0.8759119485554866 0.37185787897471828 0
v 0.58988526011958198 0.33429541070391633 0
v 0.26457527834046907 0.097087481136948137 0
v 0.25428118320160131 0.081619414161658688 0
v 0.71171988642909945 0.27884428801149785 0
v 0.70369074588468128 0.27057081562591695 0
v 0.57210778344277879 0.36753117621797393 0
v 0.42764867676049301 0.088407799265303871 0
v 0.41640635862173192 0.092469817675217905 0
v 0.098416866002172282 0.57499626167421736 0
v 0.26809011029006746 0.17471405244666699 0
v 0.19127658342754564 0.29113272823472502 0
v 0.46298390257786892 0.087493921210196862 0
v 0.4621275015931402 0.098953851607455706 0
v 0.86142125854764595 0.34630461682355079 0
v 0.85389926877991373 0.35405465244243101 0
v 0.85531977941102311 0.36459667260416317 0
v 0.84537249477743059 0.36036257457735538 0
v 0.8435148790631235 0.34931890414905392 0
v 0.83515014769003093 0.35589592438600637 0
v 0.84769942758169592 0.37112217281741233 0
v 0.35853034161637665 0.24961263160596159 0
v 0.35200987975377751 0.26044230065702478 0
v 0.84350500014924934 0.33722860910595082 0
v 0.93942880424695652 0.36866358828232054 0
v 0.93515499117997414 0.38029090340493338 0
v 0.94261652025451692 0.39037009359027852 0
v 0.93037311282657298 0.39164209908949715 0
v 0.9246035227580125 0.38056865887006036 0
v 0.95545264727893264 0.39126268731733821 0
v 0.96399691523848097 0.39741742645257611 0
v 0.41736573955827089 0.079868877941971797 0
v 0.83358456504060052 0.3440378151466319 0
v 0.14460491826978539 0.46905728801118746 0
v 0.32372710984132635 0.46057227580474358 0
v 0.33416198478993303 0.034787505445435879 0
v 0.58749744301251783 0.3449701350488058 0
v 0.27275481741711027 0.53533806339183188 0
v 0.29792637065526606 0.50082127506669338 0
v 0.29142766087874572 0.5095366611429728 0
v 0.29420709590379934 0.51996224010577163 0
v 0.60045739933901188 0.1567369437567655 0
v 0.60817452553179674 0.15214925988961722 0
v 0.49540127792300326 0.25639803310881604 0
v 0.44505128149936912 0.23614671846303628 0
v 0.43291994866882522 0.24136940788973962 0
v 0.43452673869900227 0.23100923905030149 0
v 0.42308102076027049 0.23241626660340786 0
v 0.9287621545214626 0.37010117052523583 0
v 0.10757732293530424 0.4796071551956228 0
v 0.42164226399862631 0.068548130915995376 0
v 0.52959656765393792 0.17236525017354254 0
v 0.34030949091820034 0.43830537810187092 0
v 0.63037855480489291 0.1734075208715708 0
v 0.24726026209818786 0.31459708403108988 0
v 0.15955288507882709 0.31428077184187986 0
v 0.14111237991688222 0.5878021047171883 0
v 0.88082018348543034 0.34499481637069807 0
v 0.31866835446148073 0.025570572207731714 0
v 0.55559821796236475 0.20115797312663766 0
v 0.43050072185938748 0.024315446017578971 0
v 0.2588811481732386 0.20278614481549495 0
v 0.62781215648821131 0.33201127530050578 0
v 0.36921738705647189 0.36427649563647063 0
v 0.35846044203126071 0.36644443328736076 0
v 0.35409147500452698 0.3776337916210496 0
v 0.34604357708126948 0.36779324086161103 0
v 0.34331923519818641 0.37970339815123438 0
v 0.67428991147203743 0.23113954875863704 0
v 0.67163543361097411 0.24311980410496159 0
v 0.68046168561443632 0.25214962327054991 0
v 0.66875929899523145 0.25476886546803329 0
v 0.67701711935617803 0.26322336715034356 0
v 0.66056729122557623 0.24655583409477866 0
v 0.66622148812189708 0.2659655193945939 0
v 0.67352968857012441 0.27384090237917685 0
v 0.68391350473690149 0.27149120598898763 0
v 0.68038945236233916 0.28186214511068369 0
v 0.69033514145810837 0.28072296032241484 0
v 0.6928502177112339 0.2492631199915803 0
v 0.70176116946631883 0.25955944120436097 0
v 0.66285598959013103 0.23523753427542987 0
v 0.66355620712324825 0.32281700603390401 0
v 0.56882984834122985 0.15053197207462704 0
v 0.11066773678546128 0.52882495719563105 0
v 0.11052816004666408 0.53917688879962511 0
v 0.17401990133271222 0.59590291271945017 0
v 0.084789031614170118 0.58659805629390482 0
v 0.4219500520069645 0.24624422634817117 0
v 0.41196794774727202 0.23935871367966963 0
v 0.18512123230460625 0.5991481846501574 0
v 0.19099652032528036 0.58013740308927808 0
v 0.20309184728081703 0.58138193734468202 0
v 0.36501980731070682 0.059223724554250512 0
v 0.64991494555057894 0.31931446909388006 0
v 0.68820915196481214 0.26099429025016774 0
v 0.32874311341811668 0.44119832847393881 0
v 0.30956688246956288 0.50207036229939828 0
v 0.15608136224769653 0.57123480020278594 0
v 0.47196582715427149 0.10569990172319757 0
v 0.79664781949370389 0.35178868220760834 0
v 0.61303736758363181 0.16737906826579668 0
v 0.43974066281689983 0.083699246586690479 0
v 0.45204947384189897 0.081840662962791258 0
v 0.30436850598341364 0.076457521985866556 0
v 0.31430062878987891 0.073583071124739677 0
v 0.32162857081754287 0.080686116627651405 0
v 0.90258017252604861 0.39595425282942959 0
v 0.89965363679434696 0.38537533967419035 0
v 0.88908658101796201 0.38361231341836066 0
v 0.90968687077061128 0.38755307465384781 0
v 0.30524875220783976 0.49182355276465539 0
v 0.092925176170732107 0.6235202880681322 0
v 0.31723206580102209 0.43859787629234021 0
v 0.30652776773885448 0.43617884775901949 0
v 0.12304088590562742 0.3813676966780058 0
v 0.37411643561576469 0.052158167296688179 0
v 0.37755050867771112 0.33468469516046095 0
v 0.53075957665686835 0.33190611342919812 0
v 0.41203995938435845 0.25143841324911687 0
v 0.40104339242665921 0.2444687376239964 0
v 0.40076781244844284 0.23348987627042872 0
v 0.3915292806144296 0.22666172428288023 0
v 0.67031613148784319 0.2839974205500756 0
v 0.68496275669285467 0.29107443584887782 0
v 0.70023229690633015 0.27981045980047203 0
v 0.1693712676869833 0.34502527750241663 0
v 0.13361059925299207 0.59507737936859895 0
v 0.57345769143086689 0.21486121059084096 0
v 0.083825176519014957 0.5349922781608385 0
v 0.36638039031929187 0.33281071265953777 0
v 0.15358367290863117 0.38876258596244312 0
v 0.14630922478172237 0.39641789176078374 0
v 0.13594074249509944 0.39396945048289811 0
v 0.13945395524882592 0.40430316079307965 0
v 0.56022337223358809 0.14253272430804292 0
v 0.55043463401495552 0.14382184002611462 0
v 0.66349669592412241 0.27627192280896151 0
v 0.35172881143809998 0.4063397815333718 0
v 0.34523625165006111 0.39763024171598138 0
v 0.34036377809147195 0.40743665631230314 0
v 0.33479950766795419 0.3992616859717148 0
v 0.057946936882516897 0.61060177293590012 0
v 0.052120680443184124 0.62032394977279059 0
v 0.08499819331533999 0.63218380598019353 0
v 0.29137421673264913 0.1571047427203679 0
v 0.25150795470052595 0.22450188272037691 0
v 0.25964741540433595 0.23464064775748733 0
v 0.24828530049936814 0.23768739798334279 0
v 0.23538525985450284 0.23609282855952041 0
v 0.62826354874599366 0.22295383402006846 0
v 0.7476258997201255 0.33247278034136796 0
v 0.12543812711442556 0.53471565674431187 0
v 0.25654764743674968 0.43388197100889259 0
v 0.65891375381661199 0.25802078905312631 0
v 0.64922292877635057 0.25130552605199946 0
v 0.088266262097298653 0.46825550372364189 0
v 0.25403427831130326 0.55039267491385802 0
v 0.24208924623801703 0.54722636142830416 0
v 0.23329734503625812 0.55357317527673722 0
v 0.77432536086320458 0.32394938862610628 0
v 0.78171664031949906 0.32957413221694476 0
v 0.77179526492226569 0.33514436190588798 0
v 0.53332121886151773 0.12943460435549886 0
v 0.11221357659970362 0.61754312043491089 0
v 0.43238714592569394 0.039362496968206262 0
v 0.57471224602412196 0.16085577813867061 0
v 0.1493098064733476 0.40736669427577077 0
v 0.53807679455091983 0.35231890981680053 0
v 0.11804098419157311 0.51236407892431191 0
v 0.26069042243770801 0.4151839961946025 0
v 0.25738814090193107 0.404536963738584 0
v 0.26814277614530019 0.40714845300213526 0
v 0.26485004639665316 0.39648766858217865 0
v 0.65038962186097649 0.35089249452239241 0
v 0.65402588730938571 0.33995314077167227 0
v 0.11896651954610456 0.34073367484318645 0
v 0.12877658739607689 0.3458974887637008 0
v 0.41709007519846619 0.30662561406530242 0
v 0.25217088779198654 0.29481300591551651 0
v 0.26390855815487485 0.2972671328630519 0
v 0.24000900564630034 0.32289746733813901 0
v 0.94865973700641604 0.40043920340429828 0
v 0.27378375259012006 0.45740642391353664 0
v 0.13576502940918161 0.53651380364446366 0
v 0.34257201447308216 0.42646418812027198 0
v 0.21418736976740921 0.3947055734421665 0
v 0.21095532914355991 0.38418849309783376 0
v 0.20026908746496191 0.38176385255572981 0
v 0.89088836944014127 0.34884669886049768 0
v 0.61935455528771755 0.17619030509186162 0
v 0.61462236884379462 0.18637516973754437 0
v 0.4908241344855534 0.10652937869808653 0
v 0.26861785061832699 0.27743968699202937 0
v 0.59676539811010398 0.32579725713506791 0
v 0.90410963078150319 0.37599580351845113 0
v 0.56164543626264085 0.24119405663962495 0
v 0.57241297544210323 0.2437267421780096 0
v 0.56488336463182043 0.25176943682248065 0
v 0.57567411096033583 0.25415078463580965 0
v 0.56807250292551037 0.26228891601421572 0
v 0.58555575601306764 0.24661714209004099 0
v 0.58530675159584233 0.25700197431019373 0
v 0.49852828187561521 0.29108504984839279 0
v 0.50899200676922185 0.29820905956197036 0
v 0.15952727884876525 0.48093100234332964 0
v 0.16777162118881905 0.47225310599797471 0
v 0.3844664824975661 0.056474558692225632 0
v 0.27564553575895206 0.39920486355986351 0
v 0.27231610660311478 0.38842337267789762 0
v 0.26160651539483526 0.38597252667640297 0
v 0.26907199803569842 0.3780553052465121 0
v 0.35830475633555248 0.27024611771665086 0
v 0.35311019393813614 0.28011346007193383 0
v 0.34640057352579157 0.27118033141446329 0
v 0.33492149563055484 0.27347524493828013 0
v 0.29908115558101533 0.16421050937386464 0
v 0.63835833430836875 0.30798148368405631 0
v 0.6356531267805311 0.29799022689239379 0
v 0.64792272512981031 0.30592043253516527 0
v 0.26945131401302413 0.2013393513551959 0
v 0.62686681039217007 0.20355500601134704 0
v 0.16372321238614043 0.56299431737621242 0
v 0.22173913397110651 0.29871136551739619 0
v 0.12582616993983478 0.45325283915832398 0
v 0.12590054077985882 0.44300555056779883 0
v 0.13512796553879841 0.44745593566275121 0
v 0.46463088339466696 0.24051495086683189 0
v 0.3368663190727349 0.095501249588343939 0
v 0.15234716118264349 0.41833300869762319 0
v 0.82537872206196627 0.3511111187001103 0
v 0.82548622517406578 0.36236724564654921 0
v 0.63671035845610258 0.18283902087362014 0
v 0.091309700613921616 0.5084482096178925 0
v 0.51466862567866678 0.22048706331046714 0
v 0.23501167147675722 0.56489453549526236 0
v 0.22373435677372877 0.55998828428845726 0
v 0.22228305918192184 0.54742479741190697 0
v 0.22174693246549604 0.38664038258317268 0
v 0.15240379682414318 0.32203662196359406 0
v 0.14911287300988227 0.31210095851382319 0
v 0.14257217996948954 0.3205839523774266 0
v 0.36850079829005555 0.081677576816198472 0
v 0.36984391419300849 0.092022828958950101 0
v 0.3154908991805333 0.46757035496024307 0
v 0.31911730387383774 0.47745786153522202 0
v 0.41966753168385851 0.18838104317592277 0
v 0.4272522001289395 0.17948519451136993 0
v 0.40820764966483769 0.18589528159410532 0
v 0.55726361884256859 0.25994812966098912 0
v 0.56939189518420552 0.1710131462392826 0
v 0.21756026859560401 0.40522403221873404 0
v 0.21471628107651 0.58015301553414655 0
v 0.18749206910794286 0.33962848207174084 0
v 0.54150993543003334 0.3336572371253016 0
v 0.87122359303203023 0.3410330703385942 0
v 0.12087932478497145 0.55284689983335022 0
v 0.55079984457408282 0.23878456495964961 0
v 0.35273370169139412 0.17355776870492351 0
v 0.34516878917421462 0.18186754186017579 0
v 0.34829772060104192 0.19254022092008005 0
v 0.33685403782239065 0.19006681885182514 0
v 0.34230199866791666 0.17202900972657426 0
v 0.34036867990732117 0.20089651003700595 0
v 0.32918604918108785 0.19832906883324386 0
v 0.16542144867691455 0.36355399068100158 0
v 0.55213159430357583 0.30716003627685523 0
v 0.55558510089904345 0.31720888238481304 0
v 0.55946195381705022 0.29916180890905086 0
v 0.57009446757366844 0.30139709154165217 0
v 0.26264543592098044 0.3568081047325754 0
v 0.61689333647467059 0.27204927610317881 0
v 0.60624798826285575 0.27284543712511644 0
v 0.61212862933229284 0.28319551684756639 0
v 0.60018317195005899 0.26418196774057978 0
v 0.59532308980616366 0.27355716277314657 0
v 0.62325651391272274 0.28092154543695635 0
v 0.61995698314524006 0.29101667660413322 0
v 0.19354320333948799 0.52935916644574099 0
v 0.2896205278968057 0.23822504439835795 0
v 0.30172541803869335 0.31548563959178139 0
v 0.30958888389588851 0.30696779072289393 0
v 0.31984717990826633 0.31011683565781684 0
v 0.31223213556386858 0.31845473165334637 0
v 0.37035613653706495 0.29035656526732323 0
v 0.60468190171945813 0.25408361978135774 0
v 0.44258251098584622 0.19353622014325236 0
v 0.2382869194135879 0.43943410961420448 0
v 0.14855685154578946 0.57929458626384023 0
v 0.76185526560281591 0.29809705111696988 0
v 0.74121716437059171 0.29141275853889909 0
v 0.28117352740258938 0.44941170971371935 0
v 0.2917690634625425 0.45197359388980562 0
v 0.29598495884138959 0.43334470343288189 0
v 0.27205478998590577 0.28862341109292811 0
v 0.4182297036311417 0.29346407278362752 0
v 0.57872654510798605 0.26470936654836646 0
v 0.2664008148175725 0.46549204872239119 0
v 0.35928952413192949 0.19514944513747301 0
v 0.30471880062932649 0.14331693432412962 0
v 0.29813136428943238 0.12441836138119697 0
v 0.45679206681727857 0.13167421455846429 0
v 0.18484504270640356 0.29966922062321522 0
v 0.47711741600290064 0.20180544354275437 0
v 0.47353365777526601 0.19015837596730617 0
v 0.48494176508253106 0.18580205158204957 0
v 0.21854404699518615 0.37607197749796223 0
v 0.34929219122119748 0.16180071358194628 0
v 0.82111623499138198 0.32908077675047576 0
v 0.20129099936272921 0.45073494480960785 0
v 0.19049483776411105 0.44787659867996532 0
v 0.19815406218287737 0.43998610882162192 0
v 0.51082712791864193 0.11844879310788117 0
v 0.50093369538691246 0.12368987181655924 0
v 0.22611005149708449 0.36800390954649753 0
v 0.35259215202223576 0.043964772826608212 0
v 0.28715342628374707 0.37278101224011584 0
v 0.48391516406799956 0.25456068803218873 0
v 0.45964108570126527 0.12076538104797771 0
v 0.24575994644381807 0.43132688884971238 0
v 0.025894065943527809 0.62914172188634654 0
v 0.3319499731341744 0.077367558602194811 0
v 0.18007334104702838 0.34759034485098228 0
v 0.44817734211209498 0.16476053805459473 0
v 0.43600485850465026 0.16971558324007863 0
v 0.38650304684350789 0.13074791820122872 0
v 0.39492869190265434 0.13775819433083369 0
v 0.22031484794071182 0.51474073817295551 0
v 0.21692828056149194 0.50375240917635866 0
v 0.22487133131746068 0.4954028427635675 0
v 0.92424571094497887 0.40201567060595128 0
v 0.55884367444365068 0.35486398562775934 0
v 0.33073913728888565 0.38242073753981498 0
v 0.26556890840816505 0.49467180655307119 0
v 0.13388352632977699 0.35574782892056517 0
v 0.14313482463454957 0.52824352944261155 0
v 0.34240454120864305 0.35589771411771598 0
v 0.12394536820424579 0.61976823680068494 0
v 0.57138729501064511 0.27285063739072379 0
v 0.87113829642313023 0.38779183797276706 0
v 0.85043948984159545 0.38195407977856077 0
v 0.38418585576506259 0.10148058982096474 0
v 0.61803608625430362 0.30167268776182476 0
v 0.34039811349982596 0.31513983471780521 0
v 0.20468305030034595 0.36304919454574436 0
v 0.38836843195012294 0.25992805296211058 0
v 0.4887756217704492 0.20398152893616248 0
v 0.32783688200777528 0.22867388851087284 0
v 0.31689809047383177 0.22631429271907325 0
v 0.32478228473569282 0.21800421626093069 0
v 0.33574564332393764 0.2203458543457481 0
v 0.33228215488086082 0.20938432121687742 0
v 0.32230499138775737 0.20779507983563142 0
v 0.30907253762032388 0.23473254433798002 0
v 0.30492850314175479 0.22318518889175548 0
v 0.25243754740784241 0.32487986695514959 0
v 0.27632663541680824 0.49682887471585924 0
v 0.19284304252204523 0.3895466057239379 0
v 0.59791105848736992 0.29837004364465486 0
v 0.60445966368658999 0.29111990197303017 0
v 0.18799987886603275 0.50840644523166623 0
v 0.24905896160897839 0.44193837314804951 0
v 0.39415989610023155 0.29145107859994024 0
v 0.38785407876524602 0.3026770504222438 0
v 0.39935777147350893 0.30286101684716321 0
v 0.31210915696978869 0.24556024049670894 0
v 0.60554384410403728 0.20640131119613706 0
v 0.4973232142058 0.30225979646034795 0
v 0.50599883401696322 0.30922946144271857 0
v 0.51721224021542667 0.13610026969772693 0
v 0.3318461005374323 0.42232497241900974 0
v 0.30536543236761116 0.36713002079158541 0
v 0.28334229464323302 0.51784229043798469 0
v 0.20897064443568772 0.44258223716698525 0
v 0.23737164463065424 0.46868672815190704 0
v 0.48424291170318734 0.14468581507321635 0
v 0.49540260738964004 0.14151027564557103 0
v 0.20782821035741522 0.3736120650023399 0
v 0.59126129414374506 0.23610643066450612 0
v 0.45422190557975056 0.19659217211136487 0
v 0.11087071033386156 0.54970181803175033 0
v 0.18830349262593621 0.31035816846823772 0
v 0.22086371873435978 0.41575797682733906 0
v 0.12303851444035319 0.40446467017324805 0
v 0.14534517529747731 0.56823347513927591 0
v 0.38582230434837506 0.18100005770674693 0
v 0.17677099364437771 0.33710171883192058 0
v 0.24665604604397301 0.40207404028002564 0
v 0.25513113286730071 0.36487351311552652 0
v 0.29948905836674594 0.2735957706824409 0
v 0.59285673037452202 0.18826286193517189 0
v 0.25837469518038408 0.37544897638842373 0
v 0.18855436654397012 0.40817558927226694 0
v 0.48962866298724961 0.12392735609157376 0
v 0.33475365710546623 0.36392649444695158 0
v 0.13060006890848552 0.58426858111850377 0
v 0.40238522676825683 0.10499481011016613 0
v 0.31485414293225084 0.39879892354557739 0
v 0.39787412806070371 0.082906562400208023 0
v 0.39930768018791851 0.093918684967558369 0
v 0.16049526488053245 0.55209052698408123 0
v 0.25413575558264351 0.39401979089274525 0
v 0.34665823099084658 0.13180407910503064 0
v 0.40763493216085045 0.216497184000226 0
v 0.26676627920737228 0.13760310822523616 0
v 0.31024718112949867 0.1220353509733187 0
v 0.52683208494787193 0.29085238321968437 0
v 0.41890475732289278 0.15865620126952323 0
v 0.16205548878440967 0.35291943465045716 0
v 0.45919487311636203 0.16194600972837211 0
v 0.04317550861308319 0.63985524877318078 0
v 0.048624162054866915 0.63011159162987496 0
v 0.058191183147992404 0.62928301486201699 0
v 0.10082554955541674 0.61561183700815625 0
v 0.2799008241336946 0.19874122157165144 0
v 0.48670022956406811 0.30664240831316691 0
v 0.26443402204989264 0.086081666563054438 0
v 0.27807863628932777 0.10127174124905951 0
v 0.26398760827141743 0.42581848014518747 0
v 0.14396165658640808 0.49878696716109322 0
v 0.30758433657318579 0.40681767041077121 0
v 0.27888375080216077 0.40978961967454719 0
v 0.50469105930330782 0.18718589080006476 0
v 0.11934069303347553 0.48308211458732569 0
v 0.26575639493983361 0.36742952607385937 0
v 0.36275028734456938 0.10768560660687304 0
v 0.3515052756679331 0.20348123660922324 0
v 0.27707909307919082 0.46797682459941914 0
v 0.23592564508645775 0.49794052882428186 0
v 0.23273280329447704 0.48716380337352588 0
v 0.29619520045537118 0.17469678388342624 0
v 0.18972169234945813 0.37903271212122569 0
v 0.42332590993753882 0.16865564204247718 0
v 0.56643228492011377 0.19966090161037489 0
v 0.36908552418749596 0.22987472403078835 0
v 0.21888366848965207 0.47455725174024815 0
v 0.19493521863409452 0.42926484001057791 0
v 0.88173440855641172 0.39077692700555788 0
v 0.44859337657717024 0.12387307363624855 0
v 0.16931801316650358 0.44226085228431883 0
v 0.36896234534625616 0.15604007407294848 0
v 0.42167812782526315 0.11113800366229706 0
v 0.2264859499300016 0.46629273899606194 0
v 0.30839134006467939 0.20042272744909667 0
v 0.20353636688346483 0.49141978454908664 0
v 0.36039146816381618 0.38654894545195667 0
v 0.29162944265634499 0.2821889756705071 0
v 0.25088475952900802 0.38348449436119336 0
v 0.56051295254410527 0.27041796131286455 0
v 0.26458714117693516 0.14799054537312295 0
v 0.52993814098925118 0.20424932471924451 0
v 0.10190356459029068 0.58625086805600746 0
v 0.86550094212755202 0.36821677390948726 0
v 0.16261016754304411 0.49247118756596131 0
v 0.38418105340645126 0.21094681131309689 0
v 0.33405167151434362 0.10601816367786682 0
v 0.31738134447384836 0.34012586598594952 0
v 0.54561645831451422 0.15371780386245273 0
v 0.28542701304486812 0.33244869985019243 0
v 0.56275476478745667 0.30932924827651698 0
v 0.52569014440249151 0.22316789851880958 0
v 0.37561782971518981 0.13368266392525011 0
v 0.23786288436073511 0.34134901083940944 0
v 0.44013143342248218 0.15712999851187198 0
v 0.27855589835170946 0.11298708200920765 0
v 0.63066848198621883 0.2425613259640044 0
v 0.25405203887767058 0.52204947032599791 0
v 0.32460308254388126 0.18718943596769266 0
v 0.3275301077466688 0.16534718264229895 0
v 0.33277989773161426 0.32362825988618038 0
v 0.53507178961198343 0.28407843942370314 0
v 0.39346347642266022 0.17264936145287924 0
v 0.21636149142120478 0.33665078808949001 0
v 0.079697454101971127 0.56899603291445233 0
v 0.57361472586019491 0.31146217111485563 0
v 0.33417710316400467 0.45905603000781026 0
v 0.25539863270568453 0.30597912203026578 0
v 0.65684496101085466 0.21109232097986477 0
v 0.13786107948074516 0.33800586667284627 0
v 0.48768602301189667 0.23481397262731252 0
v 0.61802791817376856 0.33013213574933081 0
v 0.60376782350486802 0.18731434899470348 0
v 0.29598420066708608 0.10689992274235598 0
v 0.51355215680177746 0.25211058293980454 0
v 0.27670281858983703 0.26841973032573374 0
v 0.54498296977403182 0.3442639878881687 0
v 0.53868153177470413 0.19456593570642566 0
v 0.35497564359755984 0.060927729966613553 0
v 0.17235056718821989 0.52499837169296582 0
v 0.15491736835089018 0.50104252614760836 0
v 0.52492317180945025 0.25274994191542777 0
v 0.297902086722593 0.37525316894068128 0
v 0.39288617657120178 0.31496658129297139 0
v 0.41365443483671266 0.10335390170711174 0
v 0.15779335120322008 0.37087317912584505 0
v 0.5212228571792763 0.27144135103842187 0
v 0.29913962780102082 0.44404414502457118 0
v 0.78019632097007574 0.29074042214519463 0
v 0.087181193171353435 0.57661235043800196 0
v 0.46999432056877699 0.28198679759783923 0
v 0.53775918114518095 0.32321761108531732 0
v 0.24058826639379041 0.47917934754231872 0
v 0.28018811601915333 0.2797308696591449 0
v 0.32429199832401656 0.070087483083328281 0
v 0.33616971145744579 0.13456451996711896 0
v 0.60996531547463806 0.19631037367569226 0
v 0.30443582899858312 0.32670912119322615 0
v 0.23893036194521122 0.24762862293804735 0
v 0.72715307171212107 0.32399724822395048 0
v 0.55939199298095632 0.32699748887159646 0
v 0.82319920490059872 0.34003008229171172 0
v 0.60487469566452601 0.33773739709581996 0
v 0.21284126463339073 0.32626673725824434 0
v 0.53231264430231606 0.27353624148314326 0
v 0.18740917186897188 0.43722518497060864 0
v 0.16107048139261515 0.38136212334932307 0
v 0.28311897827549831 0.39129831969755891 0
v 0.2679506926514767 0.30804135880636785 0
v 0.25746235665532863 0.53285828328313245 0
v 0.40457548657736864 0.17507039646542763 0
v 0.23387811897897687 0.26948699118650199 0
v 0.64278874188940893 0.26066246715226199 0
v 0.27994881242328662 0.50736522650136107 0
v 0.066691421647632254 0.49017592730100945 0
v 0.076975147176762015 0.49145867213583039 0
v 0.61267742880066245 0.14326164610639697 0
v 0.46143779379877725 0.1099223479493896 0
v 0.33329924334286903 0.14488216864199094 0
v 0.68061228161085929 0.30152082820838627 0
v 0.64169483844899688 0.24145489976991844 0
v 0.27562437921958 0.29961853148737511 0
v 0.54900519980590989 0.35492268138921468 0
v 0.18542057418933114 0.39746793786726631 0
v 0.52235796151238945 0.21218147628747008 0
v 0.43461891669786856 0.014149821033841672 0
v 0.3761641038837707 0.30160944217588082 0
v 0.17859374302631195 0.4748132786000312 0
v 0.65401929864168307 0.32771845582364878 0
v 0.21480758827919122 0.56750741030955554 0
v 0.064610833393665842 0.63753914445352344 0
v 0.61601252641756798 0.20510270456649921 0
v 0.27312335706278484 0.35939448605781382 0
v 0.4871091937289509 0.17482228179400472 0
v 0.34117565872934486 0.15290234543003589 0
v 0.30891565555271616 0.055888853853569107 0
v 0.13708944199735612 0.60688589209768706 0
v 0.1810500609313534 0.41581429257806113 0
v 0.2421782286911143 0.26045995445219899 0
v 0.27972592452070766 0.38065305661998128 0
v 0.41585912270434799 0.17737156675245858 0
v 0.50957481919676317 0.1696009692212036 0
v 0.15667164646890377 0.39931498505356805 0
v 0.89849573916025816 0.34134816595902706 0
v 0.34992798547651616 0.387932864883623 0
v 0.17989637354440974 0.44503756168304798 0
v 0.18422306354031193 0.42642435429096415 0
v 0.27642459523076296 0.37007430097121141 0
v 0.075279693449648161 0.60070112901591877 0
v 0.56216400453736326 0.36481405485317409 0
v 0.28061565655180276 0.3514183622424244 0
v 0.3890416786719274 0.33581581290659851 0
v 0.082629921808324902 0.50182739130520326 0
v 0.98255278378760202 0.41054807025703149 0
v 0.22975949198395515 0.47674275004209776 0
v 0.42310850799790456 0.14114392348146357 0
v 0.11891668145005306 0.35102258235410694 0
v 0.76378665537635082 0.32645497943808177 0
v 0.18769344961970119 0.28103501888019683 0
v 0.033930849554275833 0.63535456313651884 0
v 0.58870461316524614 0.36304865063262709 0
v 0.31895503212209386 0.091188582805818152 0
v 0.20705377586527013 0.26552357184274905 0
v 0.13095969202627245 0.41236289631355871 0
v 0.45932516833340592 0.28667896062314219 0
v 0.43724659352746525 0.25977972383505887 0
v 0.70698784101515211 0.31508675610079018 0
v 0.27767791024352639 0.34062705230047452 0
v 0.35959541987953997 0.34228008421065115 0
v 0.33914475326665783 0.38950353920364866 0
v 0.12611354486192033 0.60238827658178073 0
v 0.3006830878963157 0.040819297326070238 0
v 0.57997591200881748 0.23505943576483682 0
v 0.65242068099068551 0.23919371748639862 0
v 0.12829735082507104 0.31398781646017021 0
v 0.114363195718134 0.43854459915126254 0
v 0.3839155434060364 0.14221942894433801 0
v 0.22202760007725081 0.4850237378641532 0
v 0.3292223831988832 0.088033993032122018 0
v 0.80746151926327381 0.35378990783866349 0
v 0.35221481032993157 0.35816466653440959 0
v 0.48174311822253657 0.10094685885875104 0
v 0.18290162827591297 0.45566820805792457 0
v 0.20511168118281486 0.28241549517553199 0
v 0.30117867180844404 0.4824892778522572 0
v 0.58892433722314841 0.26639179642935507 0
v 0.4504208098757948 0.27939716219513122 0
v 0.57450058760862743 0.37828694180002476 0
v 0.4642744053726503 0.22928348186515971 0
v 0.61777488083896492 0.22432070947641425 0
v 0.29613002826394264 0.33517169398531654 0
v 0.18615283121957527 0.46664925107892313 0
v 0.52976368612757818 0.16191263675405296 0
v 0.63752979190156156 0.33371991704628845 0
v 0.49553048069848593 0.18198677856865655 0
v 0.13377949526798583 0.38351888256372829 0
v 0.18309998992770493 0.52718995549989422 0
v 0.19380118703503982 0.56057403682705975 0
v 0.18984267299165605 0.54906014508919609 0
v 0.24424687294531941 0.21240433909825257 0
v 0.73060492981848046 0.28969269890070642 0
v 0.18633054590552039 0.53780087217901285 0
v 0.65383240211395821 0.27786181573954821 0
v 0.54842164106959657 0.32489498863975935 0
v 0.21429993133836739 0.49337966483030138 0
v 0.63489629037347706 0.23226406192579052 0
v 0.31204735860718891 0.48433460884284985 0
v 0.40761684362078454 0.086617068077753129 0
v 0.27283155170573475 0.15425482524880035 0
v 0.40511630810451893 0.13478613571632786 0
v 0.41037306264568918 0.2273007270609945 0
v 0.19072077964978087 0.51877241653585004 0
v 0.12711412790348464 0.4757745747904365 0
v 0.30999228522597305 0.021373826384953571 0
v 0.19854362013534221 0.51036312352231639 0
v 0.61699024918450573 0.15469963380112473 0
v 0.20638729405774481 0.50184280210668741 0
v 0.29384541380346552 0.14693972506591119 0
v 0.85775874923760798 0.37479938617596159 0
v 0.30730861781235141 0.066117922640169385 0
v 0.91958479330920229 0.39038184879315851 0
v 0.32499645700435154 0.40042293620610458 0
v 0.62547777438949992 0.18440170543929982 0
v 0.79185516305957615 0.32857235572099835 0
v 0.15788915317742061 0.61059359297041294 0
v 0.33496885188175779 0.17998133240469491 0
v 0.19863802692580271 0.57205951480320705 0
v 0.28178594299015575 0.22818135794131345 0
v 0.22261855953058474 0.26743384341041582 0
v 0.12114618042513692 0.37108468659915306 0
v 0.42915242419082611 0.15899027859493214 0
v 0.34608839760875199 0.25122286709446179 0
v 0.72206505675692889 0.28432474290146043 0
v 0.57586292611390011 0.22450120013828012 0
v 0.23395760103561725 0.33130277088386983 0
v 0.31826659409034908 0.19856302630131831 0
v 0.65783884095353384 0.36009422282199877 0
v 0.84004394363634349 0.37784352676349037 0
v 0.2232254097206488 0.32893092223711418 0
v 0.31471116675853816 0.32941646780500233 0
v 0.62077313076976903 0.19474201103165781 0
v 0.53475095231903191 0.14063997767472847 0
v 0.068116770521738673 0.62846071442168561 0
v 0.58003354592397882 0.15159508162674021 0
v 0.62225308571218474 0.2139418120429292 0
v 0.60067918175340518 0.28174457712133405 0
v 0.35933474017487416 0.077053868283725818 0
v 0.2704784382487031 0.2306761677822215 0
v 0.94284023244713389 0.40929445325671954 0
v 0.55112554522467128 0.21011453064943433 0
v 0.13663089314099747 0.46308497708850133 0
v 0.92099094839330764 0.36286986068355059 0
v 0.39654121420815758 0.32571943546206228 0
v 0.97268303594522842 0.39816196120596448 0
v 0.283128550086438 0.15063535330354372 0
v 0.32242736807488692 0.32117764485054767 0
v 0.66406750546179694 0.34210586330291598 0
v 0.44306551189782567 0.22414597933405334 0
v 0.016482603733759343 0.64045747843372314 0
v 0.10945201449610061 0.51857304710908203 0
v 0.27616277032574027 0.52447132467816171 0
v 0.38069948155274824 0.22918949461617047 0
v 0.74650600521915911 0.3228022506361552 0
v 0.71544118361383613 0.30972300130227859 0
v 0.28264584019612388 0.092853290997541527 0
v 0.33757096642679185 0.16289001523006985 0
v 0.96194161272599099 0.41276668950649903 0
v 0.42990993977848224 0.2213302412990345 0
v 0.91446658271477443 0.37843518539205334 0
v 0.32265100787892886 0.48554110293848735 0
v 0.10230984247423489 0.5538313316421577 0
v 0.1073238058565045 0.56964014557395926 0
v 0.34069214476529708 0.046411847390992286 0
v 0.12697681485323647 0.43289469651626605 0
v 0.39216459046822999 0.25033823260355087 0
v 0.13597441357619786 0.32850722512392055 0
v 0.25769903649804543 0.24451325834238338 0
v 0.69362582969079978 0.27034298803500501 0
v 0.2599438289705831 0.1687472056371862 0
v 0.36461303870689288 0.29976365618759077 0
v 0.87844579214543184 0.38115535734068123 0
v 0.43822690482586063 0.18253107359890319 0
v 0.063224036934620434 0.61963447382761461 0
v 0.24874919582417412 0.20320680179473088 0
v 0.79031128376110793 0.28843342905972358 0
v 0.82011188689538583 0.37111426920553559 0
v 0.8372444445424333 0.36624361447016551 0
v 0.62630021090555754 0.2970600206920474 0
v 0.42535514535517294 0.059200361060532163 0
v 0.9910951016404097 0.4029092347629159 0
v 0.42647510504613023 0.30176276303570571 0
v 0.45316590183606342 0.10241907176039103 0
v 0.41273689913457634 0.26186629035451092 0
v 0.32987830791786249 0.3126574415074207 0
v 0.86819688264688111 0.37812564934987702 0
v 0.51117135707695116 0.12810279699289259 0
v 0.31481405915770372 0.21630864706945019 0
v 0.095360856740974193 0.632409169943283 0
v 0.16670268991791065 0.30746986180904823 0
v 0.2695147537336558 0.10759859174043211 0
v 0.29944430133387073 0.23296671308887912 0
v 0.093104302551959603 0.58365109547262417 0
v 0.74514475465444718 0.28129411355817041 0
v 0.27031490378812184 0.16443303276892002 0
v 0.33633804377180437 0.37313519097253556 0
v 0.17805682297813677 0.60490922755365861 0
v 0.50450026755430299 0.25797256044890576 0
v 0.87863325264984293 0.33596101798344252 0
v 0.72557222251671516 0.31430564295601732 0
v 0.12830716692545296 0.61119154579154089 0
v 0.12809975603732962 0.36389090797759349 0
v 0.26322855835169001 0.19213218342331179 0
v 0.3243209884174284 0.28952268037014711 0
v 0.33360913252049035 0.43166980489317797 0
v 0.54371689936627654 0.18336726318230501 0
v 0.74052851184504176 0.30361137106893016 0
v 0.32699343387279828 0.30123251854473093 0
v 0.11895232119290247 0.54281627791543319 0
v 0.09942274248079816 0.51373303116740621 0
v 0.14615061626554593 0.30362222491076685 0
v 0.59485679403425373 0.25451555101947371 0
v 0.23837916660645753 0.53789331838695009 0
v 0.8635527527053608 0.33671474816923674 0
v 0.072204158331598045 0.48142769638082117 0
v 0.25107342180984227 0.54043616475961587 0
v 0.35653860312925179 0.052597616330417242 0
v 0.85148341185455811 0.34508452965837844 0
v 0.51681855060721515 0.29157476287010115 0
v 0.090255448209590819 0.4776076188297026 0
v 0.65712790059089343 0.26862653178821166 0
v 0.35874110448384566 0.15614159814322692 0
v 0.32877699865693522 0.4517413529050604 0
v 0.81699954924352114 0.35562612699379148 0
v 0.31270204758450038 0.033848611095679139 0
v 0.35900340332717079 0.28912498089673233 0
v 0.21923724866942423 0.31825247123178618 0
v 0.40054983766200492 0.22330112245046019 0
v 0.54103154247844143 0.36060598670868027 0
v 0.33155853364400178 0.28305379374564477 0
v 0.1756404318793911 0.29771026886065338 0
v 0.73685427934794812 0.31827171902862245 0
v 0.33870217477928544 0.41619604348213374 0
v 0.12453688017249742 0.42215301396450233 0
v 0.3638309419750293 0.098737301573975492 0
v 0.2873143615520149 0.10891853169377894 0
v 0.48471806443005644 0.19532808450909506 0
v 0.24397551777219362 0.075446122733405896 0
v 0.51499338221022128 0.30734338739853734 0
v 0.43487698822968146 0.053225556889019171 0
v 0.37861212304637654 0.094444978150127395 0
v 0.55413331649656361 0.13577602665807986 0
v 0.068941987267839774 0.61058260565504907 0
v 0.13104911182233744 0.40103636146273769 0
v 0.50351057258643628 0.31828912734016601 0
v 0.99194224375222151 0.41155979433733991 0
v 0.043077620938138828 0.62131090936495681 0
v 0.35116364591370997 0.24262992393144289 0
v 0.21573393118923206 0.30745558602416512 0
v 0.11566945049157334 0.62568846545031764 0
v 0.034569873206236237 0.6435875207206917 0
v 0.10400406271349839 0.5444349731155339 0
v 0.40801047032183285 0.096249927361101967 0
v 0.58481966516005968 0.35280514726344536 0
v 0.48242902339872734 0.24279598585591872 0
v 0.76751419270030274 0.34350389107490031 0
v 0.46153000731674176 0.19024452357615787 0
v 0.68946059675933924 0.2981412217294957 0
v 0.43151415127085224 0.25107629052324099 0
v 0.9395120907228437 0.39967433519177498 0
v 0.39308637101862548 0.10037185985196737 0
v 0.51999137012971175 0.2606660706693919 0
v 0.30168007098483063 0.059627969265672702 0
v 0.076154043995868129 0.50793430953612706 0
v 0.58124736736266891 0.33957298862781382 0
v 0.2675152373387012 0.18384490716880747 0
v 0.68234023705951019 0.30987320204396096 0
v 0.89764686963281992 0.3320338282486332 0
v 0.8860302935297405 0.37508728647727629 0
v 0.21204852066779359 0.29685807598285252 0
v 0.4961812957232386 0.13245170619082422 0
v 0.45904454747893375 0.29649724794726673 0
v 0.92941871950212462 0.34711898652786777 0
v 0.093578836973391116 0.53869573170993834 0
v 0.32793829706182398 0.47756046762416837 0
v 0.60626085199312962 0.34511852359907147 0
v 0.62242522914712783 0.33825449400101332 0
v 0.64664958850286902 0.33412199942316495 0
v 0.78709467265848176 0.35020095276615082 0
v 0.018283875854205212 0.63302653754341287 0
v 0.65498856497802471 0.22977127890074894 0
v 0.076449513404462863 0.62724780911220634 0
v 0.58146530645626238 0.21784589331850224 0
v 0.80100322342126928 0.36031767917065144 0
v 0.4552958065120068 0.092991399133124375 0
v 0.32793314848975308 0.26794811473615238 0
v 0.14322040143475553 0.44424453555514232 0
v 0.29486896720709599 0.11508876358665249 0
v 0.12583242408035941 0.35518328654834908 0
v 0.45654272373652266 0.23579173575933068 0
v 0.59851675357138501 0.33382287334029226 0
v 0.45386639292964931 0.26867176072652937 0
v 0.55492502958816603 0.37126528288830862 0
v 0.32439463525002232 0.032077622563387254 0
v 0.58457189574965873 0.14362248038290329 0
v 0.54671670903588332 0.20050311629701814 0
v 0.95730812780189334 0.40328906425358879 0
v 0.79323473972021397 0.31629902197314841 0
v 0.50378176552170328 0.17849361063922153 0
v 0.60795574846886347 0.15967383490873857 0
v 0.59115066683997497 0.28088774700201341 0
v 0.10750494078735573 0.44669452469389648 0
v 0.25753027473611284 0.089648849621254217 0
v 0.2355466059776693 0.079932904273715175 0
v 0.61226973321239553 0.29396743503916561 0
v 0.20712686041652298 0.57288330212079286 0
v 0.57242489048282552 0.20617720863779138 0
v 0.49032518793667856 0.26392884823923679 0
v 0.097764664927682418 0.48141537201878165 0
v 0.32333180588532723 0.47052180798868354 0
v 0.082961609580122705 0.59503098650675801 0
v 0.56846319653438593 0.14049262469187024 0
v 0.41228972380847378 0.14030018314427606 0
v 0.412497705987525 0.06963125272453706 0
v 0.96695671252921367 0.40538421514912415 0
v 0.29673531322569219 0.52761387867360054 0
v 0.33080925304776543 0.39124859861991795 0
v 0.52746902789603411 0.28081500208706445 0
v 0.19633856992684673 0.28307338413151673 0
v 0.082703199615253395 0.48367124460795269 0
v 0.13417250074669182 0.45548365376164562 0
v 0.37825378735063436 0.15105874511904613 0
v 0.64686527903643221 0.31303133419624252 0
v 0.11695206727766508 0.53394180203916963 0
v 0.51948334202034374 0.17407394548703814 0
v 0.35946104132838608 0.067539320830605223 0
v 0.59342999617090841 0.16114317123657357 0
v 0.33355053747689656 0.17138079435172909 0
v 0.75534333781670404 0.327610492895265 0
v 0.97537403908952813 0.40562408817342127 0
v 0.65399583184213816 0.30200892604485957 0
v 0.38561960516846772 0.21972645862306919 0
v 0.42385718699775232 0.15120983074003658 0
v 0.13429060666630602 0.32031530838425931 0
v 0.40903740107878067 0.30053285662549617 0
v 0.23174613232629154 0.54447178840520505 0
v 0.65761219531919046 0.31823044509295662 0
v 0.42603279248200643 0.013263153410315583 0
v 0.78461599499733803 0.33911331978482806 0
v 0.52601309575571953 0.13509033723597363 0
v 0.54208800080780173 0.14540214964328921 0
v 0.13365244372845481 0.47045383147779235 0
v 0.65112031958487315 0.26163791776179257 0
v 0.89573500692914321 0.37851210956477138 0
v 0.098922220218975093 0.5055890229913117 0
v 0.49280063103381 0.11530618228596823 0
v 0.53916425694727854 0.17526498621137601 0
v 0.92022996798023404 0.37238965718365225 0
v 0.58168025646616428 0.37993868038759404 0
v 0.14378779032532549 0.61585124502982225 0
v 0.34968064759680501 0.28850136389560693 0
v 0.040435530128152458 0.63132837922345986 0
v 0.25068791614582214 0.088692240215544421 0
v 0.085260401478247691 0.49353119934136586 0
v 0.3676572799247817 0.24140405760305031 0
v 0.70546599482896877 0.28695754793112865 0
v 0.55527381489351835 0.36160101444964332 0
v 0.20787184895123761 0.58926651315674072 0
v 0.39337174883963949 0.14649991986696301 0
v 0.068218626803375301 0.59358156586826472 0
v 0.93169702583804026 0.40004805603370808 0
v 0.26435754994535238 0.11347334929214412 0
v 0.77203635146386784 0.29746495966760517 0
v 0.29454675397704677 0.060875359834396396 0
v 0.64218961492882642 0.3021615544251397 0
v 0.31363848767015018 0.20724615737903784 0
v 0.3021051476365178 0.52233066710828968 0
f 802 1919 1410
f 1396 1867 285
f 1626 1755 1627
f 1464 1992 639
f 914 1500 859
f 1153 1953 1549
f 1524 1897 1730
f 762 1840 764
f 1887 2080 1364
f 169 1233 35
f 1208 2011 278
f 1301 1302 679
f 1351 1382 724
f 1384 1385 1201
f 341 1345 43
f 562 1218 104
f 1302 1303 679
f 1051 1944 1298
f 1018 1187 1186
f 1382 1964 724
f 639 1641 1464
f 1429 1915 1346
f 1010 1986 1749
f 1018 1186 210
f 309 1740 1228
f 1310 1939 456
f 933 1312 1137
f 1383 1384 1201
f 580 1205 223
f 1305 2080 1887
f 558 1855 1188
f 1160 1781 1300
f 836 1296 835
f 1524 1730 1527
f 285 1867 1378
f 1213 1215 310
f 88 885 256
f 1749 1986 1178
f 1341 1387 1033
f 955 1366 1365
f 1154 1953 1153
f 910 1365 1270
f 507 1387 1340
f 206 1292 56
f 1292 1293 56
f 341 2117 1345
f 1409 1871 301
f 1346 1915 291
f 116 1392 304
f 1189 1837 653
f 473 1887 1364
f 1136 1928 1438
f 580 1267 1205
f 301 1412 1411
f 1188 1834 558
f 301 1411 1409
f 1488 1489 1080
f 513 2096 1303
f 831 1866 1568
f 885 1885 256
f 87 255 86
f 1578 1944 1172
f 1340 1386 507
f 1510 1953 1587
f 278 2011 289
f 297 1743 1193
f 467 1354 1212
f 1303 1635 513
f 917 1679 1265
f 559 1553 1211
f 1403 1404 1119
f 217 1238 62
f 1233 1234 35
f 1146 1871 1409
f 609 1944 1578
f 1272 1714 817
f 1246 1327 1326
f 1136 1438 1437
f 1300 1781 292
f 1270 1365 944
f 1193 1774 297
f 1246 1852 1327
f 1051 1298 1098
f 1173 1312 933
f 1021 1755 1626
f 1599 1657 1329
f 835 1296 1232
f 64 219 218
f 302 1125 1019
f 1587 1695 1510
f 1185 1428 82
f 262 92 263
f 1217 1269 715
f 840 1852 1246
f 562 1219 1218
f 955 2065 1366
f 764 1840 1393
f 90 343 259
f 943 1899 1542
f 1320 1452 514
f 1427 1600 1127
f 1212 1353 467
f 456 1882 1310
f 688 1563 1230
f 224 1343 580
f 310 1349 1213
f 1343 1949 1268
f 82 1428 1323
f 1228 2061 309
f 1563 1668 981
f 726 1942 1237
f 612 1490 1247
f 666 1872 1553
f 1168 1919 802
f 1323 1428 79
f 1276 1362 288
f 1281 1998 1286
f 1046 1500 914
f 1232 1296 1012
f 1264 1299 939
f 1847 1945 298
f 1340 1387 1341
f 559 1552 1236
f 1568 2017 831
f 1364 1453 473
f 1627 1755 296
f 1246 1840 840
f 1488 1945 1847
f 281 1846 102
f 559 1236 66
f 1553 1974 666
f 274 1412 273
f 1358 1949 1343
f 1086 2107 1221
f 217 2078 1238
f 1538 1857 786
f 170 1233 169
f 1382 1383 721
f 1465 1992 1464
f 1053 1855 1196
f 944 1294 1270
f 1324 1955 1146
f 90 485 343
f 177 1908 1437
f 124 12 125
f 1230 1562 688
f 1286 1295 1281
f 955 1365 910
f 1288 1311 1291
f 990 1506 1505
f 766 1393 962
f 1080 1945 1488
f 1146 1955 1871
f 473 1453 1316
f 1335 1358 1333
f 227 1740 309
f 786 2081 1538
f 1437 1908 1136
f 302 1019 99
f 1404 1893 1119
f 1329 1852 1599
f 155 1326 294
f 1211 1552 559
f 101 1208 278
f 214 1286 565
f 80 247 246
f 1477 1478 1177
f 1196 2050 1053
f 1388 1949 1341
f 249 1185 82
f 156 1326 155
f 1286 1998 565
f 263 2018 262
f 1427 2030 1600
f 859 1500 858
f 1455 1853 1085
f 1234 1859 1269
f 1038 1898 1869
f 1537 1992 1857
f 715 1832 1217
f 685 1504 1503
f 611 1477 1285
f 1145 1987 1553
f 1012 1468 1232
f 1383 1946 721
f 1074 1741 1440
f 1055 1392 117
f 1268 1949 1388
f 1476 1477 1177
f 1583 2060 1063
f 1266 2018 1197
f 1287 1288 892
f 1730 1897 678
f 1167 1950 270
f 1085 1853 1362
f 688 1668 1563
f 1281 1295 1282
f 580 1343 1268
f 117 1392 116
f 1265 1680 917
f 1359 1376 1165
f 289 1565 1274
f 1039 1354 1038
f 1342 1343 68
f 1276 1789 1362
f 1727 2016 1680
f 1626 1798 1021
f 8 1055 117
f 564 1807 1231
f 1273 1950 1167
f 513 1300 143
f 83 1104 249
f 1332 1344 1336
f 1187 1815 1253
f 296 1924 29
f 1339 1358 1335
f 1221 1915 1086
f 225 1342 68
f 1542 1972 943
f 304 1392 1158
f 1635 1785 1155
f 256 1885 255
f 207 1287 892
f 1410 1948 802
f 1373 1458 1371
f 902 1720 1249
f 984 1376 1359
f 1188 1900 1834
f 82 1323 248
f 68 1343 224
f 1298 1944 609
f 1680 2016 768
f 1287 1311 1288
f 1587 1953 1154
f 1411 1770 897
f 1212 1354 1039
f 939 2071 1264
f 334 1503 1318
f 943 1617 800
f 1931 1990 1159
f 679 1360 1301
f 695 1784 1418
f 343 1367 1192
f 1993 1996 1084
f 1135 1716 1468
f 840 1840 762
f 1237 1943 726
f 1122 2011 1970
f 1679 2083 1265
f 1440 1597 1074
f 1954 2023 1405
f 1285 1903 611
f 1316 1894 1495
f 223 1205 67
f 91 2018 1266
f 210 1186 58
f 1354 1898 1038
f 1034 1904 1267
f 1970 2011 1208
f 764 1393 766
f 634 2117 341
f 1452 1815 514
f 1312 1686 1137
f 1584 1766 1369
f 1283 1958 1909
f 86 1321 254
f 1247 2035 612
f 23 1360 146
f 457 1618 1444
f 1834 1900 302
f 1272 1973 1714
f 667 2119 1425
f 1301 1374 946
f 15 1407 130
f 255 1885 86
f 1231 1843 564
f 1836 1858 306
f 446 1799 466
f 1360 1374 1301
f 1251 1923 560
f 1055 2054 1392
f 1019 1412 274
f 254 1298 85
f 1857 1992 1465
f 1191 1837 1189
f 1505 1918 990
f 1755 1924 296
f 102 1846 685
f 592 1738 1297
f 1880 1926 1112
f 1421 1996 1993
f 273 1412 301
f 1553 1987 1211
f 1309 1939 1310
f 1378 1901 106
f 1576 2051 959
f 1142 1806 1570
f 1444 1618 1317
f 962 1393 1380
f 565 1998 1277
f 1835 2014 1203
f 1277 1994 565
f 653 2072 1189
f 1057 2054 1055
f 959 1967 1576
f 1249 1864 902
f 1274 1830 289
f 1221 2107 1304
f 1244 1326 156
f 1909 1958 677
f 1104 1185 249
f 944 1313 1294
f 462 1386 477
f 1295 1493 1282
f 1018 1815 1187
f 1204 1492 1430
f 1680 1971 1727
f 1204 1430 1397
f 361 1939 1929
f 1331 1344 1332
f 1892 1940 1373
f 306 2052 1836
f 79 1428 244
f 1547 2006 1951
f 1425 2119 1424
f 1269 1821 1234
f 708 1879 1294
f 1141 1703 1209
f 97 1167 270
f 1033 1388 1341
f 1373 1940 1458
f 560 2053 1251
f 1235 2012 1134
f 1181 2023 1954
f 507 1386 462
f 507 1791 1387
f 178 40 41
f 61 1286 214
f 919 1313 944
f 1369 1766 1368
f 1294 2094 708
f 1333 1358 1342
f 1215 1896 310
f 124 2060 11
f 1016 1563 1174
f 343 1192 259
f 1062 1696 1322
f 1021 1798 952
f 1063 2060 1930
f 783 1957 1494
f 1331 1332 577
f 1326 1327 294
f 17 1896 1248
f 1494 2004 783
f 1643 1942 726
f 1453 1894 1316
f 1230 1563 1016
f 226 1331 577
f 1952 1966 1602
f 146 1360 679
f 1549 1642 1153
f 1290 1892 1593
f 1291 1940 1892
f 1248 2130 17
f 816 1990 1931
f 800 1617 824
f 1185 2020 1428
f 1046 1801 1499
f 1746 1978 1163
f 1595 1841 1330
f 1641 1844 1464
f 1319 1551 672
f 1413 1877 1227
f 1553 1872 1145
f 130 1407 798
f 1448 2013 1633
f 1385 1933 1201
f 33 307 164
f 1345 2117 1800
f 1517 1748 1014
f 1267 1904 1205
f 1542 1899 1168
f 892 1292 206
f 670 1814 691
f 1951 2006 1148
f 629 1778 669
f 1135 1468 1012
f 451 1862 1769
f 1156 1901 1378
f 1499 1500 1046
f 1134 1987 1235
f 1345 1800 785
f 911 2014 1835
f 836 1922 1296
f 1298 2074 1098
f 1425 1829 578
f 143 1300 21
f 137 1353 18
f 1593 2141 1290
f 1317 1618 593
f 169 36 170
f 775 1686 814
f 1163 2042 1746
f 1496 1824 896
f 1297 2090 592
f 1103 1850 1833
f 1844 1905 1079
f 1440 1741 1220
f 33 314 307
f 73 855 233
f 1233 1859 1234
f 1330 1976 1595
f 259 2144 89
f 1540 2085 1605
f 1275 1276 288
f 287 1360 23
f 1503 1991 685
f 981 2068 1563
f 593 1739 1317
f 1605 1959 1540
f 466 1799 1469
f 817 1943 1272
f 183 515 44
f 1125 1770 1019
f 77 1275 288
f 1412 1770 1411
f 511 1481 510
f 1430 1492 691
f 307 2019 1631
f 1302 1785 1635
f 1950 1975 284
f 672 1658 1319
f 486 1367 343
f 1666 2008 1882
f 2 1378 106
f 296 2115 1627
f 65 1956 219
f 941 1469 1117
f 1551 1647 672
f 1284 1903 1285
f 1365 1366 468
f 550 1481 511
f 1218 1846 281
f 1014 1748 1013
f 1361 1647 1551
f 1558 2115 1441
f 1468 1716 466
f 176 1003 39
f 669 1778 1394
f 1703 2102 1209
f 1390 1658 881
f 1213 1349 1041
f 1165 2003 1359
f 845 1376 984
f 962 1380 1164
f 314 1763 316
f 1187 1251 1186
f 751 1377 845
f 1063 1831 1583
f 161 306 30
f 1324 1983 290
f 1267 2136 1034
f 70 1222 228
f 1657 1976 1329
f 228 1740 227
f 1125 1810 1770
f 1631 2025 307
f 517 1929 1307
f 1697 2135 1200
f 671 1877 1413
f 196 1370 469
f 1086 1915 1429
f 1739 1780 1443
f 506 1676 1375
f 845 1377 1376
f 499 1367 486
f 73 1221 855
f 1587 1902 1695
f 57 1287 207
f 266 1265 94
f 183 1838 515
f 1083 1470 1379
f 1314 1864 1194
f 1102 1926 1880
f 580 1268 1267
f 627 1671 1528
f 1318 1970 334
f 928 1824 1787
f 229 1495 300
f 897 1948 1411
f 612 1860 1490
f 1205 1904 666
f 1467 2019 570
f 1528 1671 1077
f 28 1244 156
f 306 586 30
f 659 1373 1370
f 1869 1898 1060
f 171 1859 1233
f 43 1345 181
f 666 1904 1872
f 691 1814 1430
f 1304 2107 986
f 685 2114 1504
f 1685 1866 831
f 1929 1939 1309
f 1361 1485 608
f 1418 1792 695
f 1167 2046 1273
f 608 1647 1361
f 1263 1966 1952
f 1441 1962 1558
f 467 1353 137
f 1284 2028 1903
f 1315 1359 308
f 1327 1852 1329
f 1806 1937 1570
f 1784 2123 1418
f 2005 2074 1321
f 515 1838 1030
f 1041 1349 1212
f 1478 2066 397
f 298 2014 3
f 309 2061 1344
f 1356 1379 312
f 1824 2134 1787
f 100 558 276
f 290 1955 1324
f 1207 1906 1444
f 1253 1815 1452
f 1013 1794 1594
f 1389 1671 627
f 593 1780 1739
f 1204 1835 1203
f 911 1835 1646
f 1484 1916 1226
f 1941 2055 1508
f 902 1864 1314
f 468 1366 243
f 784 1381 165
f 1268 1388 1267
f 578 2036 1425
f 1292 2077 1293
f 100 1830 558
f 1342 1358 1343
f 76 1455 293
f 577 1342 225
f 1769 1862 1061
f 464 1988 1984
f 684 1658 656
f 562 1220 1219
f 1151 1567 960
f 285 2024 1396
f 39 1865 1325
f 1427 1676 506
f 1633 1985 1448
f 1426 1913 299
f 627 1585 1389
f 109 298 3
f 637 2112 1385
f 1791 2038 1387
f 1332 1333 577
f 1319 1658 1390
f 1401 1403 286
f 1194 2105 1314
f 1536 2085 1540
f 1313 2094 1294
f 1748 1794 1013
f 59 1018 210
f 1527 1615 1614
f 1083 1379 1356
f 1526 1614 386
f 1510 1812 1509
f 570 1999 1467
f 1506 2015 607
f 768 1936 1680
f 1825 1961 1183
f 3 2014 911
f 607 2021 1506
f 467 1355 1354
f 1207 1910 1906
f 950 1722 1530
f 611 1478 1477
f 814 1686 1312
f 1288 1289 892
f 1060 1801 1046
f 1441 2115 296
f 1344 1845 1336
f 1014 1875 1517
f 885 2005 1885
f 25 1315 308
f 776 1686 775
f 1622 2085 1536
f 231 473 71
f 1370 1371 469
f 1250 2054 2032
f 1322 1921 1062
f 2032 2054 1057
f 740 1759 1556
f 796 1749 1178
f 1323 2118 248
f 290 1983 1167
f 69 1331 226
f 1232 1469 941
f 444 1799 446
f 1299 2045 1123
f 63 705 217
f 1386 1400 477
f 242 1275 77
f 986 2080 1304
f 563 1401 153
f 1585 1649 1389
f 1302 1635 1303
f 1273 1975 1950
f 1489 2067 1080
f 86 1885 1321
f 63 1760 905
f 1316 1495 230
f 1772 1875 1014
f 677 1958 1494
f 1086 1429 907
f 1047 1978 1306
f 1771 2012 1980
f 751 1556 1377
f 1825 2026 1961
f 1111 1931 1347
f 1098 2074 2005
f 1527 1614 1526
f 71 1316 230
f 51 1370 196
f 312 1997 1356
f 485 486 343
f 1381 1763 314
f 515 1028 44
f 1265 2083 94
f 528 1539 522
f 1429 1513 907
f 1895 2119 1243
f 792 1796 794
f 1368 1766 1065
f 1536 1540 1539
f 300 1495 1225
f 1332 1334 1333
f 1306 2088 1047
f 1311 2128 1291
f 1284 2135 396
f 1385 2008 637
f 219 1956 218
f 1155 1932 1635
f 1463 1601 1559
f 396 2028 1284
f 397 2010 1478
f 186 1414 673
f 299 2121 1399
f 1334 1335 1333
f 1108 1795 1655
f 473 1316 71
f 1289 1292 892
f 171 1233 170
f 442 1863 444
f 1337 1338 1335
f 794 1713 796
f 1435 1684 1471
f 706 1905 1844
f 1399 2022 299
f 294 1708 27
f 1105 1681 1433
f 964 1435 1433
f 522 1539 550
f 1559 1601 786
f 1512 1711 1463
f 1222 1740 228
f 1379 1470 251
f 1024 1663 1485
f 1201 1946 1383
f 1788 1887 232
f 1288 1290 1289
f 1099 1554 1446
f 1727 1971 935
f 1833 1850 1369
f 230 1495 229
f 1528 1757 628
f 1408 1479 676
f 1300 1932 1160
f 1811 1819 1474
f 237 1426 299
f 1984 1988 1176
f 287 1374 1360
f 964 1684 1435
f 1433 1681 964
f 1334 1417 1337
f 628 1778 629
f 1328 1708 294
f 1437 1438 1003
f 1824 2044 896
f 334 1991 1503
f 1363 2059 189
f 1338 1386 1340
f 784 1517 1381
f 1334 1337 1335
f 1337 1400 1338
f 1333 1342 577
f 1557 1765 1456
f 880 1677 1483
f 676 1479 521
f 171 2129 1859
f 654 1419 112
f 1420 1421 646
f 1471 1684 743
f 1556 1759 1377
f 1095 2021 1604
f 1269 1859 715
f 1674 1675 1406
f 1416 1681 1105
f 1713 1749 796
f 1230 1889 1562
f 481 1447 518
f 271 290 97
f 1424 2119 1895
f 1105 1582 1416
f 316 1763 484
f 408 1839 1721
f 159 296 29
f 1327 1328 294
f 165 1381 33
f 943 1972 1617
f 301 1871 98
f 1730 1907 1527
f 563 1402 1401
f 1314 2127 902
f 1604 2041 1095
f 1099 1555 1554
f 10 1405 121
f 1485 1663 608
f 1593 1892 659
f 513 1932 1300
f 1463 1711 1601
f 1338 1340 1339
f 1397 1835 1204
f 141 1420 646
f 10 1406 1405
f 1581 1701 1564
f 881 1658 684
f 1179 1881 1589
f 1483 1677 1100
f 1835 2024 1646
f 1461 1512 1463
f 63 905 705
f 1983 2046 1167
f 1451 1640 769
f 1570 2002 1142
f 656 1658 672
f 153 1401 26
f 218 1956 63
f 521 1479 572
f 21 292 142
f 1882 2008 1384
f 33 1381 314
f 1770 1810 897
f 1187 1252 1251
f 1336 1417 1334
f 421 1577 1569
f 514 1979 1320
f 48 783 190
f 1662 2041 1659
f 1285 1477 1475
f 1264 2045 1299
f 1288 1291 1290
f 575 1447 1415
f 332 1512 1461
f 386 1689 1526
f 1516 1649 1585
f 1188 1855 1053
f 1534 1539 528
f 283 1439 282
f 275 302 99
f 1349 1353 1212
f 38 465 173
f 1445 2077 1292
f 314 315 307
f 1428 2020 244
f 1294 1879 1271
f 1307 2070 517
f 1576 2126 1656
f 1491 1718 635
f 1446 1690 1099
f 669 1814 670
f 1530 1722 1529
f 1498 1499 305
f 1425 2036 667
f 481 1598 1447
f 1451 1694 1620
f 78 468 243
f 1757 1778 628
f 472 1765 1557
f 772 1432 1111
f 1092 1442 828
f 21 1300 292
f 518 1447 575
f 421 1501 422
f 786 1857 1559
f 421 1569 1501
f 919 944 468
f 78 919 468
f 286 2013 1448
f 306 587 586
f 1450 1640 1451
f 1289 1445 1292
f 1187 1253 1252
f 396 2135 1697
f 1554 1555 740
f 1122 1644 1565
f 290 1167 97
f 919 1960 1313
f 1579 1754 1129
f 1077 1757 1528
f 1620 1694 632
f 1699 1818 1777
f 309 1344 1331
f 990 2015 1506
f 1103 1718 1491
f 1488 1847 1081
f 46 1414 186
f 1582 1624 1416
f 587 588 586
f 1695 1812 1510
f 1325 2057 39
f 1555 1759 740
f 1560 1690 1446
f 20 1498 140
f 75 1426 237
f 379 1689 386
f 1442 1739 1443
f 1659 2033 1662
f 140 1498 305
f 982 1701 1581
f 1295 1773 1493
f 1456 1765 1747
f 930 1457 1193
f 112 1419 111
f 305 1801 1515
f 504 1532 555
f 1565 1644 1043
f 1567 1568 960
f 1422 1500 1499
f 293 2126 1576
f 1530 1772 950
f 1362 1853 288
f 1332 1336 1334
f 1494 1957 677
f 1493 1773 1242
f 1253 1254 1252
f 1469 1799 1117
f 907 1513 712
f 1502 1504 1076
f 332 1461 1459
f 904 1592 1591
f 282 1439 562
f 1856 1878 1044
f 1479 1693 572
f 1338 1339 1335
f 115 928 114
f 226 577 225
f 807 1692 1691
f 72 1788 232
f 1423 1424 932
f 808 1691 811
f 956 1555 953
f 1285 1475 929
f 291 2092 1346
f 794 1796 1713
f 1581 1789 982
f 38 939 465
f 896 2044 7
f 828 1442 826
f 286 1448 152
f 888 1678 1630
f 1800 2117 1357
f 587 651 588
f 93 2084 263
f 422 1501 425
f 1201 1933 1200
f 1569 1577 980
f 1003 1865 39
f 400 1544 464
f 712 1513 713
f 1422 1499 1498
f 769 1694 1451
f 1655 1795 689
f 1293 1925 56
f 1666 1882 456
f 470 1532 504
f 1456 1747 804
f 966 1346 1004
f 34 1431 166
f 953 1555 1099
f 215 642 61
f 475 1598 481
f 1390 1842 1808
f 1550 1624 1582
f 773 1432 772
f 284 1712 96
f 1544 1545 464
f 820 1457 930
f 1155 1785 1132
f 1544 1546 1545
f 1369 1850 1584
f 888 1466 889
f 562 1439 1220
f 207 892 206
f 1162 1999 1669
f 651 652 588
f 1803 1916 1484
f 1449 1514 425
f 950 1737 1722
f 1378 1867 1156
f 1347 2104 1111
f 499 1368 1367
f 1089 1973 1350
f 1253 1255 1254
f 904 1591 1590
f 1423 1425 1424
f 1539 1540 550
f 386 1614 1613
f 1214 1551 1319
f 118 333 8
f 1579 1819 1811
f 1040 1042 1041
f 652 717 716
f 1132 1619 1596
f 121 1405 650
f 944 1365 468
f 963 1622 1621
f 752 1754 1579
f 1042 1213 1041
f 1024 1485 1037
f 706 1844 1641
f 1193 1743 967
f 1722 1737 1532
f 929 1475 846
f 1093 1444 1317
f 572 1693 649
f 619 1516 620
f 691 1492 692
f 149 1738 592
f 651 724 652
f 472 1793 403
f 960 1805 727
f 1070 1502 1076
f 1630 1678 1002
f 425 1501 1449
f 45 1771 556
f 1346 1398 1004
f 1459 1520 332
f 1040 1485 1361
f 7 2044 115
f 971 1097 970
f 368 1511 373
f 852 1534 530
f 1531 1532 470
f 1572 1636 1574
f 322 1531 470
f 891 1093 1092
f 338 1497 346
f 888 1630 1466
f 181 1345 785
f 924 1483 1324
f 118 1736 333
f 961 1027 1026
f 1336 1418 1417
f 1259 1261 1260
f 966 1513 1429
f 273 301 98
f 111 344 4
f 1085 1362 983
f 1123 2034 1299
f 149 592 24
f 1371 1372 469
f 655 1519 726
f 224 580 223
f 1042 1551 1214
f 530 1534 528
f 26 286 152
f 829 891 828
f 725 1470 1083
f 1042 1214 1213
f 1088 1676 1087
f 924 1324 1146
f 717 719 718
f 784 1748 1517
f 846 1475 847
f 1259 1260 1258
f 155 294 27
f 1374 1856 946
f 1037 1040 1039
f 498 1665 524
f 1535 1536 1534
f 1180 1407 1375
f 386 1613 381
f 1132 1596 809
f 961 1026 906
f 1002 1631 1630
f 314 316 315
f 1166 1357 1097
f 1259 1452 1320
f 1487 1488 1081
f 905 961 906
f 166 1431 784
f 1206 1207 1093
f 1574 1636 778
f 366 1511 368
f 630 1516 619
f 1261 1518 1277
f 717 718 716
f 934 1487 1081
f 1669 2098 1162
f 957 1507 1297
f 123 1583 940
f 652 716 588
f 148 2055 1941
f 880 1483 924
f 1040 1041 1039
f 1104 2094 1313
f 1340 1341 1339
f 597 1560 599
f 1037 1485 1040
f 1721 1839 1139
f 891 1486 1206
f 839 1581 1564
f 827 828 826
f 1197 2133 1266
f 1442 1443 974
f 151 1315 25
f 587 653 651
f 870 871 782
f 807 1691 808
f 692 1492 710
f 344 898 4
f 1093 1317 1092
f 1509 1511 366
f 1255 1257 1254
f 1352 1384 1383
f 972 1514 998
f 852 1535 1534
f 1716 1752 452
f 1121 1542 788
f 309 1331 69
f 1380 1823 1164
f 719 722 720
f 854 1204 1203
f 891 1092 828
f 1394 1814 669
f 951 983 839
f 374 1561 377
f 1040 1361 1042
f 785 1800 1438
f 1621 1622 709
f 846 847 723
f 159 1441 296
f 160 1441 159
f 346 1497 351
f 966 1004 901
f 1207 1444 1093
f 1569 1640 1450
f 807 1764 1692
f 870 1067 871
f 713 1513 865
f 903 929 846
f 972 1645 1514
f 1068 1502 1070
f 826 1442 974
f 843 844 647
f 1067 1068 871
f 815 816 777
f 1027 1133 1026
f 189 2059 47
f 1221 1304 855
f 500 1668 688
f 1198 1284 929
f 854 1203 1080
f 344 933 898
f 1083 1356 1210
f 717 721 719
f 139 1515 19
f 721 1608 719
f 599 1560 1446
f 843 946 844
f 351 1497 792
f 642 1286 61
f 865 1513 966
f 504 554 505
f 470 504 471
f 1064 1065 1050
f 187 578 46
f 409 410 408
f 820 930 821
f 1475 1476 847
f 606 843 647
f 1246 1326 1244
f 891 1206 1093
f 1161 1162 1048
f 1320 1518 1261
f 790 1542 1168
f 865 966 901
f 251 1470 250
f 1027 1552 1211
f 659 1892 1373
f 755 1634 750
f 1065 1891 1368
f 725 1083 879
f 906 1423 932
f 799 1625 720
f 1255 1259 1258
f 806 1456 804
f 409 411 410
f 574 1519 655
f 680 873 872
f 606 647 605
f 722 846 723
f 903 1198 929
f 610 1645 972
f 927 1161 1048
f 1318 1502 1068
f 1536 1539 1534
f 333 1736 1058
f 407 409 408
f 364 1509 366
f 475 481 480
f 354 1609 1566
f 930 967 931
f 330 1520 335
f 555 661 554
f 688 1562 508
f 1361 1551 1042
f 1027 1134 1133
f 1402 1403 1401
f 305 1515 139
f 719 720 718
f 722 903 846
f 662 820 661
f 1067 1318 1068
f 1083 1210 879
f 722 1608 903
f 909 1132 809
f 452 460 453
f 449 452 450
f 998 1514 1449
f 734 1554 740
f 1255 1258 1257
f 460 474 461
f 903 1608 1199
f 1516 1585 620
f 496 1665 498
f 849 1264 822
f 484 1530 1529
f 411 412 410
f 1338 1400 1386
f 1180 1375 1091
f 1318 1503 1502
f 1152 1672 1586
f 1214 1215 1213
f 966 1429 1346
f 827 829 828
f 967 969 968
f 772 1111 1110
f 899 1123 851
f 969 970 968
f 1586 1672 657
f 873 1059 923
f 407 408 406
f 1503 1504 1502
f 813 1590 857
f 1223 1484 1226
f 411 413 412
f 1607 1640 980
f 1475 1477 1476
f 1530 1875 1772
f 335 1520 686
f 11 1583 123
f 792 794 793
f 625 1528 628
f 295 725 707
f 554 709 505
f 967 968 931
f 1307 1929 1309
f 782 1516 630
f 873 923 872
f 333 1055 8
f 1087 1676 1427
f 1466 1467 1161
f 930 931 821
f 227 309 69
f 908 1086 907
f 1521 1570 1525
f 1224 1740 1222
f 1226 1413 1227
f 1259 1320 1261
f 45 556 184
f 362 1549 383
f 76 293 239
f 826 974 806
f 772 1110 770
f 991 992 989
f 904 1590 813
f 963 1621 821
f 413 414 412
f 381 1613 384
f 111 1419 344
f 504 505 471
f 157 303 28
f 839 1564 674
f 829 1486 891
f 554 1621 709
f 1529 1531 320
f 790 1168 802
f 484 1529 318
f 84 1379 251
f 344 1173 933
f 820 821 661
f 686 1520 965
f 578 1414 46
f 402 1544 400
f 474 1598 475
f 1462 1559 1465
f 889 1466 927
f 1059 1273 923
f 316 484 318
f 1447 1598 1110
f 1097 1480 970
f 821 1621 661
f 474 475 461
f 460 461 453
f 869 1044 954
f 980 1640 1569
f 383 1509 364
f 481 518 483
f 600 1560 597
f 1110 1598 770
f 825 1810 1783
f 779 782 630
f 1068 1070 1069
f 295 1470 725
f 1843 2005 885
f 725 879 878
f 1017 1926 1889
f 452 453 450
f 1240 1571 682
f 799 1626 1625
f 1111 1415 1110
f 1610 1611 458
f 1563 2068 1174
f 1264 1457 822
f 1519 1643 726
f 662 822 820
f 1614 1615 1612
f 1027 1211 1134
f 405 407 406
f 466 1469 1468
f 67 1205 666
f 1521 1525 1522
f 771 772 770
f 1610 1612 1611
f 1586 1726 1587
f 318 1529 320
f 1521 1522 819
f 1468 1469 1232
f 555 662 661
f 413 415 414
f 934 1081 898
f 575 1519 574
f 822 1457 820
f 300 1225 1223
f 405 406 404
f 504 555 554
f 646 1498 20
f 481 483 480
f 722 723 720
f 1070 1076 1072
f 913 1541 915
f 814 815 777
f 238 585 75
f 446 466 449
f 1200 1933 1697
f 320 1531 322
f 233 1788 72
f 351 792 455
f 619 620 618
f 738 1556 751
f 1231 2005 1843
f 1417 2001 1337
f 1119 2013 1403
f 1044 1508 1507
f 588 1558 586
f 372 376 374
f 482 888 887
f 602 605 600
f 208 560 57
f 383 1510 1509
f 185 1771 45
f 370 372 371
f 26 1401 286
f 933 1137 934
f 1157 1180 1091
f 969 971 970
f 1566 1567 395
f 1135 1752 1716
f 303 1244 28
f 368 370 369
f 947 1301 946
f 1487 1489 1488
f 951 1085 983
f 144 513 143
f 1471 1779 1472
f 792 793 455
f 983 1581 839
f 141 646 20
f 1327 1329 1328
f 1491 1850 1103
f 366 368 367
f 702 1521 819
f 750 1634 748
f 197 659 51
f 991 993 992
f 961 1552 1027
f 140 305 139
f 930 1193 967
f 638 1628 1121
f 1070 1072 1071
f 1101 1102 1059
f 660 702 376
f 794 796 795
f 1352 1383 1382
f 841 1570 1521
f 1044 1507 954
f 881 1842 1390
f 1307 1309 1308
f 476 770 474
f 1389 1649 1069
f 595 597 596
f 166 784 165
f 432 1550 430
f 605 1560 600
f 516 1562 676
f 1255 1452 1259
f 518 574 519
f 574 655 576
f 720 1625 718
f 364 366 365
f 796 1178 797
f 765 1606 763
f 418 1577 421
f 837 841 702
f 1068 1069 871
f 1572 1574 1573
f 777 1432 773
f 406 451 404
f 1421 1422 646
f 332 1520 330
f 1069 1649 871
f 811 1691 904
f 627 1528 625
f 518 575 574
f 1572 1573 454
f 1015 1129 895
f 1366 2065 1275
f 448 594 436
f 594 1624 1550
f 634 2103 1357
f 425 1514 426
f 591 1564 584
f 788 1542 790
f 838 839 674
f 420 1710 419
f 1284 1285 929
f 927 1048 1047
f 192 677 191
f 893 1143 1142
f 1106 1249 1126
f 362 383 364
f 1121 1628 1616
f 1231 1807 1064
f 1461 1462 1460
f 779 870 782
f 927 1466 1161
f 316 318 317
f 508 1562 516
f 1017 1889 1230
f 965 1520 1459
f 376 1561 374
f 387 1610 458
f 1613 1614 1612
f 466 1716 449
f 585 1426 75
f 638 1121 788
f 732 1554 734
f 438 1636 1572
f 1261 1277 1262
f 595 596 594
f 847 1547 723
f 993 1584 992
f 794 795 793
f 616 1607 980
f 1075 1597 1113
f 356 1566 395
f 548 644 549
f 1072 1074 1073
f 989 1491 635
f 1053 1486 829
f 996 1584 993
f 1199 1200 1198
f 602 606 605
f 714 907 712
f 1214 1216 1215
f 949 1247 1170
f 625 628 626
f 168 561 167
f 995 996 993
f 912 1025 913
f 775 777 773
f 449 450 447
f 440 1572 454
f 1463 1559 1462
f 992 1491 989
f 1426 2120 1913
f 403 404 402
f 518 519 483
f 622 627 625
f 1446 1554 732
f 909 1155 1132
f 1439 1828 1440
f 867 1106 958
f 841 1521 702
f 316 317 315
f 655 726 683
f 152 1448 151
f 372 660 376
f 448 595 594
f 177 1437 176
f 424 1650 423
f 702 819 376
f 250 1470 295
f 597 599 596
f 1070 1071 1069
f 782 1649 1516
f 429 1582 1105
f 1137 1140 934
f 759 1599 840
f 366 367 365
f 362 364 363
f 252 1578 312
f 957 1297 1165
f 974 1456 806
f 844 869 868
f 725 878 707
f 1074 1597 1075
f 360 1549 362
f 417 1577 418
f 635 1718 497
f 1459 1461 1460
f 138 467 137
f 1049 1050 996
f 412 433 410
f 360 1642 1549
f 889 927 925
f 1015 1130 1129
f 377 1689 379
f 1091 1676 1088
f 403 405 404
f 368 369 367
f 1309 1310 1308
f 659 1370 51
f 1529 1722 1531
f 954 1507 957
f 181 785 180
f 1113 1156 1114
f 622 625 623
f 1261 1262 1260
f 1140 1487 934
f 364 365 363
f 560 1311 1287
f 921 1606 765
f 313 935 95
f 769 1607 621
f 42 1136 179
f 1650 1664 423
f 599 1446 732
f 370 371 369
f 436 1550 432
f 620 622 621
f 1025 1541 913
f 895 1634 755
f 1253 1452 1255
f 697 1677 880
f 616 980 614
f 121 650 120
f 412 1533 433
f 644 714 712
f 617 618 616
f 372 374 371
f 723 1547 799
f 1461 1463 1462
f 621 1607 618
f 470 471 329
f 1462 1465 1464
f 714 908 907
f 500 688 508
f 354 1566 356
f 734 740 736
f 1568 1805 960
f 1505 1506 1094
f 368 373 370
f 1590 1591 1096
f 574 576 519
f 292 1420 142
f 995 1049 996
f 1459 1460 1079
f 1130 1579 1129
f 867 1194 1106
f 205 1183 204
f 602 1596 606
f 557 1663 1024
f 1072 1073 1071
f 825 826 806
f 1245 1246 1244
f 142 1420 141
f 655 656 576
f 745 1683 1660
f 265 1197 264
f 460 476 474
f 686 965 862
f 933 934 898
f 318 320 319
f 1178 1314 797
f 267 313 95
f 655 683 656
f 660 837 702
f 639 1548 534
f 873 1101 1059
f 25 308 150
f 327 332 330
f 1586 1587 1154
f 384 1613 1610
f 998 1108 997
f 599 732 731
f 541 548 542
f 1092 1739 1442
f 429 604 427
f 147 287 23
f 1260 1263 1258
f 123 940 122
f 335 686 339
f 176 1437 1003
f 1116 1396 1395
f 1329 1330 1328
f 710 854 832
f 617 619 618
f 516 676 521
f 879 1505 1094
f 325 1512 327
f 372 1648 660
f 67 666 222
f 221 559 66
f 857 1590 912
f 753 1657 754
f 845 984 918
f 327 1512 332
f 838 951 839
f 674 1564 591
f 1472 1811 1474
f 751 845 761
f 610 972 877
f 1654 1687 1651
f 965 1459 1079
f 1350 2091 1089
f 1149 1150 921
f 485 487 486
f 1362 1789 983
f 1152 1586 1154
f 1543 1546 1544
f 1075 1113 1078
f 844 868 647
f 1310 1352 1351
f 869 954 953
f 446 449 447
f 47 667 188
f 1319 1390 1216
f 1157 1181 1180
f 151 1448 1315
f 972 997 877
f 431 610 434
f 1550 1582 430
f 1113 1114 1078
f 1214 1319 1216
f 1225 1484 1223
f 1106 1126 958
f 440 454 442
f 620 621 618
f 990 991 989
f 400 464 398
f 229 300 70
f 816 1432 777
f 740 1556 736
f 771 773 772
f 58 1186 209
f 1101 1408 1102
f 730 867 866
f 1074 1075 1073
f 971 1166 1097
f 912 1096 1025
f 379 386 381
f 1611 1617 1616
f 1514 1645 426
f 1020 1306 551
f 1026 1423 906
f 825 827 826
f 972 998 997
f 373 1648 370
f 1024 1037 1036
f 1630 1631 1467
f 618 1607 616
f 732 734 733
f 965 1079 1045
f 959 1639 866
f 649 680 664
f 401 402 400
f 973 1015 895
f 415 417 416
f 1317 1739 1092
f 524 1665 893
f 318 319 317
f 610 877 778
f 1007 1179 979
f 998 1109 1108
f 660 1648 975
f 738 751 741
f 238 1575 585
f 1216 1248 1215
f 879 1094 878
f 594 1550 436
f 988 989 635
f 1149 1176 1150
f 1526 1689 1523
f 796 797 795
f 415 416 414
f 543 1604 607
f 680 872 681
f 770 1598 474
f 431 1645 610
f 1095 1661 878
f 536 1641 639
f 969 1325 971
f 775 814 777
f 605 1690 1560
f 718 1054 716
f 414 1533 412
f 394 397 392
f 1660 1683 1118
f 9 589 119
f 747 767 749
f 609 1578 253
f 878 1661 707
f 977 978 976
f 532 852 530
f 320 322 321
f 823 849 822
f 644 712 645
f 1210 1505 879
f 615 616 614
f 419 1654 1651
f 723 799 720
f 625 626 623
f 649 1693 680
f 974 1557 1456
f 728 730 729
f 1257 1458 1254
f 429 1105 604
f 362 363 361
f 866 1639 729
f 1450 1451 1109
f 406 1721 451
f 857 912 859
f 320 321 319
f 880 924 922
f 1610 1613 1612
f 356 395 358
f 1543 1544 402
f 994 995 993
f 394 398 397
f 622 623 621
f 502 635 497
f 404 1543 402
f 1254 1256 1252
f 438 1572 440
f 736 1556 738
f 85 609 253
f 475 480 479
f 1076 1741 1072
f 134 342 133
f 1480 1481 1147
f 614 1577 417
f 730 866 729
f 395 1642 358
f 132 506 131
f 912 913 859
f 854 1080 832
f 732 733 731
f 1225 1912 1484
f 713 865 864
f 194 547 193
f 965 1045 862
f 1152 1154 1153
f 360 362 361
f 629 669 633
f 582 703 581
f 867 958 866
f 401 403 402
f 719 1608 722
f 1443 1557 974
f 638 788 787
f 548 549 542
f 476 771 770
f 1239 1240 682
f 252 312 84
f 351 455 352
f 1439 1440 1220
f 1462 1464 1460
f 759 840 762
f 105 311 1
f 387 458 389
f 239 1575 238
f 734 736 735
f 599 731 596
f 1109 1620 1108
f 322 323 321
f 250 295 83
f 559 1974 1553
f 747 1660 767
f 757 1599 759
f 293 1576 1575
f 970 1147 968
f 1105 1433 604
f 544 546 545
f 384 1610 387
f 356 358 357
f 1561 1689 377
f 683 817 684
f 751 761 741
f 136 310 135
f 686 862 687
f 358 360 359
f 644 1653 714
f 1270 1271 1005
f 391 1628 638
f 1150 1606 921
f 728 729 699
f 970 1480 1147
f 868 1690 647
f 607 1688 526
f 845 918 761
f 1045 1391 1062
f 428 429 427
f 543 607 526
f 419 1710 1654
f 1124 1217 1123
f 419 1651 416
f 1893 2097 767
f 1523 1689 1561
f 661 1621 554
f 541 665 548
f 1466 1630 1467
f 665 1653 548
f 954 957 956
f 377 379 378
f 569 581 567
f 278 289 277
f 194 1602 547
f 817 1714 818
f 253 1578 252
f 1028 2038 1791
f 558 1834 276
f 1537 1538 1535
f 899 1124 1123
f 411 457 413
f 962 1164 1021
f 66 1236 220
f 1019 1770 1412
f 683 684 656
f 323 1711 325
f 548 1653 644
f 1532 1737 555
f 852 1548 1537
f 903 1199 1198
f 1149 1177 1176
f 873 1693 1101
f 610 778 434
f 645 1696 549
f 975 976 837
f 769 1640 1607
f 728 999 730
f 1190 1307 1191
f 1451 1620 1109
f 418 421 420
f 342 1600 133
f 1048 1163 1047
f 734 735 733
f 997 1138 877
f 931 1605 963
f 869 953 868
f 923 1100 872
f 5 654 112
f 977 979 978
f 1099 1690 868
f 427 1650 424
f 710 1492 854
f 620 1585 622
f 1611 1616 458
f 322 470 329
f 906 932 705
f 1274 1565 1043
f 399 400 398
f 1449 1450 1109
f 354 356 355
f 865 900 864
f 991 994 993
f 269 284 96
f 894 895 755
f 196 469 195
f 1415 1447 1110
f 754 1657 757
f 912 1590 1096
f 1522 1524 1523
f 1372 1700 469
f 186 673 185
f 237 299 236
f 417 418 416
f 598 600 597
f 1228 1740 1224
f 1589 2139 1179
f 767 1595 749
f 1517 1875 1763
f 532 1548 852
f 422 425 424
f 1199 1201 1200
f 1691 1692 1592
f 416 1651 414
f 325 1711 1512
f 536 639 534
f 1037 1039 1038
f 1020 1580 1306
f 848 1696 645
f 913 915 914
f 736 738 737
f 931 963 821
f 435 436 432
f 1433 1435 1434
f 426 427 424
f 927 1047 925
f 451 1543 404
f 861 1152 1151
f 697 880 853
f 984 1633 918
f 1045 1062 862
f 313 936 935
f 103 1218 281
f 539 1629 541
f 99 1019 274
f 1402 1404 1403
f 1433 1434 604
f 998 1449 1109
f 1010 1322 848
f 1170 1490 1190
f 370 1648 372
f 954 956 953
f 980 1577 614
f 421 422 420
f 1129 1634 895
f 389 390 388
f 422 423 420
f 729 1638 699
f 1664 1710 423
f 893 1142 1141
f 360 361 359
f 957 1165 1082
f 656 672 576
f 425 426 424
f 1501 1569 1450
f 374 377 375
f 545 1604 543
f 613 614 417
f 778 1699 1574
f 729 1639 1638
f 1524 1527 1526
f 89 564 258
f 701 1629 539
f 243 1366 242
f 757 1657 1599
f 485 768 487
f 596 1624 594
f 415 613 417
f 738 741 739
f 1007 1202 1179
f 430 1582 429
f 833 836 835
f 379 380 378
f 865 901 900
f 437 448 436
f 447 1623 459
f 871 1649 782
f 997 1655 1138
f 805 806 804
f 1620 1795 1108
f 172 715 37
f 861 1672 1152
f 749 1595 753
f 418 419 416
f 1101 1693 1479
f 538 1641 536
f 904 1691 1592
f 1305 1887 1788
f 358 359 357
f 742 1683 745
f 736 737 735
f 1087 1127 882
f 743 1779 1471
f 133 1600 16
f 541 542 540
f 899 1594 1124
f 358 1642 360
f 793 831 455
f 615 617 616
f 356 357 355
f 975 977 976
f 768 1745 487
f 843 947 946
f 544 552 546
f 540 706 538
f 628 629 626
f 1075 1078 1077
f 949 1580 1247
f 888 889 887
f 544 545 543
f 1148 1149 921
f 553 568 567
f 774 775 773
f 414 1651 1533
f 524 893 579
f 502 988 635
f 423 1710 420
f 1375 1969 506
f 1449 1501 1450
f 212 514 211
f 883 1089 1088
f 727 728 699
f 1435 1471 1436
f 622 1585 627
f 1557 1793 472
f 1129 1754 1634
f 458 1628 389
f 733 1416 731
f 1511 1782 373
f 686 687 339
f 995 1172 1049
f 811 904 813
f 352 1609 354
f 854 1492 1204
f 1012 1296 1011
f 50 1602 194
f 389 1628 391
f 1474 1687 1654
f 295 707 668
f 527 1588 544
f 682 1571 216
f 1352 1382 1351
f 1638 1639 1120
f 718 1625 1054
f 581 1704 567
f 1270 1294 1271
f 623 769 621
f 604 1650 427
f 1223 1226 1224
f 1095 1662 1661
f 1522 1523 819
f 418 420 419
f 1307 1308 1191
f 1114 1116 1115
f 662 823 822
f 32 1002 163
f 1071 1389 1069
f 544 1588 552
f 706 1641 538
f 710 832 711
f 387 388 385
f 422 424 423
f 539 541 540
f 390 611 388
f 355 612 353
f 1434 1650 604
f 703 704 581
f 235 291 234
f 330 335 331
f 1152 1153 1151
f 1435 1436 1434
f 267 1667 313
f 1108 1655 997
f 973 1139 1015
f 431 434 432
f 426 428 427
f 918 1119 1118
f 553 567 566
f 107 285 2
f 658 675 674
f 552 553 546
f 399 401 400
f 346 351 350
f 379 381 380
f 988 990 989
f 1254 1458 1256
f 1564 1701 584
f 302 1900 1125
f 817 818 684
f 547 1603 193
f 1546 1927 1545
f 714 1653 985
f 1588 1589 552
f 1396 1397 1395
f 699 1638 675
f 443 1707 641
f 819 1561 376
f 738 739 737
f 1472 1473 1436
f 327 330 328
f 1680 1936 917
f 527 544 543
f 1574 1777 1573
f 774 776 775
f 675 838 674
f 976 1703 837
f 1131 1652 787
f 585 1967 1632
f 958 959 866
f 707 708 668
f 893 1665 1143
f 894 973 895
f 692 710 694
f 1016 1174 936
f 918 1633 1119
f 951 1656 1085
f 647 1690 605
f 660 975 837
f 703 982 842
f 493 500 495
f 1226 1227 1224
f 675 1638 838
f 394 399 398
f 489 981 491
f 985 986 908
f 1075 1077 1073
f 670 691 690
f 742 745 744
f 601 602 600
f 832 833 711
f 818 881 684
f 658 674 591
f 453 636 450
f 541 1629 665
f 546 1659 545
f 1247 1490 1170
f 426 1645 428
f 957 1082 956
f 771 774 773
f 1126 1632 958
f 624 630 619
f 482 1678 888
f 522 550 511
f 595 598 597
f 428 1645 431
f 537 701 539
f 905 906 705
f 737 964 735
f 996 1766 1584
f 505 786 471
f 1370 1373 1371
f 214 565 213
f 469 1700 195
f 500 508 501
f 1052 1053 829
f 788 790 789
f 369 637 367
f 102 685 280
f 749 753 750
f 741 742 739
f 1472 1474 1473
f 876 1011 776
f 373 1734 1648
f 407 593 409
f 788 789 787
f 747 749 748
f 797 1195 795
f 1655 1809 1138
f 1165 1376 1082
f 387 389 388
f 1058 1761 1272
f 338 1723 1497
f 920 921 765
f 680 1693 873
f 508 516 509
f 1509 1812 1511
f 1471 1472 1436
f 707 1661 708
f 1013 1594 899
f 745 747 746
f 1495 1894 1225
f 317 570 315
f 282 562 104
f 335 339 336
f 163 1678 162
f 658 698 675
f 539 540 538
f 384 385 382
f 669 670 633
f 703 842 704
f 877 1699 778
f 557 1024 1023
f 381 382 380
f 377 378 375
f 1736 1761 1058
f 567 1704 566
f 698 699 675
f 714 985 908
f 1474 1654 1473
f 838 1638 1120
f 941 1009 834
f 1473 1664 1436
f 193 1603 49
f 1114 1115 1078
f 742 743 739
f 638 787 393
f 838 1120 951
f 537 539 538
f 1087 1427 1127
f 374 375 371
f 1434 1664 1650
f 613 615 614
f 393 394 392
f 1493 1494 1282
f 918 1118 761
f 766 962 952
f 745 1660 747
f 516 521 520
f 444 446 445
f 731 1624 596
f 493 1668 500
f 852 1537 1535
f 325 327 326
f 447 459 445
f 818 882 881
f 1980 2012 1235
f 391 392 390
f 534 1548 532
f 409 1618 411
f 1436 1664 1434
f 1262 1715 1260
f 787 1652 393
f 435 1636 438
f 810 909 809
f 644 645 549
f 606 1619 843
f 521 572 571
f 1473 1710 1664
f 351 352 350
f 915 916 914
f 733 1681 1416
f 519 608 483
f 1009 1702 834
f 1388 2136 1267
f 958 1632 959
f 537 538 536
f 833 834 711
f 1279 1715 1262
f 1375 1676 1091
f 452 1752 460
f 1524 1526 1523
f 499 1369 1368
f 381 384 382
f 1746 1753 337
f 572 649 648
f 1431 1748 784
f 583 640 590
f 1596 1619 606
f 800 824 696
f 746 752 744
f 956 1759 1555
f 698 861 727
f 535 537 536
f 1416 1624 731
f 431 432 430
f 1094 1095 878
f 937 1112 1017
f 448 1637 595
f 861 1151 960
f 1006 1007 979
f 721 1964 1382
f 1002 1678 163
f 434 435 432
f 428 430 429
f 535 536 534
f 1227 1877 1229
f 742 744 743
f 642 1773 1295
f 295 668 83
f 393 1652 394
f 344 1419 1173
f 50 1700 1602
f 1101 1479 1408
f 1174 2016 1727
f 268 1667 267
f 893 1141 579
f 953 1099 868
f 1277 1278 1262
f 778 1636 434
f 1322 1696 848
f 384 387 385
f 823 850 849
f 14 860 128
f 875 899 851
f 774 876 776
f 880 922 853
f 833 835 834
f 789 1131 787
f 710 711 694
f 691 692 690
f 455 1609 352
f 808 809 603
f 450 1623 447
f 698 727 699
f 641 1698 441
f 649 664 663
f 735 1681 733
f 889 925 890
f 162 482 31
f 1138 1699 877
f 443 641 441
f 861 960 727
f 200 863 199
f 91 1266 261
f 446 447 445
f 435 437 436
f 687 1182 1107
f 631 779 630
f 195 1700 50
f 883 1714 1089
f 119 1736 118
f 680 681 664
f 329 1711 323
f 285 1378 2
f 313 1667 937
f 623 1694 769
f 745 746 744
f 322 329 323
f 657 1672 658
f 128 1673 127
f 527 543 526
f 1250 1348 1347
f 533 534 532
f 964 1681 735
f 394 1652 399
f 741 1683 742
f 657 658 591
f 1376 1377 1082
f 1571 1773 642
f 428 431 430
f 977 1006 979
f 268 1712 1667
f 411 1618 457
f 553 566 546
f 303 1245 1244
f 533 535 534
f 1497 1796 792
f 968 1605 931
f 761 1683 741
f 261 1679 260
f 438 440 439
f 1310 1351 1308
f 793 1685 831
f 737 1684 964
f 658 1672 698
f 1048 1758 1163
f 805 825 806
f 938 1066 815
f 857 859 858
f 382 396 380
f 850 851 849
f 754 757 756
f 391 638 393
f 739 1684 737
f 743 1684 739
f 442 444 443
f 1007 1670 1202
f 440 442 441
f 201 942 53
f 749 750 748
f 1260 1715 1263
f 434 1636 435
f 876 1012 1011
f 1073 1671 1071
f 837 1703 841
f 77 288 241
f 1531 1722 1532
f 1271 1756 1005
f 175 297 174
f 319 1669 317
f 753 754 750
f 928 1787 1786
f 457 1725 413
f 771 1682 774
f 1071 1671 1389
f 626 1694 623
f 835 1232 941
f 150 1738 149
f 967 1743 969
f 475 479 461
f 747 748 746
f 1065 1766 1050
f 1894 1912 1225
f 987 1454 1453
f 488 499 486
f 389 391 390
f 1120 1656 951
f 1350 1761 589
f 260 917 90
f 1170 1190 1189
f 1116 1395 1394
f 698 1672 861
f 987 1364 986
f 947 1302 1301
f 1885 2005 1321
f 96 1712 268
f 913 914 859
f 629 633 632
f 1043 1644 780
f 500 501 495
f 692 693 690
f 492 1103 490
f 441 1698 439
f 435 438 437
f 62 682 216
f 300 1223 1222
f 508 509 501
f 349 551 345
f 864 1010 848
f 108 1646 107
f 920 1148 921
f 814 938 815
f 487 1745 489
f 672 1647 576
f 670 690 689
f 629 632 626
f 247 1797 246
f 531 532 530
f 445 1707 443
f 496 497 494
f 1116 1394 1115
f 1227 1229 1228
f 449 1716 452
f 531 533 532
f 1077 1671 1073
f 568 569 567
f 694 874 693
f 603 1596 602
f 1151 2037 1567
f 576 1647 519
f 937 1667 1112
f 981 1668 491
f 692 694 693
f 1141 1209 579
f 809 1596 603
f 1090 1157 1091
f 795 1685 793
f 1651 1687 1533
f 754 755 750
f 313 937 936
f 1241 1242 1240
f 856 1084 812
f 876 1135 1012
f 569 582 581
f 516 520 509
f 843 1619 947
f 813 857 856
f 757 759 758
f 146 679 145
f 378 1000 375
f 818 1714 883
f 1118 1683 761
f 413 1725 415
f 687 1107 339
f 116 304 7
f 760 830 758
f 756 894 755
f 790 802 791
f 333 1056 1055
f 198 1593 197
f 498 502 497
f 928 1786 114
f 525 526 503
f 941 1117 1009
f 521 571 520
f 926 1580 949
f 1056 1057 1055
f 471 1601 329
f 759 762 760
f 1195 1685 795
f 1653 1744 985
f 354 355 353
f 502 1688 988
f 566 1659 546
f 831 1609 455
f 1006 1008 1007
f 1626 1627 1625
f 1196 1274 1043
f 352 354 353
f 572 648 571
f 754 756 755
f 835 941 834
f 632 1694 626
f 803 897 805
f 670 689 633
f 349 1020 551
f 1090 1091 1088
f 1131 1709 1652
f 774 1682 876
f 1523 1561 819
f 1443 1793 1557
f 870 1122 1067
f 649 663 648
f 1158 1250 1159
f 704 1704 581
f 939 1299 465
f 1789 1963 982
f 476 1682 771
f 1278 1279 1262
f 520 573 509
f 1654 1710 1473
f 648 678 571
f 380 1697 378
f 162 1678 482
f 107 1646 285
f 525 527 526
f 985 987 986
f 459 1707 445
f 613 1001 615
f 415 1725 613
f 437 1705 448
f 987 1453 1364
f 519 1647 608
f 1304 1305 855
f 1359 2003 308
f 371 1717 369
f 590 657 591
f 408 1721 406
f 582 1701 703
f 803 804 791
f 52 700 198
f 493 495 494
f 901 902 900
f 491 493 492
f 498 524 503
f 1721 1862 451
f 595 1637 598
f 994 1750 995
f 369 1717 637
f 875 1013 899
f 1242 1773 1240
f 975 1734 977
f 1616 1628 458
f 438 439 437
f 894 1061 973
f 1278 1281 1280
f 524 579 525
f 757 758 756
f 401 472 403
f 444 445 443
f 1017 1230 1016
f 883 1087 882
f 323 325 324
f 1041 1212 1039
f 1809 1818 1138
f 884 1043 780
f 1182 1713 1107
f 593 1618 409
f 365 456 363
f 657 1726 1586
f 598 601 600
f 1648 1734 975
f 1008 1670 1007
f 1138 1818 1699
f 665 1744 1653
f 27 1708 154
f 662 1737 823
f 759 760 758
f 491 1668 493
f 713 864 848
f 375 1717 371
f 304 1158 1128
f 1024 1036 1023
f 636 1623 450
f 40 1908 177
f 451 1769 1543
f 712 713 645
f 1665 1767 1143
f 551 1746 345
f 367 1666 365
f 391 393 392
f 444 1863 1799
f 937 1016 936
f 527 1724 1588
f 1380 1393 1245
f 1175 1350 589
f 336 338 337
f 834 1702 711
f 1698 1705 439
f 937 1017 1016
f 909 1160 1155
f 1147 1605 968
f 872 1677 681
f 154 563 153
f 333 1058 1056
f 711 1702 694
f 495 496 494
f 496 498 497
f 818 883 882
f 442 443 441
f 317 1669 570
f 440 441 439
f 762 763 760
f 590 591 584
f 1089 1090 1088
f 640 1726 590
f 694 1702 874
f 1190 1191 1189
f 811 813 812
f 925 926 890
f 403 1793 405
f 860 1673 128
f 493 494 492
f 583 590 584
f 1482 2103 634
f 889 890 887
f 808 810 809
f 1537 1857 1538
f 703 1701 982
f 335 336 331
f 498 503 502
f 1058 1272 1237
f 1625 1627 1054
f 1005 1704 704
f 197 1593 659
f 664 1706 663
f 1239 1243 1241
f 824 1706 696
f 1601 1711 329
f 1052 1188 1053
f 489 491 490
f 1008 1695 1670
f 779 1644 870
f 583 584 582
f 1266 1679 261
f 810 1729 909
f 589 1736 119
f 1250 1347 1159
f 336 337 331
f 524 525 503
f 808 811 810
f 308 1738 150
f 487 488 486
f 617 624 619
f 491 492 490
f 480 557 479
f 716 1558 588
f 1219 1846 1218
f 555 1737 662
f 560 1287 57
f 875 1014 1013
f 601 603 602
f 762 764 763
f 330 331 328
f 823 950 850
f 483 1663 480
f 399 1709 401
f 924 1146 945
f 876 1682 1135
f 573 1806 1790
f 910 1005 704
f 985 1744 987
f 1704 1756 566
f 1280 1283 1279
f 827 1052 829
f 590 1726 657
f 339 1723 336
f 1058 1237 1056
f 3 911 108
f 352 353 350
f 1777 1818 874
f 1209 1724 579
f 803 805 804
f 1606 1732 763
f 1667 1712 1112
f 6 1786 113
f 814 1312 938
f 1000 1717 375
f 216 1571 215
f 396 1697 380
f 1107 1723 339
f 637 1666 367
f 260 1679 917
f 853 943 800
f 378 1697 1000
f 1078 1757 1077
f 799 1798 1626
f 304 896 7
f 114 1786 6
f 1072 1741 1074
f 526 1688 503
f 448 1705 1637
f 1037 1038 1036
f 130 798 129
f 321 1733 319
f 569 583 582
f 883 1088 1087
f 503 1688 502
f 1239 1241 1240
f 713 848 645
f 916 1060 1046
f 487 489 488
f 790 791 789
f 681 696 664
f 492 1718 1103
f 1652 1709 399
f 857 858 856
f 786 1601 471
f 345 1746 337
f 300 1222 70
f 823 1737 950
f 453 1751 636
f 1397 1430 1395
f 764 765 763
f 480 1663 557
f 813 856 812
f 279 334 101
f 681 1677 697
f 359 517 357
f 807 808 603
f 497 1718 494
f 327 328 326
f 850 875 851
f 461 1751 453
f 1494 1958 1282
f 601 807 603
f 1158 1159 1128
f 811 812 810
f 910 1270 1005
f 977 1734 1006
f 766 920 765
f 756 1719 894
f 1210 1918 1505
f 613 1725 1001
f 1082 1759 956
f 312 1379 84
f 439 1705 437
f 665 1768 1744
f 529 531 530
f 830 1719 758
f 525 1724 527
f 860 1674 1673
f 489 490 488
f 696 1706 664
f 579 1724 525
f 13 1063 126
f 612 1742 353
f 1562 1889 676
f 303 1380 1245
f 909 1729 1160
f 240 1455 76
f 1423 1829 1425
f 962 1021 952
f 405 1780 407
f 1182 1749 1713
f 1398 1399 1004
f 1124 1269 1217
f 615 1735 617
f 1236 1760 220
f 1634 1754 748
f 323 324 321
f 1004 1720 901
f 1747 1765 1131
f 894 1719 1061
f 125 1930 124
f 1100 1677 872
f 842 910 704
f 1278 1280 1279
f 758 1719 756
f 1374 1878 1856
f 1281 1282 1280
f 922 1919 1899
f 1084 1729 812
f 557 1023 1022
f 293 1575 239
f 9 1175 589
f 653 1837 651
f 584 1701 582
f 1870 1873 1023
f 760 1732 830
f 476 1752 1682
f 802 803 791
f 328 801 326
f 969 1743 1325
f 1238 1239 682
f 789 1747 1131
f 1162 1758 1048
f 401 1709 472
f 995 1750 1172
f 748 1754 746
f 489 1745 981
f 860 1675 1674
f 346 350 349
f 304 1128 896
f 494 1718 492
f 608 1663 483
f 678 1731 571
f 1054 1558 716
f 220 1760 65
f 766 952 920
f 648 1730 678
f 478 510 463
f 520 1731 573
f 1223 1224 1222
f 884 1196 1043
f 1031 1033 1029
f 349 1742 1020
f 1536 1917 1622
f 825 1783 827
f 987 1744 1454
f 336 1723 338
f 744 1779 743
f 924 945 922
f 746 1754 752
f 681 697 696
f 571 1731 520
f 804 1747 791
f 697 853 800
f 1744 1768 1454
f 624 631 630
f 1001 1735 615
f 697 800 696
f 460 1752 476
f 916 1046 914
f 663 1730 648
f 938 1184 1066
f 1144 1235 1145
f 479 1751 461
f 325 326 324
f 465 1832 173
f 365 1666 456
f 242 1366 1275
f 1405 2023 650
f 764 766 765
f 1422 1498 646
f 936 1727 935
f 557 1022 479
f 631 781 780
f 350 1742 349
f 1174 1727 936
f 763 1732 760
f 1164 1755 1021
f 319 1733 1669
f 1821 2137 2073
f 533 671 535
f 1330 1816 1328
f 338 346 345
f 781 884 780
f 1133 1829 1026
f 949 1170 1169
f 642 1295 1286
f 529 530 528
f 254 2074 1298
f 870 1644 1122
f 911 1646 108
f 901 1720 902
f 632 1795 1620
f 812 1729 810
f 496 1767 1665
f 531 1728 533
f 1170 1189 1169
f 1303 2147 679
f 668 1104 83
f 1517 1763 1381
f 154 1708 563
f 1682 1752 1135
f 62 1238 682
f 631 780 779
f 1779 1811 1472
f 338 345 337
f 566 1756 1659
f 1050 1766 996
f 1409 1411 1410
f 1032 1144 1035
f 495 1767 496
f 1227 1228 1224
f 337 1753 331
f 1174 2068 2016
f 1234 2073 35
f 529 695 531
f 1504 1947 1076
f 1409 1410 945
f 867 1813 1194
f 1115 1757 1078
f 1216 1808 1248
f 215 1571 642
f 1356 1997 1750
f 275 1834 302
f 334 1208 101
f 1432 1931 1111
f 1377 1759 1082
f 353 1742 350
f 1022 1751 479
f 727 1805 728
f 999 1813 730
f 1543 1769 1546
f 1629 1768 665
f 1767 1790 1143
f 780 1644 779
f 1005 1756 1704
f 1144 1145 1035
f 1777 1817 1573
f 617 1735 624
f 129 1802 14
f 633 1795 632
f 1533 1804 433
f 1780 1793 1443
f 482 887 886
f 1483 1983 1324
f 328 1753 801
f 1846 2114 685
f 346 349 345
f 1807 1891 1065
f 791 1747 789
f 501 1767 495
f 1128 1496 896
f 1169 1171 948
f 478 511 510
f 875 1772 1014
f 1445 1920 863
f 1783 1810 1125
f 1313 1960 1104
f 926 949 948
f 263 2084 2018
f 926 948 890
f 373 1782 1734
f 331 1753 328
f 1240 1773 1571
f 1243 1363 1241
f 689 1809 1655
f 1146 1409 945
f 915 1873 1870
f 589 1761 1736
f 1584 1850 992
f 654 2000 1419
f 1131 1765 1709
f 1758 1776 801
f 950 1772 850
f 1328 1816 1708
f 1150 1988 1965
f 842 955 910
f 1790 1806 1143
f 1861 1916 701
f 348 634 341
f 573 1790 509
f 1413 1861 671
f 324 1733 321
f 182 340 43
f 1511 1812 1782
f 326 1776 324
f 184 1838 183
f 690 1809 689
f 1734 1782 1006
f 673 1771 185
f 324 1776 1733
f 1032 1035 1034
f 14 1802 860
f 890 1762 887
f 601 1764 807
f 946 1856 844
f 1399 1720 1004
f 523 528 522
f 1139 1839 1822
f 887 1762 886
f 560 1923 1311
f 523 529 528
f 850 1772 875
f 1637 1764 598
f 869 1856 1044
f 1404 2097 1893
f 752 1779 744
f 1032 1034 1031
f 1115 1778 1757
f 1709 1765 472
f 1098 1231 1064
f 1132 1785 1619
f 1629 1803 1768
f 289 1830 277
f 407 1780 593
f 598 1764 601
f 1245 1840 1246
f 1603 1890 1283
f 172 1832 715
f 1415 1989 575
f 695 1728 531
f 512 643 523
f 1394 1778 1115
f 31 2052 161
f 110 1847 109
f 1173 2089 1312
f 158 1823 157
f 1106 1864 1249
f 1130 1819 1579
f 983 1789 1581
f 563 1816 1402
f 1006 1782 1008
f 1960 2020 1185
f 583 1827 640
f 482 886 31
f 631 1775 781
f 1107 1796 1723
f 410 1839 408
f 1808 2130 1248
f 1631 2019 1467
f 310 1977 1349
f 478 512 511
f 533 1728 671
f 1395 1814 1394
f 801 1776 326
f 1619 1785 947
f 949 1169 948
f 512 522 511
f 1729 1781 1160
f 334 1970 1208
f 1051 1064 1050
f 1310 1882 1352
f 120 2140 9
f 1911 1927 1546
f 1699 1777 1574
f 827 1783 1052
f 1172 1997 1578
f 1712 1880 1112
f 1588 1848 1589
f 1460 1844 1079
f 1116 1867 1396
f 501 1790 1767
f 1243 2059 1363
f 477 478 463
f 947 1785 1302
f 1769 1911 1546
f 1166 1800 1357
f 1480 2103 1482
f 1617 1968 824
f 306 1858 587
f 462 463 348
f 85 1298 609
f 805 1810 825
f 509 1790 501
f 201 1825 942
f 1735 1775 624
f 1764 1826 1692
f 347 507 462
f 1547 1798 799
f 568 1827 569
f 1156 1867 1114
f 700 1593 198
f 586 1962 30
f 882 1842 881
f 1438 1928 785
f 1 1828 283
f 1103 1833 490
f 512 523 522
f 1723 1796 1497
f 1698 1849 1826
f 232 1887 231
f 1139 1822 1015
f 9 2140 1175
f 1702 1817 874
f 405 1793 1780
f 1499 1801 305
f 311 1828 1
f 1444 1906 457
f 1084 1781 1729
f 499 1833 1369
f 292 1996 1420
f 701 1803 1629
f 454 1863 442
f 355 1860 612
f 1573 1854 454
f 689 1795 633
f 624 1775 631
f 1030 1032 1031
f 1713 1796 1107
f 1797 2118 1323
f 488 1833 499
f 1575 1967 585
f 547 1890 1603
f 1822 1839 433
f 948 1762 890
f 1171 1762 948
f 1868 1883 636
f 728 1805 999
f 1662 1879 1661
f 1660 1893 767
f 1817 1854 1573
f 1781 1996 292
f 462 477 463
f 1143 1806 1142
f 1066 1824 1496
f 1525 1897 1522
f 1570 1937 1525
f 1782 1812 1008
f 1687 1804 1533
f 1390 1808 1216
f 340 341 43
f 1015 1822 1130
f 465 2034 1832
f 283 1828 1439
f 1579 1811 752
f 529 1784 695
f 1203 1945 1080
f 1431 1794 1748
f 342 2130 1808
f 1062 2087 1696
f 836 2067 1489
f 798 1802 129
f 1030 1031 1029
f 564 1843 258
f 1698 1826 1705
f 266 1971 1265
f 695 1792 1728
f 1854 1863 454
f 59 2048 1018
f 158 1924 1823
f 537 1861 701
f 730 1813 867
f 288 1853 241
f 721 1946 1608
f 1594 1821 1124
f 874 1817 1777
f 1637 1826 1764
f 860 1802 1675
f 523 1784 529
f 973 1862 1139
f 693 1809 690
f 1121 1972 1542
f 1803 1912 1768
f 1387 2038 1033
f 897 1810 805
f 1049 1051 1050
f 1239 1895 1243
f 303 1823 1380
f 1124 1821 1269
f 1139 1862 1721
f 1243 2119 2059
f 1457 2071 1193
f 1687 1819 1804
f 1706 2146 1907
f 1359 1985 984
f 1527 1907 1615
f 553 1881 568
f 347 462 348
f 643 1784 523
f 1589 1881 552
f 724 1964 652
f 693 1818 1809
f 1064 1807 1065
f 1418 2123 1417
f 515 1030 1029
f 1008 1812 1695
f 1791 2047 1028
f 1079 1905 1045
f 1181 1954 1914
f 63 1956 1760
f 506 2030 1427
f 347 348 341
f 1804 1819 1130
f 1209 1848 1724
f 1927 1965 1545
f 971 1865 1166
f 1009 1817 1702
f 1816 1841 1402
f 1283 1890 1279
f 15 1969 1407
f 517 1860 357
f 1474 1819 1687
f 515 1029 1028
f 506 1969 131
f 874 1818 693
f 240 1853 1455
f 105 1901 311
f 1635 1932 513
f 1418 1845 1792
f 271 1955 290
f 1632 2120 585
f 1600 2030 16
f 1430 1814 1395
f 30 1962 160
f 202 1825 201
f 542 2087 1391
f 144 2096 513
f 1695 1902 1670
f 611 1903 388
f 1826 1849 1692
f 245 1323 79
f 1023 1873 1022
f 752 1811 1779
f 634 2111 1482
f 1368 1891 1367
f 1549 1953 383
f 60 1994 1518
f 990 1918 991
f 1842 1981 1808
f 1119 1893 1118
f 1026 1829 1423
f 1583 1831 940
f 310 1896 135
f 340 1791 347
f 1062 1921 862
f 178 1908 40
f 717 1964 721
f 1112 1926 1017
f 1567 2017 1568
f 95 2142 266
f 1708 1816 563
f 915 1870 916
f 1090 1820 1157
f 157 1823 303
f 277 1830 100
f 204 1961 55
f 726 1943 683
f 671 1861 535
f 1398 2092 74
f 677 1957 191
f 1804 1822 433
f 55 1961 203
f 687 1921 1182
f 569 1827 583
f 1305 1788 855
f 1009 1854 1817
f 640 1902 1726
f 922 1899 853
f 1196 2099 1274
f 676 1889 1408
f 1705 1826 1637
f 257 885 88
f 1137 1884 1140
f 56 1925 205
f 1400 1874 477
f 1566 2017 1567
f 1643 1989 1348
f 192 1909 677
f 1541 1883 1868
f 258 1843 257
f 1611 1968 1617
f 1251 2053 1186
f 1482 2111 510
f 1102 1975 1059
f 179 1908 178
f 1125 1900 1783
f 1615 1968 1612
f 173 1832 172
f 1276 1963 1789
f 1150 1965 1606
f 1384 2008 1385
f 1130 1822 1804
f 1552 2143 1236
f 1548 1992 1537
f 568 2093 1827
f 1406 2027 1674
f 1467 1999 1161
f 551 1978 1746
f 1256 1923 1252
f 651 1837 724
f 361 1929 359
f 1519 1989 1643
f 1290 2040 1289
f 611 2066 1478
f 340 347 341
f 1831 2031 1673
f 1597 1982 1113
f 53 1938 200
f 1706 1907 663
f 363 1939 361
f 1339 1949 1358
f 148 1941 147
f 1097 2103 1480
f 180 1928 42
f 666 1974 222
f 221 1974 559
f 1600 1981 1127
f 284 1880 1712
f 90 1936 485
f 1347 1931 1159
f 1210 2106 1918
f 847 2006 1547
f 556 1838 184
f 10 2027 1406
f 1193 2071 1774
f 490 1833 488
f 299 2022 236
f 433 1839 410
f 1751 1868 636
f 1821 2073 1234
f 1899 1919 1168
f 855 1788 233
f 1455 2126 293
f 1393 1840 1245
f 1127 1842 882
f 1417 2123 2001
f 1272 1943 1237
f 477 1874 478
f 347 1791 507
f 161 2052 306
f 1330 1841 1816
f 783 2064 190
f 942 1938 53
f 276 1834 275
f 1363 1851 1241
f 199 1920 52
f 1595 1976 753
f 1402 1841 1404
f 841 2002 1570
f 464 1984 398
f 1464 1844 1460
f 1111 2104 1415
f 1357 2117 634
f 34 2009 1431
f 547 1966 1890
f 1413 1916 1861
f 269 1950 284
f 457 1906 1725
f 1367 1891 1192
f 467 2138 1355
f 1507 2090 1297
f 802 1948 803
f 1535 1917 1536
f 1190 2070 1307
f 1226 1916 1413
f 641 1849 1698
f 42 1928 1136
f 1484 1912 1803
f 73 2075 1221
f 1198 2135 1284
f 1056 1942 1057
f 992 1850 1491
f 1541 1873 915
f 1346 2092 1398
f 1329 1976 1330
f 1823 1924 1164
f 916 1869 1060
f 1192 2144 259
f 1605 2085 963
f 849 2045 1264
f 919 2020 1960
f 1567 2037 395
f 1123 2045 851
f 1336 1845 1418
f 1030 1935 1032
f 1411 1948 1410
f 550 1959 1481
f 1599 1852 840
f 1122 1970 1067
f 241 1853 240
f 1692 1849 1592
f 1051 1098 1064
f 724 2039 1351
f 1052 1900 1188
f 1559 1857 1465
f 1724 1848 1588
f 1792 1845 1229
f 136 1977 310
f 512 1874 643
f 976 2102 1703
f 1719 1911 1061
f 208 2053 560
f 81 2118 247
f 1707 1888 1876
f 650 2023 1820
f 1199 1946 1201
f 164 2025 32
f 961 2143 1552
f 132 2030 506
f 1277 1998 1278
f 1410 1919 945
f 1617 1972 1616
f 831 2017 1609
f 952 1951 920
f 1273 2046 923
f 844 1856 869
f 641 1876 1849
f 1910 2007 1775
f 1220 1947 1219
f 667 2036 188
f 187 2036 578
f 1094 2021 1095
f 113 1995 5
f 1707 1876 641
f 1061 1911 1769
f 1907 2146 1615
f 1186 2053 209
f 959 2051 1639
f 1325 1865 971
f 138 2138 467
f 48 1957 783
f 213 1994 60
f 167 2009 34
f 685 1991 280
f 5 1995 654
f 122 2027 10
f 1117 1854 1009
f 842 1963 955
f 1353 1977 18
f 484 1875 1530
f 1140 2101 1487
f 1414 1934 673
f 1033 2136 1388
f 1792 1877 1728
f 864 1986 1010
f 1700 1952 1602
f 1095 2041 1662
f 1403 2013 286
f 607 2015 1688
f 1179 2139 979
f 535 1861 537
f 1241 1851 1242
f 1194 1864 1106
f 1735 1910 1775
f 287 1878 1374
f 357 1860 355
f 1714 1973 1089
f 1104 1960 1185
f 109 1847 298
f 1440 2069 1597
f 1592 1876 1591
f 1604 2021 607
f 49 1909 192
f 1117 1863 1854
f 1011 1884 776
f 397 2066 392
f 916 1870 1869
f 1913 2121 299
f 1291 1892 1290
f 1762 1836 886
f 776 1884 1686
f 561 2137 1794
f 1849 1876 1592
f 1656 2051 1576
f 856 1993 1084
f 1033 2038 1029
f 833 2067 836
f 98 1871 272
f 1827 2093 1202
f 1114 1867 1116
f 1458 1940 1256
f 986 2107 908
f 1280 1958 1283
f 1876 1888 1591
f 1061 1862 973
f 988 2015 990
f 1203 2014 1945
f 1080 2067 832
f 1838 1935 1030
f 17 2130 134
f 1096 1888 1886
f 315 2019 307
f 1813 2105 1194
f 1025 1883 1541
f 1020 2035 1580
f 279 1991 334
f 1355 1898 1354
f 1283 1909 1603
f 1659 2041 545
f 1851 2064 783
f 39 2057 175
f 1159 1990 1128
f 1044 1878 1508
f 1580 2035 1247
f 1036 1870 1023
f 382 2028 396
f 1352 1882 1384
f 505 2081 786
f 390 2066 611
f 1886 1888 459
f 1314 2105 797
f 2055 2090 1508
f 1120 2051 1656
f 585 2120 1426
f 1794 2009 561
f 1623 1886 459
f 1145 1872 1035
f 587 1858 653
f 1855 2099 1196
f 1424 1895 932
f 234 2075 73
f 37 2129 171
f 1518 1994 1277
f 1038 1869 1036
f 1832 2034 1217
f 307 2025 164
f 926 2088 1580
f 1774 2071 939
f 1591 1888 1096
f 74 2092 235
f 52 1920 700
f 1798 1951 952
f 35 2073 168
f 1580 2088 1306
f 1096 1886 1025
f 1726 1902 1587
f 135 1896 17
f 552 1881 553
f 1761 1973 1272
f 1315 1985 1359
f 1661 1879 708
f 297 2056 174
f 1869 1870 1036
f 1603 1909 49
f 1741 1947 1220
f 1047 2088 925
f 510 2111 463
f 1883 1886 1623
f 1448 1985 1315
f 1602 1966 547
f 189 2064 1363
f 1763 1875 484
f 74 2022 1398
f 1022 1868 1751
f 1731 1937 573
f 636 1883 1623
f 1238 2078 1895
f 1889 1926 1408
f 231 1887 473
f 1089 2091 1090
f 1229 1877 1792
f 1025 1886 1883
f 1163 1978 1047
f 1758 2042 1163
f 1758 2098 1776
f 1686 1884 1137
f 1054 2115 1558
f 246 1797 245
f 266 2142 1971
f 549 2087 542
f 1118 1893 1660
f 612 2035 1742
f 1321 2074 254
f 478 1874 512
f 1098 2005 1231
f 1646 2024 285
f 679 2147 145
f 289 2011 1565
f 126 1930 125
f 1633 2013 1119
f 1965 1988 1545
f 1518 1979 60
f 1522 1897 1524
f 1248 1896 1215
f 211 2048 59
f 459 1888 1707
f 4 2082 110
f 1673 2132 1831
f 1256 2128 1923
f 1279 1890 1715
f 1746 2042 1753
f 1454 1894 1453
f 1895 2078 932
f 1799 1863 1117
f 1805 1866 999
f 898 2082 4
f 1134 2012 1934
f 1728 1877 671
f 257 1843 885
f 1391 2087 1062
f 1774 2056 297
f 1538 1917 1535
f 1565 2011 1122
f 1171 1836 1762
f 1162 2098 1758
f 1238 1895 1239
f 1568 1866 1805
f 2027 2132 1674
f 1756 2033 1659
f 1296 2122 1011
f 106 1901 105
f 1717 2112 637
f 1880 1975 1102
f 1901 1982 311
f 388 1903 385
f 1675 1954 1406
f 801 2042 1758
f 1160 1932 1155
f 853 1899 943
f 1049 1944 1051
f 1807 2043 1891
f 1445 2040 1920
f 1872 1904 1035
f 1045 1905 1391
f 1195 2105 1813
f 668 2094 1104
f 1481 1959 1147
f 1871 1955 272
f 1147 1959 1605
f 212 1979 514
f 1828 2069 1440
f 1031 2136 1033
f 1206 2007 1207
f 705 2078 217
f 1249 1913 1126
f 902 2127 900
f 2018 2084 1197
f 1028 2047 44
f 1252 1923 1251
f 1414 2109 1934
f 1830 2099 558
f 44 2047 182
f 1397 2024 1835
f 1669 1999 570
f 1622 1917 709
f 1938 2095 2077
f 1921 2076 1182
f 1176 1988 1150
f 1848 2139 1589
f 32 2025 1002
f 1725 1906 1001
f 1783 1900 1052
f 673 2012 1771
f 1189 2072 1169
f 1865 2058 1166
f 1407 2062 798
f 1820 2023 1157
f 663 1907 1730
f 1355 2138 1515
f 1486 2029 1206
f 1035 1904 1034
f 1868 1873 1541
f 1063 1930 126
f 1171 1858 1836
f 244 2020 78
f 1733 2098 1669
f 991 1918 994
f 1136 1908 179
f 1263 2049 1258
f 1001 1910 1735
f 863 1920 199
f 1906 1910 1001
f 830 1911 1719
f 348 2111 634
f 1060 2086 1801
f 862 1921 687
f 205 1925 1183
f 1454 1912 1894
f 1207 2007 1910
f 830 1927 1911
f 999 2079 1813
f 29 1924 158
f 917 1936 90
f 556 1980 1935
f 785 1928 180
f 1515 2138 19
f 1206 2029 2007
f 60 1979 212
f 1391 2063 542
f 1421 2116 1422
f 1209 2102 1848
f 1597 2069 1982
f 1914 1954 1675
f 1408 1926 1102
f 1768 1912 1454
f 1022 1873 1868
f 1134 1934 1133
f 1749 2076 1010
f 1851 2004 1242
f 816 1931 1432
f 1250 2032 1348
f 1053 2050 1486
f 945 1919 922
f 1934 2109 1133
f 1632 1967 959
f 1481 2145 510
f 1890 1966 1715
f 485 1936 768
f 1385 2112 1933
f 1085 2126 1455
f 1922 2101 1140
f 1673 2031 127
f 1164 1924 1755
f 1787 1995 1786
f 359 1929 517
f 1942 2032 1057
f 1076 1947 1741
f 1265 1971 1680
f 1732 1927 830
f 1608 1946 1199
f 1415 2104 1989
f 1084 1996 1781
f 701 1916 1803
f 1697 1933 1000
f 160 1962 1441
f 683 1943 817
f 1032 1935 1144
f 200 1938 863
f 131 1969 15
f 147 1941 287
f 1237 1942 1056
f 456 1939 363
f 245 1797 1323
f 783 2004 1851
f 1172 1944 1049
f 1540 1959 550
f 1171 2072 1858
f 1938 2077 863
f 540 2063 706
f 556 1935 1838
f 1489 2101 836
f 798 1914 1802
f 1211 1987 1134
f 1771 1980 556
f 1720 2121 1249
f 1406 1954 1405
f 270 1950 269
f 803 1948 897
f 652 1964 717
f 383 1953 1510
f 1820 2140 650
f 1558 1962 586
f 340 2047 1791
f 1290 2141 2040
f 1183 1961 204
f 127 2031 13
f 920 1951 1148
f 272 1955 271
f 1802 1914 1675
f 191 1957 48
f 1813 2079 1195
f 1337 2001 1400
f 1787 2100 1995
f 654 2100 2000
f 1801 2086 1515
f 1100 1983 1483
f 1349 1977 1353
f 1898 2086 1060
f 1504 2114 1947
f 1903 2028 385
f 1180 2062 1407
f 1743 2057 1325
f 1372 1952 1700
f 1538 2081 1917
f 1478 2010 1177
f 1486 2050 2029
f 297 2057 1743
f 1656 2126 1085
f 982 1963 842
f 1760 1956 65
f 1547 1951 1798
f 1398 2022 1399
f 287 1941 1878
f 1341 1949 1339
f 110 2082 1847
f 1612 1968 1611
f 1576 1967 1575
f 236 2022 74
f 1963 2065 955
f 1282 1958 1280
f 1236 2143 1760
f 2073 2137 561
f 1848 2102 978
f 1351 2039 1308
f 1935 1980 1144
f 1177 2010 1176
f 1616 1972 1121
f 1917 2081 709
f 1067 1970 1318
f 573 1937 1806
f 1356 2106 1210
f 1059 1975 1273
f 978 2139 1848
f 1407 1969 1375
f 1304 2080 1305
f 1217 2034 1123
f 1878 1941 1508
f 1306 1978 551
f 1308 2039 1191
f 203 2026 54
f 1827 2113 640
f 753 1976 1657
f 1320 1979 1518
f 1715 1966 1263
f 202 2026 1825
f 1858 2072 653
f 1181 2062 1180
f 886 2052 31
f 1922 2122 1296
f 640 2113 1902
f 222 1974 221
f 1350 1973 1761
f 264 2084 93
f 1420 1996 1421
f 1606 1965 1732
f 1662 2033 1879
f 1923 2128 1311
f 863 2077 1445
f 18 1977 136
f 1113 1982 1156
f 1918 2106 994
f 1493 2004 1494
f 1482 2145 1480
f 342 1981 1600
f 54 2026 202
f 510 2145 1482
f 398 1984 397
f 1312 2089 938
f 1175 2091 1350
f 1808 1981 342
f 1913 2120 1126
f 1545 1988 464
f 639 1992 1548
f 1732 1965 1927
f 575 1989 1519
f 984 1985 1633
f 13 2031 1063
f 1731 2108 1937
f 1003 2058 1865
f 1148 2131 1149
f 22 2096 144
f 1578 1997 312
f 89 2144 564
f 1156 1982 1901
f 1144 1980 1235
f 1760 2143 905
f 265 2133 1197
f 900 1986 864
f 280 1991 279
f 1750 2106 1356
f 1642 2037 1153
f 1161 1999 1162
f 815 2125 816
f 1438 2058 1003
f 1609 2017 1566
f 262 2018 91
f 1002 2025 1631
f 1278 1998 1281
f 1153 2037 1151
f 115 2044 928
f 1235 1987 1145
f 1142 2002 1141
f 1496 2125 1066
f 1322 2076 1921
f 1182 2076 1749
f 1141 2002 1703
f 1297 2003 1165
f 517 2070 1860
f 565 1994 213
f 858 1993 856
f 1920 2040 700
f 1874 2001 643
f 1476 2006 847
f 561 2009 167
f 1674 2132 1673
f 1177 2131 1476
f 1515 2086 1355
f 1128 1990 1496
f 1127 1981 1842
f 1258 2049 1257
f 38 2056 939
f 1933 2112 1000
f 1419 2000 1173
f 1242 2004 1493
f 1738 2003 1297
f 1703 2002 841
f 2007 2029 781
f 308 2003 1738
f 1750 1997 1172
f 1794 2137 1594
f 1392 2054 1158
f 1820 2091 1175
f 1945 2014 298
f 542 2063 540
f 16 2030 132
f 1202 2113 1827
f 637 2008 1666
f 1952 2049 1263
f 1688 2015 988
f 1066 2125 815
f 940 2027 122
f 768 2016 1745
f 1191 2039 1837
f 1396 2024 1397
f 1506 2021 1094
f 1175 2140 1820
f 570 2019 315
f 78 2020 919
f 284 1975 1880
f 1995 2100 654
f 1158 2054 1250
f 1178 2127 1314
f 1348 2032 1643
f 385 2028 382
f 1157 2023 1181
f 1615 2146 1968
f 395 2037 1642
f 1914 2062 1181
f 1271 2033 1756
f 188 2036 187
f 1458 2124 1371
f 592 2055 24
f 1775 2007 781
f 706 2063 1905
f 1786 1995 113
f 1275 2065 1276
f 545 2041 1604
f 923 2046 1100
f 1400 2001 1874
f 1500 2116 858
f 781 2029 884
f 94 2133 265
f 963 2085 1622
f 1800 2058 1438
f 851 2045 849
f 1299 2034 465
f 1431 2009 1794
f 928 2044 1824
f 1100 2046 1983
f 939 2056 1774
f 1993 2116 1421
f 938 2089 1184
f 1742 2035 1020
f 678 2108 1731
f 1149 2131 1177
f 209 2053 208
f 1357 2103 1097
f 1847 2082 1081
f 1639 2051 1120
f 1422 2116 1500
f 1264 2071 1457
f 1257 2124 1458
f 1480 2145 1481
f 47 2059 667
f 190 2064 189
f 1133 2109 1829
f 24 2055 148
f 2029 2050 884
f 514 2048 211
f 174 2056 38
f 1490 2070 1190
f 940 2132 2027
f 1029 2038 1028
f 1643 2032 1942
f 1344 2061 1845
f 392 2066 390
f 11 2060 1583
f 1753 2042 801
f 1363 2064 1851
f 1525 2108 1897
f 1289 2040 1445
f 578 2109 1414
f 832 2067 833
f 2100 2134 1184
f 1902 2113 1670
f 175 2057 297
f 1881 2093 568
f 1937 2108 1525
f 168 2073 561
f 2016 2068 1745
f 884 2050 1196
f 564 2043 1807
f 905 2143 961
f 650 2140 120
f 1825 2110 942
f 1860 2070 1490
f 1787 2134 2100
f 1508 2090 1507
f 1364 2080 986
f 709 2081 505
f 1166 2058 1800
f 1200 2135 1198
f 1010 2076 1322
f 932 2078 705
f 1229 2061 1228
f 1202 2093 1179
f 291 2075 234
f 1696 2087 549
f 182 2047 340
f 1081 2082 898
f 2049 2124 1257
f 908 2107 1086
f 978 2102 976
f 1063 2031 1831
f 767 2097 1595
f 248 2118 81
f 1487 2101 1489
f 1293 2095 1925
f 1276 2065 1963
f 1195 2079 1685
f 1879 2033 1271
f 1184 2134 1066
f 235 2092 291
f 925 2088 926
f 1745 2068 981
f 1595 2097 1841
f 797 2105 1195
f 134 2130 342
f 979 2139 978
f 1845 2061 1229
f 19 2138 138
f 708 2094 668
f 1126 2120 1632
f 1266 2083 1679
f 1982 2069 311
f 1371 2124 1372
f 1670 2113 1202
f 994 2106 1750
f 1348 2104 1347
f 2001 2123 643
f 1372 2124 2049
f 1169 2072 1171
f 1627 2115 1054
f 1815 2048 514
f 1197 2084 264
f 145 2147 22
f 1891 2043 1192
f 463 2111 348
f 2095 2110 1925
f 1000 2112 1717
f 1776 2098 1733
f 1685 2079 1866
f 1837 2039 724
f 1018 2048 1815
f 1034 2136 1031
f 824 2146 1706
f 715 2129 37
f 1274 2099 1830
f 592 2090 2055
f 1884 2122 1140
f 1399 2121 1720
f 1866 2079 999
f 1176 2010 1984
f 1836 2052 886
f 1829 2109 578
f 1183 2110 1825
f 700 2141 1593
f 1355 2086 1898
f 1249 2121 1913
f 311 2069 1828
f 935 2142 95
f 1897 2108 678
f 1066 2134 1824
f 2059 2119 667
f 1090 2091 1820
f 1989 2104 1348
f 643 2123 1784
f 2006 2131 1148
f 1934 2012 673
f 2077 2095 1293
f 816 2125 1990
f 1984 2010 397
f 1594 2137 1821
f 564 2144 2043
f 1841 2097 1404
f 1179 2093 1881
f 1291 2128 1940
f 1961 2026 203
f 558 2099 1855
f 836 2101 1922
f 1219 2114 1846
f 1831 2132 940
f 1905 2063 1391
f 1859 2129 715
f 798 2062 1914
f 1947 2114 1219
f 1372 2049 1952
f 1986 2127 1178
f 1221 2075 1915
f 1915 2075 291
f 1011 2122 1884
f 247 2118 1797
f 1184 2089 2000
f 1140 2122 1922
f 1925 2110 1183
f 942 2095 1938
f 1968 2146 824
f 2000 2100 1184
f 1940 2128 1256
f 2083 2133 94
f 942 2110 2095
f 2000 2089 1173
f 1971 2142 935
f 1930 2060 124
f 900 2127 1986
f 858 2116 1993
f 1990 2125 1496
f 1476 2131 2006
f 2040 2141 700
f 2043 2144 1192
f 1266 2133 2083
f 22 2147 2096
f 2096 2147 1303
f 104 1218 103
