# Generated by cross_field_tools.py
v 0.065989999999999993 0.52283999999999997 0
v 0.081217999999999999 0.5736 0
v 0.10152 0.62436999999999998 0
v 0.12690000000000001 0.67513000000000001 0
v 0.15736 0.72589000000000004 0
v 0.15228 0.77664999999999995 0
v 0.1066 0.81725999999999999 0
v 0.096447000000000005 0.86802000000000001 0
v 0.1066 0.91878000000000004 0
v 0.13705999999999999 0.96953999999999996 0
v 0.18781999999999999 0.98985000000000001 0
v 0.23857999999999999 1 0
v 0.28933999999999999 0.99492000000000003 0
v 0.33502999999999999 0.95938999999999997 0
v 0.36041000000000001 0.90863000000000005 0
v 0.37563000000000002 0.85787000000000002 0
v 0.37563000000000002 0.80710999999999999 0
v 0.40609000000000001 0.80710999999999999 0
v 0.43147000000000002 0.85787000000000002 0
v 0.46193000000000001 0.90863000000000005 0
v 0.51268999999999998 0.91878000000000004 0
v 0.56345000000000001 0.90354999999999996 0
v 0.61421000000000003 0.88832 0
v 0.64466999999999997 0.84772000000000003 0
v 0.64466999999999997 0.79695000000000005 0
v 0.63451999999999997 0.74619000000000002 0
v 0.62944 0.69542999999999999 0
v 0.62436999999999998 0.64466999999999997 0
v 0.58375999999999995 0.60914000000000001 0
v 0.53298999999999996 0.60914000000000001 0
v 0.48222999999999999 0.60914000000000001 0
v 0.43147000000000002 0.61421000000000003 0
v 0.39594000000000001 0.5736 0
v 0.35025000000000001 0.53298999999999996 0
v 0.37056 0.49238999999999999 0
v 0.42131999999999997 0.44669999999999999 0
v 0.47208 0.43147000000000002 0
v 0.52283999999999997 0.40609000000000001 0
v 0.53298999999999996 0.36041000000000001 0
v 0.48222999999999999 0.36041000000000001 0
v 0.45178000000000001 0.32995000000000002 0
v 0.43147000000000002 0.38070999999999999 0
v 0.39594000000000001 0.43147000000000002 0
v 0.35025000000000001 0.44162000000000001 0
v 0.36041000000000001 0.39085999999999999 0
v 0.36041000000000001 0.34010000000000001 0
v 0.36041000000000001 0.28933999999999999 0
v 0.37563000000000002 0.23857999999999999 0
v 0.41116999999999998 0.20305000000000001 0
v 0.46193000000000001 0.20305000000000001 0
v 0.51268999999999998 0.21826999999999999 0
v 0.55837999999999999 0.25888 0
v 0.58375999999999995 0.30964000000000003 0
v 0.60914000000000001 0.36041000000000001 0
v 0.62436999999999998 0.41116999999999998 0
v 0.64975000000000005 0.46193000000000001 0
v 0.70050999999999997 0.49238999999999999 0
v 0.70557999999999998 0.45684999999999998 0
v 0.65481999999999996 0.43147000000000002 0
v 0.63958999999999999 0.38070999999999999 0
v 0.63958999999999999 0.32995000000000002 0
v 0.61929000000000001 0.27918999999999999 0
v 0.59897999999999996 0.22842999999999999 0
v 0.55837999999999999 0.18781999999999999 0
v 0.50761000000000001 0.16750999999999999 0
v 0.45684999999999998 0.17258999999999999 0
v 0.40609000000000001 0.17258999999999999 0
v 0.36041000000000001 0.13197999999999999 0
v 0.36041000000000001 0.081217999999999999 0
v 0.40609000000000001 0.071066000000000004 0
v 0.45684999999999998 0.071066000000000004 0
v 0.50761000000000001 0.060914000000000003 0
v 0.53298999999999996 0.010152 0
v 0.48222999999999999 0 0
v 0.43147000000000002 0 0
v 0.38070999999999999 0 0
v 0.32995000000000002 0 0
v 0.28933999999999999 0.015228 0
v 0.29948999999999998 0.065989999999999993 0
v 0.30457000000000001 0.11675000000000001 0
v 0.28426000000000001 0.14721000000000001 0
v 0.23350000000000001 0.14721000000000001 0
v 0.18781999999999999 0.12690000000000001 0
v 0.18781999999999999 0.076142000000000001 0
v 0.18274000000000001 0.025381000000000001 0
v 0.13197999999999999 0.020305 0
v 0.081217999999999999 0.020305 0
v 0.030457000000000001 0.015228 0
v 0 0.035533000000000002 0
v 0.045685000000000003 0.060914000000000003 0
v 0.096447000000000005 0.065989999999999993 0
v 0.14721000000000001 0.071066000000000004 0
v 0.14213000000000001 0.11168 0
v 0.12182999999999999 0.16244 0
v 0.12182999999999999 0.2132 0
v 0.13197999999999999 0.26395999999999997 0
v 0.15736 0.31472 0
v 0.19289000000000001 0.36548000000000003 0
v 0.21826999999999999 0.41624 0
v 0.2132 0.45178000000000001 0
v 0.16244 0.44669999999999999 0
v 0.11168 0.4264 0
v 0.060914000000000003 0.39594000000000001 0
v 0.025381000000000001 0.40609000000000001 0
v 0.040608999999999999 0.45684999999999998 0
v 0.050761000000000001 0.47208 0
v 0.069796999999990478 0.53552999999996831 0
v 0.073603999999974329 0.54821999999991444 0
v 0.077411000000007724 0.56091000000002578 0
v 0.086293499999997553 0.58629249999999389 0
v 0.091368999999995482 0.59898499999998867 0
v 0.096444499999997921 0.61167749999999477 0
v 0.10786499999996557 0.63705999999993113 0
v 0.11420999999995718 0.64974999999991434 0
v 0.12055499999997481 0.66243999999994962 0
v 0.13451499999998134 0.6878199999999689 0
v 0.14212999999995024 0.70050999999991714 0
v 0.14974500000001148 0.71320000000001915 0
v 0.15609000000000653 0.73857999999993484 0
v 0.154820000000013 0.7512699999998701 0
v 0.15355000000000657 0.76395999999993425 0
v 0.14086000000003196 0.78680249999997154 0
v 0.12944000000005787 0.79695499999994857 0
v 0.11802000000004745 0.80710749999995779 0
v 0.1040617500000148 0.82994999999992602 0
v 0.10152350000001731 0.84263999999991346 0
v 0.098985250000010849 0.85532999999994574 0
v 0.098985249999993544 0.88070999999996769 0
v 0.1015234999999827 0.89339999999991349 0
v 0.10406175000000584 0.90609000000002926 0
v 0.11421499999996734 0.93146999999994562 0
v 0.12182999999993326 0.94415999999988875 0
v 0.12944499999996231 0.95684999999993725 0
v 0.14974999999997662 0.97461749999999059 0
v 0.16243999999993364 0.97969499999997345 0
v 0.17512999999996168 0.98477249999998462 0
v 0.20050999999995256 0.99238749999999054 0
v 0.21319999999992703 0.9949249999999854 0
v 0.22588999999996923 0.99746249999999381 0
v 0.25126999999997585 0.99873000000000245 0
v 0.26395999999995168 0.9974600000000049 0
v 0.27664999999994899 0.99619000000000513 0
v 0.300762499999988 0.98603750000000934 0
v 0.31218499999994143 0.97715500000004551 0
v 0.32360749999997745 0.96827250000001752 0
v 0.34137499999998372 0.94670000000003252 0
v 0.34771999999995662 0.93401000000008672 0
v 0.35406499999996854 0.92132000000006298 0
v 0.36421499999999019 0.89594000000003293 0
v 0.36801999999997437 0.88325000000008558 0
v 0.37182500000000807 0.87055999999997313 0
v 0.37563000000000002 0.84518000000007587 0
v 0.37563000000000002 0.83249000000008677 0
v 0.37563000000000002 0.81980000000005415 0
v 0.39085999999994575 0.80710999999999999 0
v 0.4124349999999794 0.81979999999995878 0
v 0.41877999999995663 0.83248999999991324 0
v 0.42512500000000758 0.84518000000001514 0
v 0.43908499999995937 0.87055999999993228 0
v 0.44669999999994736 0.88324999999991238 0
v 0.45431499999996605 0.89593999999994345 0
v 0.47461999999993221 0.91116749999998647 0
v 0.48730999999987068 0.91370499999997423 0
v 0.49999999999993222 0.91624249999998653 0
v 0.52537999999992735 0.91497250000002184 0
v 0.53806999999991434 0.91116500000002565 0
v 0.5507599999999413 0.90735750000001758 0
v 0.57613999999997312 0.89974250000000799 0
v 0.58882999999992036 0.89593500000002391 0
v 0.60152000000002681 0.89212749999999197 0
v 0.62182499999998309 0.87817000000002254 0
v 0.62943999999996614 0.8680200000000452 0
v 0.63705499999999349 0.85787000000000879 0
v 0.64466999999999997 0.83502750000000003 0
v 0.64466999999999997 0.82233500000000015 0
v 0.64466999999999997 0.80964250000000015 0
v 0.64213250000000577 0.78426000000002927 0
v 0.63959500000001668 0.77157000000008347 0
v 0.63705749999999417 0.75887999999997091 0
v 0.63325000000000753 0.7335000000000752 0
v 0.63198000000000853 0.72081000000008588 0
v 0.63071000000000532 0.70812000000005371 0
v 0.62817250000000335 0.68274000000003321 0
v 0.62690500000000859 0.67005000000008585 0
v 0.62563749999999663 0.65735999999996664 0
v 0.61421750000000153 0.63578750000000128 0
v 0.6040650000000567 0.62690500000004967 0
v 0.59391250000004747 0.61802250000004166 0
v 0.57106749999999995 0.60914000000000001 0
v 0.55837500000000007 0.60914000000000001 0
v 0.54568250000000007 0.60914000000000001 0
v 0.52029999999995658 0.60914000000000001 0
v 0.50760999999993484 0.60914000000000001 0
v 0.49491999999990238 0.60914000000000001 0
v 0.46954000000007623 0.61040749999999244 0
v 0.45685000000013953 0.61167499999998609 0
v 0.44416000000007411 0.61294249999999262 0
v 0.42258750000002249 0.60405750000002567 0
v 0.41370500000004967 0.59390500000005675 0
v 0.40482250000005809 0.5837525000000664 0
v 0.38451750000001683 0.56344750000001498 0
v 0.37309500000004581 0.55329500000004073 0
v 0.36167250000003837 0.54314250000003406 0
v 0.35702 0.51945666666666668 0
v 0.36378999999999995 0.50592333333333339 0
v 0.3807119999999799 0.48325200000001811 0
v 0.39086399999999089 0.47411400000000814 0
v 0.40101599999999954 0.46497600000000039 0
v 0.41116800000000936 0.45583799999999158 0
v 0.43400999999995077 0.44289250000001479 0
v 0.44669999999992138 0.4390850000000236 0
v 0.45938999999996066 0.43527750000001181 0
v 0.48476999999997178 0.42512500000001413 0
v 0.49745999999994789 0.41878000000002608 0
v 0.51014999999998478 0.4124350000000076 0
v 0.5253774999999965 0.39467000000001551 0
v 0.52791499999999891 0.38325000000000459 0
v 0.53045249999999422 0.37183000000002586 0
v 0.52029999999995658 0.36041000000000001 0
v 0.50760999999993484 0.36041000000000001 0
v 0.49491999999990238 0.36041000000000001 0
v 0.47208000000002892 0.35025666666669558 0
v 0.46193000000002532 0.34010333333335863 0
v 0.44670250000002393 0.34263999999994021 0
v 0.44162500000005162 0.35532999999987103 0
v 0.43654750000002696 0.36801999999993273 0
v 0.42436400000001701 0.39086199999997567 0
v 0.41725800000004148 0.40101399999994075 0
v 0.41015200000004415 0.41116599999993697 0
v 0.40304600000002688 0.42131799999996161 0
v 0.38451750000001034 0.43400749999999771 0
v 0.37309500000004592 0.4365449999999898 0
v 0.36167250000001033 0.43908249999999771 0
v 0.35278999999999477 0.42893000000002607 0
v 0.35532999999998582 0.41624000000007089 0
v 0.35786999999999353 0.40355000000003233 0
v 0.36041000000000001 0.37817000000001083 0
v 0.36041000000000001 0.3654800000000108 0
v 0.36041000000000001 0.35278999999996746 0
v 0.36041000000000001 0.32741000000004877 0
v 0.36041000000000001 0.31472000000007583 0
v 0.36041000000000001 0.30203000000003788 0
v 0.3642149999999939 0.27665000000002038 0
v 0.36801999999997287 0.26396000000009057 0
v 0.37182499999998347 0.25127000000005523 0
v 0.38451499999999866 0.22969750000000136 0
v 0.39339999999995662 0.22081500000004337 0
v 0.40228499999997425 0.21193250000002575 0
v 0.42385999999995122 0.20305000000000001 0
v 0.43654999999992417 0.20305000000000001 0
v 0.44923999999996211 0.20305000000000001 0
v 0.47461999999993087 0.20685499999997928 0
v 0.48730999999987318 0.21065999999996196 0
v 0.49999999999993083 0.21446499999997926 0
v 0.52411249999998388 0.22842249999998565 0
v 0.53553499999995424 0.23857499999995932 0
v 0.54695749999998111 0.24872749999998325 0
v 0.56472499999998693 0.271569999999974 0
v 0.57106999999995656 0.28425999999991325 0
v 0.57741499999996959 0.29694999999993932 0
v 0.59010500000000432 0.32233250000000874 0
v 0.59644999999999571 0.33502499999999136 0
v 0.60279499999998698 0.34771749999997398 0
v 0.61294749999999609 0.37309999999998705 0
v 0.61675499999999339 0.38578999999997809 0
v 0.62056250000000979 0.39848000000003275 0
v 0.63071499999998482 0.42385999999996965 0
v 0.63705999999996532 0.4365499999999306 0
v 0.64340499999997181 0.44923999999994363 0
v 0.66243999999998171 0.469544999999989 0
v 0.67512999999992662 0.47715999999995595 0
v 0.68781999999995458 0.48477499999997276 0
v 0.70219999999999372 0.48054333333337684 0
v 0.70388999999999402 0.46869666666670812 0
v 0.69289000000006506 0.45050500000003252 0
v 0.68020000000008674 0.44416000000004335 0
v 0.66751000000005634 0.43781500000002821 0
v 0.65101250000000832 0.41878000000002785 0
v 0.64720500000002446 0.40609000000008161 0
v 0.6433975000000095 0.39340000000003184 0
v 0.63958999999999999 0.36802000000001084 0
v 0.63958999999999999 0.3553300000000108 0
v 0.63958999999999999 0.34263999999996747 0
v 0.63451500000001682 0.31726000000004206 0
v 0.6294400000000262 0.30457000000006546 0
v 0.62436500000001305 0.29188000000003272 0
v 0.61421250000000749 0.26650000000001867 0
v 0.60913500000003962 0.25381000000009907 0
v 0.60405750000001901 0.24112000000004766 0
v 0.58883000000000674 0.21827750000000679 0
v 0.57868000000004871 0.2081250000000488 0
v 0.56853000000001486 0.1979725000000149 0
v 0.54568750000000277 0.18274250000000111 0
v 0.53299500000000555 0.17766500000000224 0
v 0.52030250000000089 0.17258750000000037 0
v 0.49492000000002762 0.16877999999999724 0
v 0.48223000000007621 0.17004999999999237 0
v 0.46954000000003893 0.17131999999999609 0
v 0.44416000000001082 0.17258999999999999 0
v 0.43147000000001079 0.17258999999999999 0
v 0.41877999999996746 0.17258999999999999 0
v 0.39467000000001584 0.16243750000001406 0
v 0.38325000000002696 0.15228500000002396 0
v 0.37183000000002997 0.14213250000002664 0
v 0.36041000000000001 0.11928950000003791 0
v 0.36041000000000001 0.10659900000007852 0
v 0.36041000000000001 0.093908500000040598 0
v 0.37182999999998884 0.078680000000002484 0
v 0.38324999999992482 0.07614200000001671 0
v 0.39466999999998825 0.073604000000002612 0
v 0.4187799999999241 0.071066000000000004 0
v 0.43146999999985908 0.071066000000000004 0
v 0.44415999999992412 0.071066000000000004 0
v 0.46953999999996743 0.068528000000006514 0
v 0.48222999999991401 0.065990000000017202 0
v 0.49491999999994551 0.063452000000010889 0
v 0.51395499999998639 0.048223500000027106 0
v 0.5202999999999609 0.035533000000078072 0
v 0.52664499999997127 0.02284250000005747 0
v 0.52029999999995935 0.0076139999999918669 0
v 0.50760999999993994 0.0050759999999879894 0
v 0.49491999999990749 0.002537999999981496 0
v 0.4695400000000759 0 0
v 0.45685000000014092 0 0
v 0.44416000000007588 0 0
v 0.41878000000002713 0 0
v 0.40609000000007583 0 0
v 0.39340000000003794 0 0
v 0.36802000000001084 0 0
v 0.3553300000000108 0 0
v 0.34263999999996747 0 0
v 0.31641333333337246 0.0050759999999853344 0
v 0.30287666666671204 0.010151999999982985 0
v 0.29187749999999418 0.027918499999970998 0
v 0.29441499999998683 0.040608999999934184 0
v 0.29695249999999329 0.053299499999966436 0
v 0.30075999999999703 0.078679999999970468 0
v 0.30202999999999253 0.091369999999925372 0
v 0.30329999999999524 0.10405999999995225 0
v 0.29780000000001561 0.12690333333331 0
v 0.29103000000001783 0.13705666666663999 0
v 0.27157000000002168 0.14721000000000001 0
v 0.25888000000009753 0.14721000000000001 0
v 0.24619000000003793 0.14721000000000001 0
v 0.2220800000000234 0.1421325000000104 0
v 0.21066000000005133 0.13705500000002283 0
v 0.19924000000003045 0.13197750000001354 0
v 0.18781999999999999 0.1142105000000217 0
v 0.18781999999999999 0.10152100000005151 0
v 0.18781999999999999 0.088831500000029817 0
v 0.18655000000000341 0.06345175000003421 0
v 0.18528000000000724 0.050761500000072429 0
v 0.18401000000000356 0.038071250000035535 0
v 0.17005000000004317 0.024112000000004317 0
v 0.15736000000008651 0.022843000000008652 0
v 0.14467000000004329 0.021574000000004329 0
v 0.11928950000003791 0.020305 0
v 0.10659900000007852 0.020305 0
v 0.093908500000040598 0.020305 0
v 0.06852775000003393 0.019035750000003394 0
v 0.055837500000071885 0.01776650000000719 0
v 0.043147250000034665 0.016497250000003467 0
v 0.02030466666669305 0.021996333333315746 0
v 0.010152333333360405 0.028764666666648623 0
v 0.011421249999972809 0.041878249999984893 0
v 0.022842499999939848 0.048223499999966585 0
v 0.034263749999969902 0.054568749999983276 0
v 0.05837549999997324 0.062182999999997324 0
v 0.07106599999993013 0.063451999999993014 0
v 0.083756499999964429 0.064720999999996434 0
v 0.10913774999996367 0.067258999999996363 0
v 0.12182849999991846 0.068527999999991845 0
v 0.13451924999996556 0.069796999999996556 0
v 0.14551666666667132 0.084603999999962862 0
v 0.14382333333333883 0.098141999999956181 0
v 0.13705500000001197 0.12436999999997009 0
v 0.13198000000002469 0.13705999999993829 0
v 0.12690500000000915 0.1497499999999771 0
v 0.12182999999999999 0.17512999999997292 0
v 0.12182999999999999 0.18781999999994042 0
v 0.12182999999999999 0.20050999999997293 0
v 0.12436749999998899 0.225889999999945 0
v 0.12690499999998403 0.23857999999992024 0
v 0.129442499999987 0.2512699999999351 0
v 0.13832499999998643 0.27664999999997286 0
v 0.14466999999996205 0.2893399999999241 0
v 0.15101499999998103 0.30202999999996205 0
v 0.16446599999998512 0.32487199999997873 0
v 0.17157199999995854 0.33502399999994081 0
v 0.17867799999996622 0.3451759999999518 0
v 0.18578399999998096 0.35532799999997283 0
v 0.19923499999999458 0.37816999999998918 0
v 0.2055799999999946 0.39085999999998922 0
v 0.21192500000001627 0.40355000000003255 0
v 0.21658000000000316 0.42808666666664441 0
v 0.21489000000000311 0.43993333333331158 0
v 0.20051000000004832 0.45051000000000485 0
v 0.18782000000007731 0.44924000000000774 0
v 0.17513000000003434 0.44797000000000342 0
v 0.14975000000002639 0.44162500000001054 0
v 0.13706000000005747 0.43655000000002298 0
v 0.12437000000002733 0.43147500000001093 0
v 0.098988500000033397 0.41878500000002006 0
v 0.086297000000074758 0.41117000000004489 0
v 0.073605500000043164 0.40355500000002592 0
v 0.049069666666693268 0.39932333333332576 0
v 0.037225333333363919 0.40270666666665794 0
v 0.029187999999978252 0.41877999999992749 0
v 0.032994999999959591 0.43146999999986529 0
v 0.036801999999978137 0.44415999999992711 0
v 0.045684999999981241 0.46446499999997182 0
v 0.054568249999991422 0.48476999999997139 0
v 0.058375499999986064 0.49745999999995355 0
v 0.062182749999991425 0.51014999999997146 0
v 0.40111374694139457 0.59678154487622459 0
v 0.2087145867242137 0.98526742954804158 0
v 0.36562056580446767 0.83792373988620916 0
v 0.62295369191073724 0.7282783754808777 0
v 0.50126499999991858 0.6201298623739917 0
v 0.11559293592405663 0.62557963710242448 0
v 0.16765864451746459 0.7469384567378814 0
v 0.1569090390812457 0.70070234594971814 0
v 0.25253500000006773 0.1581998623740081 0
v 0.34711700769442133 0.54789301780358501 0
v 0.17667571969251705 0.32386163400372764 0
v 0.1545560208607239 0.79053349936055384 0
v 0.42020674921817519 0.80793389503352542 0
v 0.62915083267656158 0.78013716666034028 0
v 0.33990564989406391 0.92191280764069217 0
v 0.20567784975294923 0.46175383385508689 0
v 0.55349048878513785 0.89493902023791716 0
v 0.45160268719940355 0.62329861237401474 0
v 0.11378248737398268 0.89754681101882272 0
v 0.35185819392900297 0.28040609590714005 0
v 0.38376591329155518 0.79512574233024624 0
v 0.36986497347773289 0.79457056812571869 0
v 0.37662278375075076 0.78349159501749055 0
v 0.36331370965641613 0.78347742073207371 0
v 0.36990109254239512 0.7721158955461489 0
v 0.3567140079355936 0.77214527160368562 0
v 0.3498486311849125 0.32158262210684613 0
v 0.093995921501022608 0.57454081539651569 0
v 0.36326659678977452 0.76075124744902278 0
v 0.35012528109516672 0.760807964128843 0
v 0.34357763865044044 0.77218271519990522 0
v 0.33701532968417253 0.76084703476281845 0
v 0.33049023197795102 0.77220359089861401 0
v 0.32394022025605962 0.76088301917569601 0
v 0.33044785131020238 0.7495311709952508 0
v 0.31743300376493622 0.7722222301218058 0
v 0.3173543205381793 0.7496024237546719 0
v 0.32387811609971873 0.73821115408626048 0
v 0.37647243657911855 0.76069015760097713 0
v 0.15167901061121661 0.27861864927985597 0
v 0.31072287679074084 0.73828241973396136 0
v 0.31729978924366586 0.72681327101105331 0
v 0.20620577089450376 0.3665308641355936 0
v 0.21871115938296776 0.46322162963033892 0
v 0.2109068826539934 0.47303402757405799 0
v 0.4460402728337251 0.85775648816947203 0
v 0.30407812328621553 0.72685320294374556 0
v 0.3106697652631869 0.71530181530542303 0
v 0.34998686093522174 0.37057176988671869 0
v 0.13737959983055695 0.22887288318393731 0
v 0.55202874999999985 0.62013202743753393 0
v 0.3239852275634505 0.7152924875407175 0
v 0.31734713837589174 0.70367965134927124 0
v 0.30385350457750065 0.70368669045070398 0
v 0.3106148316909832 0.69189287409340627 0
v 0.29686630352898646 0.69191899375082944 0
v 0.36365387947469341 0.24122490952778811 0
v 0.2232312051231094 0.4749588244182788 0
v 0.21582162966630133 0.48434789512651005 0
v 0.22773856023771322 0.42367518977163054 0
v 0.33077465946884044 0.70373405045257276 0
v 0.30377341646375688 0.67995770122947508 0
v 0.28985536841818921 0.67997815268750916 0
v 0.61811191560686907 0.68856156885523578 0
v 0.22838608173186692 0.48577412438901063 0
v 0.22096669953279949 0.49603102727959048 0
v 0.20827518906665404 0.49465665101299905 0
v 0.2134252933741628 0.50645152974049179 0
v 0.29753098675050788 0.73838085991333491 0
v 0.2233767240296019 0.15457355969549455 0
v 0.29951485554983526 0.97026346696203092 0
v 0.20053353005821029 0.50506065867660555 0
v 0.20576955787213591 0.51699431007311647 0
v 0.21880491417149095 0.5183866403022328 0
v 0.21103235891877259 0.52908269548931119 0
v 0.22425779442901006 0.53048403251739562 0
v 0.2163637374809787 0.54135880947617687 0
v 0.29663699404713273 0.66827548119618774 0
v 0.28281466370088992 0.66799007867136595 0
v 0.22981713124125416 0.54280474544753587 0
v 0.22184434402516098 0.55381808330920645 0
v 0.23499943270881155 0.55545451245651756 0
v 0.22732639701461449 0.56638295774397807 0
v 0.078495305535243476 0.52615642736984813 0
v 0.3409508085275279 0.432884529325264 0
v 0.28941307997667692 0.65662407441314241 0
v 0.33840087387671708 0.44527696100733866 0
v 0.27589039397902992 0.68011273739322164 0
v 0.26881311967945432 0.6680266836364821 0
v 0.19280217047669704 0.51556534915332419 0
v 0.2082853623200791 0.55226947012666283 0
v 0.23566807523473415 0.47619299618513455 0
v 0.30973266226243501 0.66884198323792599 0
v 0.59246496627812606 0.88324693303517066 0
v 0.32910451903404325 0.43695935164732191 0
v 0.32662722040126502 0.44930451999135657 0
v 0.1519158676896202 0.45446001745499981 0
v 0.13307013960204248 0.66352457442393864 0
v 0.13662736237396847 0.94391021655009633 0
v 0.49472974423897426 0.9040020856644122 0
v 0.24052283828823862 0.56802447076582074 0
v 0.11377691684655816 0.83691984063603297 0
v 0.24254645337473602 0.5462198428017504 0
v 0.26190162563911418 0.68023987082840665 0
v 0.25473318764374736 0.66811666640114586 0
v 0.13262874887274334 0.18336048956981088 0
v 0.63367797256246605 0.82868125000000004 0
v 0.31722882001198105 0.44101753507456321 0
v 0.31470586880941831 0.45342996369707916 0
v 0.35846439921483825 0.14690955973795261 0
v 0.25695209706783945 0.98785021715010668 0
v 0.35549264060095359 0.88590954860992677 0
v 0.23287310591584748 0.57896513980363529 0
v 0.17275615811547296 0.97129417106977955 0
v 0.2477730050606573 0.68045257370684964 0
v 0.24060244328761338 0.66822727250755198 0
v 0.24658033114699984 0.58040700987588623 0
v 0.31970326302651347 0.42869671154011152 0
v 0.30783800672908279 0.43270201765356014 0
v 0.31032803979771767 0.42042449351180783 0
v 0.068280244701717008 0.48952049192742392 0
v 0.33577855484828656 0.53789161229859317 0
v 0.33279735105979247 0.55259808412450095 0
v 0.32397528368451295 0.78352365291294501 0
v 0.31091981022784726 0.78353698838481345 0
v 0.31747186202198352 0.79484373817010268 0
v 0.3044130674869695 0.79484671523455575 0
v 0.31095653861939404 0.80613630038395456 0
v 0.29789069290692782 0.80616648359389431 0
v 0.29134237147863312 0.79485921747201005 0
v 0.28480949465316141 0.80618285841983695 0
v 0.27826224418058487 0.79486477996905114 0
v 0.27172352788741466 0.80619358733930302 0
v 0.27828209023741729 0.81754427739084168 0
v 0.26514191870016568 0.8175507712497615 0
v 0.2717303502130109 0.82894757305351219 0
v 0.25852522785483606 0.82895550590446798 0
v 0.26514139476254617 0.84035776436730147 0
v 0.25190979835282529 0.84039873006764332 0
v 0.2585291192025177 0.85181681072630477 0
v 0.24528281435385457 0.85185077169232537 0
v 0.25190811503961508 0.86332527347436872 0
v 0.23865270185598056 0.86331707819875869 0
v 0.24528220266197831 0.87480769675030434 0
v 0.23203209542753861 0.87480169978473854 0
v 0.26518575641066955 0.79487800033706446 0
v 0.22540129662891656 0.86330607710778284 0
v 0.2187560441976048 0.87480295487994986 0
v 0.2386517229948707 0.88629398596125952 0
v 0.24531432135851608 0.82894618814891019 0
v 0.21211818150206629 0.86331512004257738 0
v 0.20547884234213024 0.87479731418346462 0
v 0.26518435644132077 0.86315068163094211 0
v 0.19884911061788413 0.863318086569133 0
v 0.19221402167173157 0.87478465162334174 0
v 0.19884534090092121 0.88627592175530057 0
v 0.1891356868298919 0.13936095320823716 0
v 0.38142813931840025 0.21780586740057412 0
v 0.60248473161985994 0.64029420121803693 0
v 0.24103134835179624 0.48706101633454202 0
v 0.18559761429981439 0.86331429585055486 0
v 0.1922206728307202 0.85187712944515903 0
v 0.36393521939826617 0.070003313439742504 0
v 0.29847323546938487 0.42439738038647484 0
v 0.30096091587539614 0.41215958256653962 0
v 0.18553762026442594 0.88622956575994682 0
v 0.19219683856968447 0.8977419876566356 0
v 0.054949563882135406 0.46355455521498318 0
v 0.23364569942075936 0.6805564961670445 0
v 0.24078069687833292 0.69279664813683772 0
v 0.22639421721929404 0.66937133460013176 0
v 0.23853435710775278 0.59153960888951485 0
v 0.22484445274173984 0.5900553904045267 0
v 0.25230804757489989 0.59298113083647086 0
v 0.2484315527753769 0.47662509846157042 0
v 0.25576249552485564 0.48884380614947182 0
v 0.16447447190873715 0.78189026231068814 0
v 0.26015985889388915 0.58234972719053624 0
v 0.32168105309483891 0.54258127913453214 0
v 0.32450364891624139 0.5281211685543723 0
v 0.36981861517125236 0.7492788223480088 0
v 0.38305469994381813 0.74920954035253395 0
v 0.37637633264734688 0.73777151122444917 0
v 0.38960400501283338 0.73770301489294487 0
v 0.38295386540615844 0.72629158930481941 0
v 0.39614140137846715 0.72622157536739007 0
v 0.38951477559929654 0.71484586800427796 0
v 0.40267436315275906 0.71478020397157938 0
v 0.40932187498186817 0.72616317823141829 0
v 0.41588122576410713 0.71470682707597633 0
v 0.42253174866170895 0.72592941876077166 0
v 0.42911525124056832 0.71458862945960056 0
v 0.43578050114816447 0.72583663538150456 0
v 0.44235561967354986 0.71459966404422171 0
v 0.44904302186007095 0.72595449875428819 0
v 0.45569308443658013 0.71462623582611773 0
v 0.46230656635578621 0.72591778853098843 0
v 0.46894179982128148 0.71448942899709922 0
v 0.47552441335690165 0.72505541538920204 0
v 0.48207303486750597 0.71424732892348486 0
v 0.48869779274449276 0.72480728071240863 0
v 0.49522707498551755 0.71413088606388353 0
v 0.50186805704410842 0.72546480812059788 0
v 0.49365034185828716 0.73711311497499621 0
v 0.50825315034955298 0.73698027538317756 0
v 0.50201059187413422 0.74846163671088994 0
v 0.51517656966052183 0.7483870427900513 0
v 0.50920643810625799 0.75958302174681402 0
v 0.50835094581659845 0.71416728331298085 0
v 0.52199779593825624 0.75975418469920175 0
v 0.5160443235344625 0.77097900900240401 0
v 0.52875096395203336 0.77119207447894056 0
v 0.52224719182336443 0.78272690476555318 0
v 0.53538588923698949 0.78269022227671947 0
v 0.52879809077170059 0.79421276840174571 0
v 0.39604551684138173 0.70342624007825094 0
v 0.52834878247425654 0.74819547466473202 0
v 0.54204977758665018 0.79411276560620192 0
v 0.51556703525492675 0.7943241160726191 0
v 0.52225409783827326 0.8057923359599064 0
v 0.54857351842908952 0.78261729913568878 0
v 0.5552491616243509 0.79399907028264094 0
v 0.47574617071498637 0.703004347774288 0
v 0.49604601919090263 0.76038141069637666 0
v 0.43617175329483376 0.70319107206461662 0
v 0.50892471481759438 0.80588749529908676 0
v 0.51566243750088847 0.81741977920878495 0
v 0.56175277896220455 0.78254970850790229 0
v 0.56839769296541021 0.79389768509657199 0
v 0.5619172880168648 0.80531558377549228 0
v 0.44128311577077028 0.73748922821220642 0
v 0.29657458276701176 0.14801791613244691 0
v 0.28965711617941869 0.15831891021528807 0
v 0.30217099395291397 0.15915080793422354 0
v 0.29523642556749685 0.16971504139231675 0
v 0.30784649289458144 0.17055117476323059 0
v 0.30089122355899023 0.18114010563713098 0
v 0.31356868671620081 0.18192770716502452 0
v 0.30656476344917227 0.192505137637521 0
v 0.29390401070731642 0.1917126780246094 0
v 0.29956697490178136 0.20307972666880375 0
v 0.28666951434907628 0.20215175785451278 0
v 0.2925306269629605 0.21366720379773577 0
v 0.27956612675727222 0.2127278137193318 0
v 0.28548404960227214 0.22433175311781278 0
v 0.27268869161774378 0.22352850373234529 0
v 0.27845608887551532 0.23507644971051758 0
v 0.2654415564957352 0.23419141540190064 0
v 0.27131540485619454 0.24584100819830484 0
v 0.25821903931803347 0.24494841124857492 0
v 0.264185415931319 0.25669283606373383 0
v 0.25118449304165685 0.25586819393098559 0
v 0.25699427779554862 0.26750237949657685 0
v 0.24532865000557608 0.24415515545915822 0
v 0.2440325594541857 0.26672052636639682 0
v 0.24979263187281356 0.27833817660235927 0
v 0.26275455806951153 0.27913645996478254 0
v 0.25554888316887575 0.28995018508508841 0
v 0.26843993787860876 0.29079116577142988 0
v 0.26128793242298737 0.30154363997818767 0
v 0.27415225226231699 0.30238871242183296 0
v 0.2670665050308686 0.31309440651003106 0
v 0.23684047467479435 0.27754484683513181 0
v 0.27989743082090235 0.31394424641496266 0
v 0.27281243453203707 0.32462790287448817 0
v 0.25419482681959327 0.31227126168150815 0
v 0.28424388313020993 0.24662108236078806 0
v 0.28559277623628143 0.32547636311180866 0
v 0.27849245525386612 0.33614690300507105 0
v 0.28695473462034565 0.30319356620417759 0
v 0.29126774684868906 0.33696694681879125 0
v 0.28416851735300747 0.34762047593673351 0
v 0.2714088447170529 0.34681204255172143 0
v 0.26610039969521371 0.59472052489818927 0
v 0.31925029817075679 0.19333743587955357 0
v 0.1790117210240926 0.85188213883379693 0
v 0.26690918434502209 0.21197467101681666 0
v 0.28913319924338088 0.41613402017948675 0
v 0.39828227494548019 0.062521745605111617 0
v 0.11520215974507636 0.44005215577429763 0
v 0.22668016463160356 0.69290107370879472 0
v 0.23378443473710298 0.70506359284884079 0
v 0.50255773617090371 0.81734884856789736 0
v 0.50940997010680067 0.82885609779382874 0
v 0.52246965142845236 0.82890573335305862 0
v 0.51592405919893558 0.84051045365898924 0
v 0.52917768048072122 0.84041772241723112 0
v 0.49399542888662024 0.80347652701432859 0
v 0.34922244727929042 0.010258901683616907 0
v 0.31070098095571663 0.53275181490345513 0
v 0.18580169195697996 0.84057279214194236 0
v 0.31392111616588464 0.51737614641652641 0
v 0.21971103337634995 0.70513859857525407 0
v 0.22684383680385134 0.71719249851096001 0
v 0.28666573218125035 0.42832642915232388 0
v 0.57505278680777738 0.8052171661551949 0
v 0.56858237204597772 0.81660430077688306 0
v 0.17888168789036488 0.89769847153195914 0
v 0.18755978781505594 0.50360921404541525 0
v 0.1798144892134578 0.51412916107479978 0
v 0.31022275260463344 0.058236969382362141 0
v 0.18554064235154091 0.90923637495165999 0
v 0.19884447168003921 0.90925338577376946 0
v 0.27709065677024269 0.35828940371253115 0
v 0.29042784449661574 0.35802391836482594 0
v 0.42512499999989178 0.060076137626036502 0
v 0.17243391960453153 0.84047104580519116 0
v 0.16580820446498651 0.85185789672647227 0
v 0.21943922237037394 0.39164241669896938 0
v 0.2304235796697946 0.60269645614698297 0
v 0.21689870169749451 0.60141386005118047 0
v 0.450305061812035 0.010244303999060848 0
v 0.41392985490019762 0.79537210900146849 0
v 0.42788919756938548 0.79617829470333223 0
v 0.26125843588943087 0.47757651760568287 0
v 0.32431897507827845 0.46184472412035615 0
v 0.31211483368886866 0.46609525381624312 0
v 0.57488459466635167 0.7824696879258829 0
v 0.56826423855568509 0.77113640390249838 0
v 0.52263049841140197 0.85199555573414953 0
v 0.50932364259003249 0.85213428154920723 0
v 0.31873279924644093 0.55718465926493477 0
v 0.32969654302808904 0.56711861337886194 0
v 0.41838915551323225 0.61650249324740947 0
v 0.3002299516168212 0.52238928150613317 0
v 0.58132701423304722 0.77103313990793376 0
v 0.57473453715130651 0.75971770760930113 0
v 0.2407662533563833 0.71714252286401092 0
v 0.2346424253557641 0.72900238585893384 0
v 0.47248115646673605 0.41883912382484534 0
v 0.23109939161251403 0.26589104125446406 0
v 0.22388380798068652 0.27674818486448749 0
v 0.21810407624840425 0.26503330740680153 0
v 0.21086067448256351 0.27594601592634382 0
v 0.20502236943847713 0.26419634048789808 0
v 0.21669901177967407 0.28764071821797926 0
v 0.21260790013258704 0.69300516069577411 0
v 0.50174428303418173 0.70288469843937462 0
v 0.51481025080529985 0.70283401835343506 0
v 0.50823964824440993 0.69158263511799378 0
v 0.52128015455695897 0.69152294479163179 0
v 0.52785523816378976 0.7027685753269064 0
v 0.53430965091131899 0.6914388329099963 0
v 0.54089193131622426 0.70269206868186052 0
v 0.54734684015102408 0.69135110316013015 0
v 0.55395115759644042 0.7026080516264771 0
v 0.52784718792978014 0.68014261282281452 0
v 0.56041322662960358 0.69125556022856482 0
v 0.56699703537381874 0.70253657902725219 0
v 0.37436500000000533 0.010989862374015133 0
v 0.26217979239252509 0.65615891527523418 0
v 0.27839098353252262 0.84022365906262131 0
v 0.25192360439348344 0.88628691649932101 0
v 0.24529030295134768 0.8977968839041166 0
v 0.25858690516205485 0.89778376504815061 0
v 0.25195630477340936 0.90932020309450379 0
v 0.26526206460768115 0.90930257926646341 0
v 0.25864588222627155 0.92102287738270405 0
v 0.27200848656531329 0.92094264772213208 0
v 0.27868535179656939 0.90925693001154628 0
v 0.24536005253535212 0.92116864729883985 0
v 0.55379608000340241 0.68000238839480787 0
v 0.34781035182170655 0.34809705348120085 0
v 0.29827079659259054 0.22513629298232496 0
v 0.47574358398889427 0.01187357663674652 0
v 0.1912614228756844 0.34324479872709668 0
v 0.52664499999997771 0.62012986237405276 0
v 0.17458828407304192 0.50215761053860608 0
v 0.16680379148100036 0.51267896001441549 0
v 0.17206676780049968 0.52471398056775143 0
v 0.15895613687582433 0.52325547676167328 0
v 0.16426678870628408 0.53536955637003358 0
v 0.15389217560775015 0.51129016369437363 0
v 0.15107151371558503 0.53390361378623052 0
v 0.15641533068449898 0.54610376747864131 0
v 0.39601397082235235 0.74897704398999676 0
v 0.48881213339274199 0.81764314743450306 0
v 0.27173133724037546 0.78354537808073765 0
v 0.25858098521799561 0.78356683451249831 0
v 0.1436761768030686 0.54502947902604426 0
v 0.14828531069801687 0.55712670744084147 0
v 0.13685114939026255 0.53379792905048173 0
v 0.26428346517462886 0.35745548575421876 0
v 0.28545837516130212 0.92095699487934202 0
v 0.29217802444369423 0.90919411169929654 0
v 0.38289601942515722 0.70348124951339619 0
v 0.38943612382469761 0.69206184630974033 0
v 0.25582398357229513 0.46599020669928842 0
v 0.37628691015028726 0.69210771923256398 0
v 0.38283260534870656 0.6806823328738788 0
v 0.39598965914806683 0.68064966716074493 0
v 0.38919766162761149 0.66935907151106111 0
v 0.37614864434618744 0.66930774702166895 0
v 0.40347535101750409 0.66735146874695384 0
v 0.38254272004618362 0.65792647628869028 0
v 0.3694441616047639 0.65785376897303605 0
v 0.37612466913594034 0.6462833307296868 0
v 0.36270392932815465 0.64629251371804741 0
v 0.26516688851078951 0.77227015131715238 0
v 0.22025462350089597 0.72923458963238952 0
v 0.2288166527938007 0.74024533761013744 0
v 0.26998516256827898 0.36899640528263095 0
v 0.21230273834623126 0.25325413510101713 0
v 0.19944830003971703 0.25227242666548633 0
v 0.20654328651378584 0.2414710035732528 0
v 0.19373607855951386 0.2404663276797947 0
v 0.20076273179705728 0.22974694865377843 0
v 0.18778005563838185 0.22885743364384953 0
v 0.19493619569139334 0.21809834653322829 0
v 0.20778600567766994 0.21888582526008263 0
v 0.1820435712063127 0.21723211831293668 0
v 0.18919286356115111 0.20652048100482703 0
v 0.36942585715145265 0.63456731839802383 0
v 0.35579403237397822 0.63460875431082042 0
v 0.36264487867751655 0.62275479690149638 0
v 0.34884065690336852 0.62276894168700547 0
v 0.58165842403742885 0.81652732590004029 0
v 0.57521683098975585 0.82787490895774629 0
v 0.43423633482270302 0.80868164717703372 0
v 0.4418236039195616 0.79698494690224841 0
v 0.26529613985002753 0.93280624970759196 0
v 0.19219477704108012 0.92075887275984436 0
v 0.3807951344206702 0.16753685890954609 0
v 0.2983753767618853 0.32632384986777813 0
v 0.11026273223768981 0.87398305892155004 0
v 0.16183032602325728 0.55842038448137465 0
v 0.15354447352612138 0.56947919542759629 0
v 0.16731488983051351 0.57081172288560911 0
v 0.15927315534730757 0.58180971895016431 0
v 0.39882625882676748 0.010601771670507742 0
v 0.56683621169466347 0.6799846253750027 0
v 0.27736482525900114 0.4201559743050568 0
v 0.30912134186995699 0.14852811999494206 0
v 0.13901281767577534 0.147129870710312 0
v 0.31282238706300991 0.40815117924271282 0
v 0.14576081399440588 0.58023286440436073 0
v 0.15145325346741978 0.59272124898689482 0
v 0.16492320240069858 0.59433570732534635 0
v 0.15672946114436875 0.6054513590861238 0
v 0.32400041268265445 0.80614340880632374 0
v 0.31750319223539103 0.81742664923842445 0
v 0.29705247552901715 0.53719422154805629 0
v 0.44441428162742042 0.37902050069988497 0
v 0.17053164016794545 0.60701940089065953 0
v 0.46253323699161519 0.88406724476010368 0
v 0.31575402605218583 0.57172613907580128 0
v 0.53604946649204477 0.85157319254615349 0
v 0.16227038240513644 0.61823376287188969 0
v 0.17615967822968703 0.6197905467489776 0
v 0.22226721683347039 0.61393366504088354 0
v 0.16713113818040418 0.79467732013129777 0
v 0.17685472927961834 0.78601160934460534 0
v 0.35578389142451738 0.61075073275020797 0
v 0.20566902287638439 0.70523578729890235 0
v 0.3117376109746669 0.084213098333118089 0
v 0.17637127558056837 0.20566764840580237 0
v 0.18353618013256714 0.19500527774190618 0
v 0.19630125008620097 0.19583798583635983 0
v 0.29081249750937155 0.72691146251121519 0
v 0.087453698913787126 0.42609842879209209 0
v 0.087730967524600842 0.55276023726829493 0
v 0.42505440169201197 0.012799549171202122 0
v 0.45159026965100446 0.060928737790369482 0
v 0.56026026781348026 0.66869667082958995 0
v 0.52842760827502155 0.90207888762603661 0
v 0.20367216367184282 0.28685144142657837 0
v 0.20950246347551604 0.29850587594265127 0
v 0.30403239786204383 0.33779158462541692 0
v 0.21391831726454297 0.74101968874882174 0
v 0.22356996251176364 0.7529125854588401 0
v 0.58825735481096164 0.82777023683667017 0
v 0.59468550621689431 0.81646173272208922 0
v 0.56055166883975915 0.71385916152732087 0
v 0.57358650454942506 0.71376306605226247 0
v 0.35240151322334834 0.072547126838080414 0
v 0.35597098282723982 0.061244596521025818 0
v 0.16784655098158108 0.63108480099762054 0
v 0.18183409757732166 0.63265457878719766 0
v 0.17346164743868053 0.64401384317436516 0
v 0.17223934162587187 0.9092170942253196 0
v 0.1655646554027127 0.89767350508056754 0
v 0.32629143794309767 0.18271357894840545 0
v 0.33207463628814904 0.1942026950884686 0
v 0.18082701816391825 0.23880971602551365 0
v 0.15907290734619267 0.8405288381685605 0
v 0.19882986932477856 0.84046186732374073 0
v 0.15257052714628314 0.85186534118260404 0
v 0.34941970461330762 0.12563475000001897 0
v 0.42695989441854032 0.62645991332483308 0
v 0.48862706610682399 0.37146343997700498 0
v 0.61760237349947245 0.86359742743161871 0
v 0.25794597197453978 0.60577376231848801 0
v 0.27183485362590942 0.6072874074259127 0
v 0.62487263055166364 0.75577422395903537 0
v 0.42161495764847168 0.78372970595786051 0
v 0.36285770495710479 0.66961803362276273 0
v 0.19242692829274072 0.82917066981492593 0
v 0.34722538659358115 0.45328191867277817 0
v 0.28650403922082784 0.52752050210053403 0
v 0.32206362837927965 0.47469712695494448 0
v 0.32669709019486542 0.94563087879801488 0
v 0.19064643259613301 0.18437237283571772 0
v 0.17779750629789476 0.18425421620127869 0
v 0.30948958247606267 0.4790290772867456 0
v 0.26824375497504327 0.46685567078118179 0
v 0.47682676466563378 0.62010928549428113 0
v 0.34183028542291793 0.6099529799095047 0
v 0.33488622753749031 0.62274738384441453 0
v 0.58184669056229366 0.83911370057280854 0
v 0.28047026934045832 0.19042820649592151 0
v 0.24957207874484455 0.72813817052677643 0
v 0.20709242757591925 0.75278206395638203 0
v 0.2151089487899526 0.76361679743941668 0
v 0.44998027539686508 0.42607346108847732 0
v 0.28994656882774167 0.5124548756691707 0
v 0.48676529632413601 0.054393224850666645 0
v 0.30341914187909913 0.39986791718631792 0
v 0.36986196376041847 0.72636876359844149 0
v 0.32781895456205756 0.60984779541255296 0
v 0.19860770617132184 0.69322875018578434 0
v 0.1344574343686743 0.5557023067832898 0
v 0.34751319782326218 0.10155829147966525 0
v 0.10481386049923776 0.6008488759658589 0
v 0.31531889477498837 0.39584603644900623 0
v 0.25710296290430412 0.36817166569572551 0
v 0.25136118435482319 0.35657497669017391 0
v 0.26287326339300293 0.37973378065226149 0
v 0.18037514773724944 0.45959486237403241 0
v 0.28347829618811643 0.5423325725334005 0
v 0.32086253114671287 0.62284582214818995 0
v 0.27565121019524841 0.28001907852399555 0
v 0.20539635492161851 0.8290453889503816 0
v 0.25541576445932823 0.71671998514867918 0
v 0.15892907456188873 0.90918414667481384 0
v 0.16560303813330457 0.92071835390765444 0
v 0.41470976370357082 0.62848289525834711 0
v 0.42285023004850819 0.63847758678459399 0
v 0.58791771708570884 0.78250573659272327 0
v 0.16401525005731865 0.30425535981838525 0
v 0.36396020154587427 0.81347278883981566 0
v 0.21181917828826952 0.58879487083474147 0
v 0.19880781136713144 0.81765154150533148 0
v 0.21192863007682172 0.81761741251581033 0
v 0.20552511832947828 0.8063453736631514 0
v 0.21850956263700586 0.8062193011512343 0
v 0.20549688070064345 0.92076157728110342 0
v 0.19885174520128759 0.93228335270014595 0
v 0.3393002570342068 0.18337721762236281 0
v 0.34502649065652352 0.19506309064245655 0
v 0.33780861383193278 0.20577040033867419 0
v 0.21214798177505678 0.93227779685053003 0
v 0.30438298496668609 0.77227228181299967 0
v 0.46970394476894856 0.7378487354898976 0
v 0.28539837475822549 0.89754298692439005 0
v 0.2987998069590766 0.89741504805360717 0
v 0.29209193038479642 0.88580914379446229 0
v 0.30544197162156128 0.88570006877291396 0
v 0.29876181280656178 0.8741452895847639 0
v 0.3121217483274244 0.87408278251771376 0
v 0.30539557295019271 0.86256706384810222 0
v 0.31842659714018995 0.86241298028519175 0
v 0.18752178188034285 0.64559076508304236 0
v 0.1791022526135744 0.65701711824812714 0
v 0.34893210008936049 0.64665145711288785 0
v 0.27614834682270012 0.51799906003433815 0
v 0.3691380849478692 0.56653400069246396 0
v 0.36760200591085146 0.058705769416484879 0
v 0.35958005157938555 0.049836890997176676 0
v 0.37136425268085205 0.047299043821531744 0
v 0.34782734181317443 0.052420588629993284 0
v 0.15229442755030026 0.89764504885618912 0
v 0.23316802561878194 0.65815534926756869 0
v 0.24632952922620682 0.49867478117064651 0
v 0.31376475677014237 0.61069520362269314 0
v 0.28419852506279386 0.73847570772939419 0
v 0.44815562769838679 0.80940192010451695 0
v 0.45573237284437551 0.7978022654063659 0
v 0.44933160321626897 0.78539718848764661 0
v 0.17793669262121531 0.13432137334507399 0
v 0.58000693879475551 0.70246380094896277 0
v 0.20338101612278781 0.18521275615842306 0
v 0.3111395872909048 0.32716446067734417 0
v 0.51608733945244301 0.86359970169554023 0
v 0.50335971839603122 0.86408559053180822 0
v 0.49458605198717054 0.85232284024630878 0
v 0.57281255437463185 0.66861495806048821 0
v 0.56613241765945721 0.6571430689984451 0
v 0.55363178529748014 0.6574390005844436 0
v 0.61598574599038747 0.66426169874499053 0
v 0.26315969114651777 0.45549809286053722 0
v 0.25077041030234504 0.45431382310743729 0
v 0.46324940241911022 0.7862607543325385 0
v 0.19049591572901989 0.26318109376095089 0
v 0.047140754322002841 0.43419558335243003 0
v 0.2799462374672208 0.59555760025753857 0
v 0.17898348562889316 0.14677464663394033 0
v 0.58777169115867978 0.75964882298543046 0
v 0.13240886316945494 0.20720695671442785 0
v 0.27589767510649604 0.47808984620129347 0
v 0.13749323092617471 0.031231303095954614 0
v 0.63340671660623327 0.80245480786688117 0
v 0.20549333850331067 0.94380230925915276 0
v 0.21877928937610525 0.94379335495756966 0
v 0.33050498237961973 0.81740743522700776 0
v 0.58656394790557798 0.71364938575040882 0
v 0.15457129357294003 0.62956619280285597 0
v 0.3490747112922189 0.50767219619307657 0
v 0.33343283299623133 0.17159889660857922 0
v 0.39858260280220315 0.19882940709663813 0
v 0.157511742596711 0.8035200113155373 0
v 0.30253851171166846 0.45752598049444537 0
v 0.45707160507311989 0.7740325905336205 0
v 0.20027045736394519 0.74137156967640661 0
v 0.19763654543009579 0.17450679610453618 0
v 0.31470093141455152 0.10924211652611071 0
v 0.31866859556419425 0.88586928940230003 0
v 0.17365492111963107 0.045516227262860129 0
v 0.29899733994791156 0.92091392497441471 0
v 0.29219282412536529 0.93271013113759427 0
v 0.36958128946212859 0.44770592517471064 0
v 0.1129442500000582 0.031295295386691249 0
v 0.30681945532546323 0.62311091778914685 0
v 0.59487450038559031 0.83896798446432697 0
v 0.49906702752512561 0.014796862373977721 0
v 0.54718345219003039 0.19641405785848393 0
v 0.25196358224548376 0.77221750643864395 0
v 0.31406162929981946 0.022342740738258714 0
v 0.14562642517966126 0.90917824642136047 0
v 0.34893719799652345 0.59843702047588732 0
v 0.14183720655975285 0.25521706924280357 0
v 0.56715511309624955 0.72510117407664509 0
v 0.501273262224191 0.17929320647303953 0
v 0.16918146422934871 0.21634501935447226 0
v 0.19240582486700286 0.70489825191256017 0
v 0.58971591300023518 0.23911105504110963 0
v 0.25186930690544385 0.79486863265367114 0
v 0.31677875726840055 0.33861309632923758 0
v 0.25800544184917334 0.44466151956869809 0
v 0.56146396089374118 0.75965350027577117 0
v 0.56878289690712558 0.83923024225756615 0
v 0.57542405738089686 0.85048872007818455 0
v 0.55549157533658611 0.81680373403144924 0
v 0.57557361234421678 0.22128094976411466 0
v 0.090151903041267314 0.052407022075107668 0
v 0.37627791890587392 0.62284372432420843 0
v 0.15917866819238519 0.86323793347136379 0
v 0.14594553826866774 0.86330014553788992 0
v 0.53443986467433346 0.71402438888511366 0
v 0.26360660726055052 0.61840505163775461 0
v 0.23201997142212077 0.89777457860801846 0
v 0.17711458213112036 0.10736838441544364 0
v 0.51675623988879538 0.3867624605379108 0
v 0.33705006693278167 0.73822536069441924 0
v 0.22247832414334837 0.29926563598534989 0
v 0.21533053398411356 0.31010375496141107 0
v 0.16354560477992877 0.20480275565524042 0
v 0.40929083514797232 0.68030782617210162 0
v 0.41735308156742768 0.66925932008545108 0
v 0.27531968001836893 0.38070218498823566 0
v 0.2441267547731672 0.36736344029264206 0
v 0.23843016772971953 0.35572227989733102 0
v 0.31632850565168663 0.12167924966749222 0
v 0.32407000305164119 0.82863606800387246 0
v 0.31115425658963525 0.82866809282804788 0
v 0.34811579063677223 0.39556648995554322 0
v 0.2456527721602875 0.34492502781651702 0
v 0.23266600840345419 0.34431048530727559 0
v 0.19219546307174032 0.94378982084585417 0
v 0.30587750532248231 0.38752645120022688 0
v 0.31782547478526602 0.3834803865501436 0
v 0.14596407117273494 0.84047954893533516 0
v 0.074045183506363632 0.030729362916764487 0
v 0.60060635903215065 0.26396598517417635 0
v 0.17746204298239127 0.53679378483308171 0
v 0.47576546434677913 0.37170842670742299 0
v 0.48224732595471531 0.38267913631226302 0
v 0.25854432234996522 0.76094804604744637 0
v 0.35067849587339628 0.20669813959526331 0
v 0.34300550666212876 0.21700119744155544 0
v 0.35796370094028174 0.19603136723784703 0
v 0.33061535155525013 0.21636010883543691 0
v 0.33578192535365869 0.22752919506341374 0
v 0.33700342865772326 0.80616449021059244 0
v 0.36323863621402458 0.038304970049169357 0
v 0.14370526116828783 0.60391574848636342 0
v 0.36296915102848093 0.86098919087180148 0
v 0.054776681845324957 0.050728131032541368 0
v 0.4303489796450326 0.40188197744883558 0
v 0.40504471903476108 0.78186830330192314 0
v 0.19309140443457212 0.65837479381334685 0
v 0.20121764964360428 0.64728217731165494 0
v 0.51008920123562451 0.87501979340572922 0
v 0.49677267860287172 0.87652641357194849 0
v 0.36293704201106758 0.59858161461831116 0
v 0.18230480454761755 0.49167249721691136 0
v 0.16938560614634604 0.49021513131886263 0
v 0.19651614206201834 0.29778118401372888 0
v 0.19388448218081988 0.75292120351325054 0
v 0.52221108904335001 0.18694954115279555 0
v 0.41503939526241701 0.77127741507968983 0
v 0.23258821650864087 0.98739714347517493 0
v 0.36765487263245095 0.47908652697428195 0
v 0.26816118554696078 0.39100191473163554 0
v 0.25595022517769406 0.39127612321624516 0
v 0.61101495641801618 0.28985927224109631 0
v 0.52295900165564879 0.87499323870003831 0
v 0.31959972335752962 0.48781313607313914 0
v 0.17862225137377086 0.59583000495483174 0
v 0.40894524948048 0.63998481793255635 0
v 0.17768931481985276 0.082666806914474589 0
v 0.20844121360687184 0.61244607715217703 0
v 0.16956827148717024 0.80704831907253483 0
v 0.37512093958878823 0.035756618950420233 0
v 0.31392425834422688 0.63522787866713593 0
v 0.21211208116006641 0.79495210540730388 0
v 0.33203394354230908 0.48335832307170323 0
v 0.33700317086013398 0.82864890483008802 0
v 0.62160091265617601 0.31482304991458609 0
v 0.19883971981284176 0.9553159507678225 0
v 0.34616715328696024 0.17252934865538941 0
v 0.17562842156220007 0.7737544949400661 0
v 0.1859298961732655 0.7777635162778509 0
v 0.13393499919428647 0.80882895373969232 0
v 0.14965010612645679 0.12280651542010199 0
v 0.22978176383580523 0.41165999842267992 0
v 0.23909864422960214 0.41916738826571659 0
v 0.22514446527741361 0.44775985762302217 0
v 0.14196605831690576 0.059441982722285243 0
v 0.18452458103465683 0.6932388706422743 0
v 0.27774083801243887 0.61987959516970259 0
v 0.58101652946809978 0.74817289962044209 0
v 0.59418031865982479 0.748254189367904 0
v 0.16498083003799979 0.65541470432980153 0
v 0.26904994222736239 0.69237452025425583 0
v 0.27581963438367069 0.45715552606725096 0
v 0.32616366103245803 0.11437580139795046 0
v 0.30481388284918653 0.56190044175944931 0
v 0.6308496250073814 0.33721527632592196 0
v 0.22507674116190485 0.79481032216023273 0
v 0.56000223303984509 0.64617969326086189 0
v 0.54717204121332796 0.6463228702128041 0
v 0.57269104175148589 0.64580571342490889 0
v 0.41511811398491866 0.42352921276481237 0
v 0.42916087601617242 0.77221766379712631 0
v 0.42293332402759354 0.76032888622912997 0
v 0.59296379227767648 0.7023781558496951 0
v 0.46933668945921753 0.38270863286489637 0
v 0.2825797236076556 0.16879008880284638 0
v 0.21851388245993184 0.8289960527440714 0
v 0.47068558082440914 0.77484421156138894 0
v 0.43284861105096351 0.83306551331676482 0
v 0.54079575169901473 0.65753305913549875 0
v 0.53430926729064709 0.64641683203619071 0
v 0.17063636025780662 0.66849000255364377 0
v 0.16759099868716146 0.14191019987186049 0
v 0.16870076934003975 0.15442406812149545 0
v 0.52792786621186316 0.65759144763505617 0
v 0.52144637154299212 0.64649112892345351 0
v 0.51506799327699493 0.65766182956663144 0
v 0.50857382945974583 0.64655879783175452 0
v 0.50220655889372834 0.65772472372149937 0
v 0.49570500739650025 0.64662168430711775 0
v 0.48933078373843997 0.65780093729042011 0
v 0.48283670697826653 0.64668871504006398 0
v 0.47643081150561356 0.65788002552914926 0
v 0.48288027534986278 0.66898953502917524 0
v 0.47000115329614278 0.66910227262838418 0
v 0.46348572697132312 0.65792339162793179 0
v 0.45704542965488498 0.6691751784359552 0
v 0.45051354267353838 0.65795438742226886 0
v 0.44367974837892971 0.66922712364913017 0
v 0.45054616735879116 0.68048549489151022 0
v 0.58641647121439444 0.69121743490995169 0
v 0.32466145068192509 0.40415007262636082 0
v 0.2607121179981165 0.40408210208206585 0
v 0.30948511999604833 0.34920752948521738 0
v 0.32087710105514494 0.35027484890398436 0
v 0.23167882282614316 0.80617006690959669 0
v 0.40549509003521367 0.61882025589758383 0
v 0.2281973582040433 0.31085358081697556 0
v 0.20905135812195538 0.19663888259264062 0
v 0.21609061050445838 0.18641274721942483 0
v 0.2217835511792379 0.1975225366407638 0
v 0.22883281022019078 0.18729303418054849 0
v 0.23453523826771339 0.19836701807166129 0
v 0.24159324724248515 0.18772564247767068 0
v 0.30549117243066964 0.31570239779720211 0
v 0.31823569174081529 0.31653891632175252 0
v 0.31259400217024252 0.30508905655178786 0
v 0.32576820252595262 0.30588789297841668 0
v 0.31972040172678146 0.29437450109172464 0
v 0.23492711092077967 0.17483788684348173 0
v 0.5541070334620759 0.7252042407453092 0
v 0.32752945204534306 0.12657498927341862 0
v 0.32353314519031462 0.22696858146506485 0
v 0.32914320129508906 0.23841204704863339 0
v 0.31653002657804968 0.23759283700485112 0
v 0.32214238710330723 0.24903461596225562 0
v 0.33483682548496174 0.24990013371402001 0
v 0.32785061381692177 0.26070968661219074 0
v 0.31507564481217881 0.25966577617563935 0
v 0.32477987685319731 0.10196903043490381 0
v 0.35602239456619728 0.21979316123286025 0
v 0.21879499729634005 0.92075569795845236 0
v 0.19819864714206292 0.47158656281214728 0
v 0.56237652780627168 0.8506445173038899 0
v 0.56897665538493825 0.86190702130402252 0
v 0.33734796236687592 0.71533542819846385 0
v 0.34400791727620139 0.70384353678338862 0
v 0.33753289282013837 0.69235194205909933 0
v 0.19097761873677435 0.28636337815742091 0
v 0.49529156097426297 0.69158260756256307 0
v 0.2782820889108959 0.7723676770822766 0
v 0.42228026312327455 0.68059692787338499 0
v 0.30680065153118802 0.29313249414821296 0
v 0.26520586926395762 0.88619787147583073 0
v 0.21948720074330957 0.24229010708880827 0
v 0.55576806271027279 0.83953661856252593 0
v 0.32661405237114771 0.58148549406835914 0
v 0.17532844408442508 0.55984351426126588 0
v 0.18090708288337443 0.57221549766325874 0
v 0.60060858699679875 0.75961158832998543 0
v 0.24974055107468521 0.61696215602588278 0
v 0.4841169796282655 0.19782833366165398 0
v 0.031956428781354559 0.040889468613726811 0
v 0.30229895485727137 0.57587418011757707 0
v 0.29125764068978233 0.56653443746132859 0
v 0.59950267548301084 0.71353015840631839 0
v 0.46150386169821012 0.8103939245637044 0
v 0.45438721400264137 0.82178551869687599 0
v 0.22745115582398298 0.20892595636075778 0
v 0.24042542050612573 0.20990593775469749 0
v 0.23326007390812942 0.22044866418197184 0
v 0.29015111982060149 0.70386594897631516 0
v 0.29202330193377779 0.86266380257723441 0
v 0.1165967431067791 0.056897395673390277 0
v 0.23975965860327825 0.33356832262113523 0
v 0.22107544581135463 0.32165413764137385 0
v 0.20814572998521053 0.32095401969232074 0
v 0.21392234699965618 0.33239358839911515 0
v 0.23686767823233468 0.43181264721955925 0
v 0.30686251726270275 0.49213772115484694 0
v 0.33062196602799798 0.8398306534559119 0
v 0.30841757660360036 0.37514216426641839 0
v 0.29104423276816604 0.74983804133854237 0
v 0.38313657180315919 0.044759788266960011 0
v 0.3870343684778042 0.033242756821946003 0
v 0.39481520865914377 0.042321294454192082 0
v 0.29854077173443022 0.85129505132474059 0
v 0.36985099093717794 0.70353075425335021 0
v 0.53943853534865349 0.22445797023518135 0
v 0.4366130792945378 0.76082768535951373 0
v 0.36325520272980177 0.692245279467675 0
v 0.55584876518452553 0.8620221617948377 0
v 0.49725446152978259 0.40374555179908372 0
v 0.23141059366299557 0.51938734597529268 0
v 0.57252838750069923 0.2598568999479276 0
v 0.13913323471911726 0.89757696254839359 0
v 0.13187820142259371 0.90847186325592499 0
v 0.22708927918003838 0.76412161614773799 0
v 0.15108812549308703 0.82672473635165056 0
v 0.47687152314382258 0.78640354943595192 0
v 0.27911368580818746 0.50407364687179512 0
v 0.23126663182386187 0.36666009576645925 0
v 0.33242695826424734 0.29532410623163796 0
v 0.25675770137521547 0.63205207573616917 0
v 0.24173656703066909 0.62860058876928582 0
v 0.15463983749854276 0.060717410496934784 0
v 0.46455654352303954 0.76271902743243436 0
v 0.57845040290544769 0.62139284011787577 0
v 0.15635978453380467 0.21545880970834716 0
v 0.16201550982610358 0.22671482199557627 0
v 0.43746478472020378 0.65819615643922935 0
v 0.44369200139616499 0.64706820536571863 0
v 0.58349894940544955 0.86291575760443995 0
v 0.28002149719034336 0.98646365511792 0
v 0.58513963601156527 0.28520969060463608 0
v 0.39242628946210389 0.4426309251747067 0
v 0.56580259437506253 0.24728576755912529 0
v 0.30583409150752816 0.93271135646888981 0
v 0.31241290386584586 0.92100585821050185 0
v 0.29896995574602725 0.94452756308803898 0
v 0.28536399816787117 0.94453628318956984 0
v 0.28100246294426762 0.39410708237265024 0
v 0.34070465536290162 0.57752376898548929 0
v 0.19049253478394781 0.15172946890774211 0
v 0.20551568714774948 0.68139887164514379 0
v 0.21471139291849442 0.62484399051484285 0
v 0.32679145266600357 0.2838846477660491 0
v 0.27742481573015831 0.72714031048024863 0
v 0.27086343450170286 0.73856520068951492 0
v 0.046756962123746762 0.41149946022350659 0
v 0.32895392470673757 0.33945060833439067 0
v 0.59314801436270692 0.7247774535064101 0
v 0.15639425191641981 0.092839469683698786 0
v 0.24610043211868943 0.22136076114368536 0
v 0.50570248887593838 0.036457565556934524 0
v 0.59773698064207526 0.31060326300698915 0
v 0.23691130656479945 0.37831086901371513 0
v 0.19930729886354664 0.71746423135431636 0
v 0.18493854046845087 0.71744910137466988 0
v 0.4757950155153029 0.39332245294457391 0
v 0.46265742069806759 0.39390689610038532 0
v 0.56084285613721885 0.73654950188013324 0
v 0.14907142723268796 0.049710629969774496 0
v 0.41454386307268015 0.73719474987250555 0
v 0.49562235891268236 0.38129755894909395 0
v 0.19124896364103516 0.80499449738522522 0
v 0.56250369303935965 0.87268542271092597 0
v 0.54934496182917869 0.8734722460632891 0
v 0.24913674278538261 0.42670142701802449 0
v 0.40190830562935032 0.76845367886659244 0
v 0.14576943681326124 0.88616476036065039 0
v 0.13208176399168392 0.88572593333749161 0
v 0.32046684138389453 0.37143594710246453 0
v 0.2996908952564078 0.61098783289063363 0
v 0.31793900335840708 0.21548874093677456 0
v 0.50864853603472249 0.6688753291460644 0
v 0.5357734117060895 0.8287369171500899 0
v 0.18789563585654814 0.74207103918894646 0
v 0.29736571089907893 0.48268670511096007 0
v 0.5095593434056328 0.20560601229262015 0
v 0.52235382162479382 0.20917705608175038 0
v 0.3403156868679279 0.16039851182854703 0
v 0.34046482193410144 0.26131923735549034 0
v 0.23541318141674833 0.30003256887741431 0
v 0.47628670677992174 0.68024731372123404 0
v 0.24055105333919907 0.40677627526163973 0
v 0.3990397202657695 0.030991150067843275 0
v 0.40723047877123836 0.039825464951095249 0
v 0.41120951863687566 0.028420859376724582 0
v 0.41968674770077358 0.037542544137360911 0
v 0.32945781761923754 0.37979363942239575 0
v 0.3566714594033038 0.79429952000822834 0
v 0.34312404367058807 0.84009049566644445 0
v 0.33702683300097325 0.85109646992132204 0
v 0.21875055532268498 0.8518244175474341 0
v 0.46288595712089248 0.37146637545443717 0
v 0.41596439287332931 0.69179802653718236 0
v 0.54766594379147282 0.73656492545284402 0
v 0.13901100981297612 0.92082273401183901 0
v 0.25285052420359982 0.33431618206446412 0
v 0.2974478747955418 0.63568641240382906 0
v 0.27488329888413948 0.43226230992347336 0
v 0.14943945526430083 0.96070255803835369 0
v 0.24849830363231223 0.17733618781383997 0
v 0.2543047543493096 0.18848883216723827 0
v 0.26131482026380676 0.17823101494199478 0
v 0.46777454567450705 0.82271652944500828 0
v 0.46066120093042762 0.83410583583729148 0
v 0.47404200471370972 0.83503079617065412 0
v 0.46645688307454303 0.84755673268573484 0
v 0.060143148276988058 0.47161487142660641 0
v 0.065379998068899214 0.46272750615274005 0
v 0.057775364676602145 0.45224925623952794 0
v 0.070077996592741137 0.45255475492287278 0
v 0.076930191146468152 0.46227902767439655 0
v 0.082521720813223759 0.45173261969502848 0
v 0.089464458783652223 0.46189413906171151 0
v 0.083300798533735732 0.47312474331800863 0
v 0.096277276012039142 0.47286322829047783 0
v 0.090258078888116738 0.48415446981247667 0
v 0.10311857740178265 0.48400499481414411 0
v 0.10938167959424556 0.4724884510276095 0
v 0.11619907120005707 0.48372561687973997 0
v 0.10988326762708368 0.4952348415309189 0
v 0.12279897222598025 0.49508858241328291 0
v 0.13013043168415037 0.48254795780066889 0
v 0.11634246099927018 0.50634155453415097 0
v 0.1034717129086732 0.50673192156213553 0
v 0.10997377200246318 0.51783979120885204 0
v 0.12829620639084915 0.50733816710776436 0
v 0.065712953791508849 0.44241569342885617 0
v 0.26617946971923401 0.50900745403224434 0
v 0.26300432654323957 0.52244861167798584 0
v 0.35059527840134347 0.71530719695153755 0
v 0.29609481605322618 0.37890215556847046 0
v 0.35582785495886815 0.4859529273379038 0
v 0.35518032332807881 0.47312801654623343 0
v 0.05048527000352148 0.027373025447765723 0
v 0.3887713996956772 0.64611043686076619 0
v 0.30687127805153502 0.59868399278684581 0
v 0.3311207589065735 0.36903655617933329 0
v 0.34842358791199507 0.82972267607376171 0
v 0.32717740384069899 0.51379970364347127 0
v 0.46359067222171296 0.18245204788206149 0
v 0.15691409938474404 0.66726987775384938 0
v 0.38885016512581716 0.46184006303724723 0
v 0.60631580183176437 0.74827615399114189 0
v 0.51479062489105432 0.63593627041443912 0
v 0.32751905351802979 0.15960684769237032 0
v 0.33618416879744289 0.14617368648505905 0
v 0.17731929855539078 0.48000449206423057 0
v 0.16492431383676312 0.47892238449011104 0
v 0.15658130513064589 0.48884440143554403 0
v 0.15143258683112193 0.4764757983143646 0
v 0.48926176885554662 0.63661221085069553 0
v 0.095262645570614854 0.45023760443624128 0
v 0.18879519892477423 0.56123683925371814 0
v 0.19384027385266095 0.57398270888094627 0
v 0.48167229864920469 0.80550650330790396 0
v 0.54026218208550547 0.63626977120516059 0
v 0.55622192595223963 0.23517809662825839 0
v 0.28414758378343941 0.44028252775517873 0
v 0.41853141783969716 0.19303024516924294 0
v 0.51602770951426513 0.88619455835295802 0
v 0.63180013831426418 0.84659672742285319 0
v 0.4379237934759419 0.18318166467569516 0
v 0.15883485631593711 0.070438731537266458 0
v 0.18600839064106239 0.95503187671406953 0
v 0.17893307564369157 0.94373875838469279 0
v 0.1921568406528914 0.96659282778094169 0
v 0.23089655160764003 0.4591596878081472 0
v 0.33099044118920196 0.31702617108540887 0
v 0.21771840348155985 0.78402060669081719 0
v 0.23167170790322972 0.78404510602588506 0
v 0.1512650066452435 0.2036776480536481 0
v 0.15798757893564297 0.19327057748622478 0
v 0.097530661572873906 0.51799605187313613 0
v 0.1038226065422139 0.52955333298654483 0
v 0.090862508332579472 0.50669296347582315 0
v 0.11635914919163672 0.52921375253458081 0
v 0.11033017951188714 0.54100221721938779 0
v 0.62825513448595083 0.36023595146950638 0
v 0.20391896510674545 0.78565139528030248 0
v 0.24704608830369992 0.64112917324913266 0
v 0.30748489209672192 0.64651493014863992 0
v 0.32108785131968803 0.64670201908526304 0
v 0.36626759467434128 0.46614542779847079 0
v 0.56553567668061477 0.63616505625823994 0
v 0.1523059507238767 0.65421111286924649 0
v 0.20711963402451389 0.65989749633450878 0
v 0.24592239968476493 0.76044599218097542 0
v 0.25194244221401318 0.74981502644216802 0
v 0.59875818137048864 0.69148451427705404 0
v 0.59272276934111812 0.68021278173282917 0
v 0.18384196368528477 0.29695489801530228 0
v 0.17989459405318436 0.283730496322814 0
v 0.18988026088664173 0.30845972490177742 0
v 0.16654172840914619 0.0644247815579998 0
v 0.48357993598079441 0.77584018569947999 0
v 0.49036575176910863 0.78766664695150823 0
v 0.36591593113588561 0.027359574197149007 0
v 0.35467343469858625 0.029467472709983584 0
v 0.18988864561668195 0.62131673388994302 0
v 0.40286699598455888 0.43943936799205885 0
v 0.21459028995643059 0.64836280826658688 0
v 0.58706697468772162 0.63049823854284082 0
v 0.34928315133095755 0.083595132139704709 0
v 0.34075573853145286 0.07507849805850203 0
v 0.33710089844806862 0.085788330231807264 0
v 0.32923818707966462 0.077174985082177433 0
v 0.33245262049421986 0.066070698322155064 0
v 0.16086772815305564 0.67961725798698414 0
v 0.41850797569052622 0.65065186899912386 0
v 0.3472875412368096 0.25136656452836587 0
v 0.26396353859909205 0.42541598794755708 0
v 0.60590404541442222 0.68048907690352245 0
v 0.59855754771177216 0.66819601929183414 0
v 0.47079060418790863 0.8983771442910079 0
v 0.476476619017423 0.88480400347957011 0
v 0.47198087947590645 0.86982994083532161 0
v 0.16451827024246735 0.45933355033591661 0
v 0.49772313550669406 0.7763504211105452 0
v 0.13916566934338984 0.83108312493215242 0
v 0.13328170564967534 0.8411325221205842 0
v 0.68288892478797236 0.45705737597546559 0
v 0.35515044021828973 0.58546041651874337 0
v 0.61023744949045955 0.3360494086093313 0
v 0.23380141849324981 0.16120079928907446 0
v 0.136600443383533 0.048225984534555177 0
v 0.348943347355606 0.29552508915466719 0
v 0.15555064099355106 0.10981400788708329 0
v 0.16210858608778506 0.12188675633974255 0
v 0.37066545688075864 0.58692666308900387 0
v 0.37665530960269633 0.59906063829865608 0
v 0.39017349685134467 0.78351911212260428 0
v 0.17927929074903315 0.75303867975966154 0
v 0.43740012457306654 0.3916987806888651 0
v 0.44253473836661905 0.40355865484454756 0
v 0.43520820494975077 0.41268274483361878 0
v 0.10078798665598213 0.43599077150477333 0
v 0.41080384114452417 0.06072228318380378 0
v 0.20500143075847257 0.96642050920234102 0
v 0.14435666805944311 0.19111297210078651 0
v 0.15224286420551586 0.18186957103703177 0
v 0.29228245228230904 0.49601175395950187 0
v 0.27985925677292123 0.40794139427357179 0
v 0.26785737870449544 0.49659518722864482 0
v 0.12674611974690264 0.83058352300509897 0
v 0.12366909484072931 0.53856413540553305 0
v 0.12035696575310523 0.55186903865767423 0
v 0.10317678524944025 0.55461166812614116 0
v 0.11346641962683968 0.56629127747881736 0
v 0.3207228592889555 0.068172200313064868 0
v 0.32407260971691509 0.05640044895917759 0
v 0.31699922703251709 0.046103198553511887 0
v 0.32886714469070927 0.044768295174465234 0
v 0.16315100939104765 0.035986510100693835 0
v 0.52958850710457239 0.88855611503617349 0
v 0.51179907034327865 0.36949385313092264 0
v 0.17208149430243858 0.95704723424550198 0
v 0.16540662312953275 0.94384860225542444 0
v 0.38433958153649728 0.58650249777330921 0
v 0.31647964950754198 0.13533192936709182 0
v 0.20049704757133546 0.33190291382895476 0
v 0.20629531050888178 0.34345605488545733 0
v 0.19024566721226804 0.78954978867625425 0
v 0.23351862834979614 0.63852266766613019 0
v 0.22312890509641331 0.16747943729229564 0
v 0.21320276270554714 0.16192117362920114 0
v 0.32227197608436348 0.034750916221211653 0
v 0.33434239207999977 0.03369090648716376 0
v 0.66255351183050526 0.45497472716621334 0
v 0.43191104733512009 0.74920499976579125 0
v 0.15771630774837903 0.14929167227401222 0
v 0.15773292974439118 0.16199568124537844 0
v 0.17047363608289348 0.16640622009829903 0
v 0.40581823189817212 0.65355348371628796 0
v 0.3513934969469179 0.8529531722994157 0
v 0.34253448560825928 0.86319716038495198 0
v 0.25239119074014071 0.51272617997856151 0
v 0.24985053273580443 0.52666280556315448 0
v 0.26038757884808089 0.5364209324277085 0
v 0.60550599408760442 0.72445985441852101 0
v 0.61128676627660072 0.71342246843126711 0
v 0.29222632066798676 0.95673489499916875 0
v 0.27854928444560506 0.95635279501930026 0
v 0.30563385379723951 0.95620786748436304 0
v 0.36549417615917179 0.22931759353991366 0
v 0.35440489422208582 0.23273216521100487 0
v 0.32924499918664052 0.49744851811869772 0
v 0.47674293784429383 0.63688346377764904 0
v 0.059572196469329111 0.40919561425491513 0
v 0.33351403245573535 0.34977268286403201 0
v 0.30307481620889842 0.032438565785526868 0
v 0.45780400329307491 0.3553614460110972 0
v 0.054267724473489438 0.42173213858007347 0
v 0.067209052930515462 0.41973860287450682 0
v 0.28850373473284496 0.58277109713839748 0
v 0.277951304822392 0.57108976537545164 0
v 0.31945076051388044 0.93334528289945173 0
v 0.086539741455291308 0.030880394573902771 0
v 0.080141391283369848 0.041969146658702917 0
v 0.067343816480773241 0.041700004088321335 0
v 0.33656581248523848 0.10783758501541164 0
v 0.43685879343322315 0.68046760625601299 0
v 0.42339525226553137 0.02542514848254912 0
v 0.43211259606815355 0.035211121979298668 0
v 0.43547319850164801 0.022924603655732873 0
v 0.44428099203240584 0.032615623311411858 0
v 0.44025266125757317 0.044272702612981267 0
v 0.4525708282898378 0.041216774069752597 0
v 0.45713415521138556 0.029498357586493038 0
v 0.4644740329629678 0.038777152606723493 0
v 0.46910225876371431 0.027016077412520774 0
v 0.47759988693996536 0.03652667945123831 0
v 0.4820369695176856 0.024481110711951574 0
v 0.49108327327098839 0.032864004775166059 0
v 0.48086259251726649 0.84707032422235617 0
v 0.4882646683764626 0.83505126587402434 0
v 0.48457081973179805 0.86084574295332472 0
v 0.35281330037274233 0.26206221574790078 0
v 0.39214869411701064 0.17655998385421018 0
v 0.3790903643246778 0.18154053997149755 0
v 0.36780998818965671 0.17184190248179765 0
v 0.24613494732742147 0.44106490251529751 0
v 0.40112762374163002 0.18546362315341208 0
v 0.28057316444744196 0.557003979490442 0
v 0.26703477139501852 0.56204328480664034 0
v 0.30361938456666149 0.50647556737269994 0
v 0.51262863279144766 0.019746379654151075 0
v 0.14346309162449145 0.48637823122147184 0
v 0.39234973731857564 0.021690673354444832 0
v 0.12070746026309961 0.91894421218251054 0
v 0.031091842949437808 0.026975895724780312 0
v 0.62645925590421869 0.37446183291923596 0
v 0.36942198057314546 0.15695163936879419 0
v 0.16062494734189486 0.81656975314117519 0
v 0.17351052043565779 0.81824203376225413 0
v 0.51291504392679987 0.39881573674438286 0
v 0.42475935539016901 0.43320096534143138 0
v 0.26717722583899783 0.18935988698270273 0
v 0.2701874035234138 0.54706564496260901 0
v 0.047581976517346664 0.44732408648458249 0
v 0.25591350520900558 0.55077272505313557 0
v 0.46017480082896811 0.050935218120563813 0
v 0.32090344638103696 0.27166155136105091 0
v 0.30803822543115655 0.27042269296623106 0
v 0.30239863587121996 0.25881421156056938 0
v 0.29529253746856254 0.26944226061193793 0
v 0.45536638310341648 0.8686421098182362 0
v 0.32730895498441165 0.013544644246303373 0
v 0.18815197652395194 0.32898306509055436 0
v 0.30102950950655438 0.28119021762824925 0
v 0.15674872034982448 0.13491350323211468 0
v 0.26013650153287327 0.19991061354330755 0
v 0.14780265694061123 0.67845038859976636 0
v 0.34313814879850052 0.49402162059267973 0
v 0.22443028316430957 0.37788569924749726 0
v 0.45095443482898762 0.18268980534840332 0
v 0.16368234999022047 0.7126294144061649 0
v 0.172445562890779 0.72231105664267847 0
v 0.46103152364761851 0.014371017093608567 0
v 0.62361389497331599 0.74171460466633765 0
v 0.57411597631392874 0.73663033890472118 0
v 0.43070390128854807 0.66937721547494244 0
v 0.19919917444263252 0.35486142149780975 0
v 0.50000177705031645 0.051304111358081786 0
v 0.37842647202920199 0.47038901752050688 0
v 0.12919633618864135 0.93176682605354588 0
v 0.14804181979946046 0.81235465250588323 0
v 0.443284741653585 0.69179896178068934 0
v 0.45647040750811085 0.69180612099110839 0
v 0.29408581371835552 0.55192954423942275 0
v 0.21264567137596829 0.3549757062814568 0
v 0.55461940353406325 0.74810667196338221 0
v 0.45085450691969786 0.76191364716164478 0
v 0.45848441160614573 0.75061522645850165 0
v 0.47193444117837835 0.75140988868547931 0
v 0.48164467740076311 0.74325371112245553 0
v 0.61680249456220615 0.34976853987433865 0
v 0.23910936109995995 0.23215355313957697 0
v 0.13502797599019156 0.15965232312380961 0
v 0.45000399388024542 0.36789034594968484 0
v 0.31205365084490388 0.3615470311032426 0
v 0.47102781579656777 0.19252912535078914 0
v 0.48223708928080522 0.18452970096933019 0
v 0.28448744334602771 0.96778199194519465 0
v 0.27055550068757583 0.96727695407264558 0
v 0.26493875311779813 0.95621679198362586 0
v 0.25737555055472194 0.96723312920643179 0
v 0.25165011728146891 0.95616734456958996 0
v 0.24464157764295652 0.96704951278452855 0
v 0.23850272599681879 0.95605441272175606 0
v 0.23189191300561185 0.96684906500268086 0
v 0.24525736755772587 0.94471584781827178 0
v 0.22537611665388912 0.9558124835037769 0
v 0.23867400606423059 0.74924093582281037 0
v 0.34618557835612657 0.90979176001323392 0
v 0.33218835871023911 0.90994048995237586 0
v 0.3385235600322628 0.89838494317317119 0
v 0.32529947427139805 0.8977220280391407 0
v 0.6125536969585722 0.65094217887621209 0
v 0.59926994589938243 0.65385500483866843 0
v 0.58741680902680959 0.64402768482664152 0
v 0.58894261683016125 0.6581831722895306 0
v 0.59984572285499982 0.73636709602591033 0
v 0.33149724845546125 0.42459228278719086 0
v 0.1430217030456733 0.21458850603076202 0
v 0.4357351157958026 0.63662447651355913 0
v 0.58707695278487027 0.73653077492306163 0
v 0.17189662168518002 0.69901745194971154 0
v 0.48464543221593021 0.89458838497924209 0
v 0.49612322230657574 0.89034007282701855 0
v 0.50765901517920631 0.89671756568152095 0
v 0.60535769222277702 0.88029664782870132 0
v 0.59497867915752978 0.87075700914141385 0
v 0.50198057480233693 0.68020027536448868 0
v 0.48394459606355555 0.41221546210294863 0
v 0.13930684383341002 0.44982964191955427 0
v 0.14246877628172241 0.46415322361509759 0
v 0.12868436855707616 0.45861695195237329 0
v 0.44291507217431048 0.7730358799500332 0
v 0.19341810799665973 0.72986394075234617 0
v 0.1524463901141388 0.87473055702887115 0
v 0.16568879090589239 0.87465455795306579 0
v 0.39831066401296733 0.79501754445937378 0
v 0.15821417964400949 0.29146459400901664 0
v 0.13920911539068295 0.87485666151782293 0
v 0.13276361059171377 0.86334458645766932 0
v 0.41657600563002006 0.049857197516321727 0
v 0.21307453063150783 0.71734522994579475 0
v 0.3077892135401008 0.54714843833639648 0
v 0.60349847090161168 0.32353427575687976 0
v 0.2782268509072866 0.49074358905157001 0
v 0.34007329811236003 0.52092491591682522 0
v 0.12498887371749869 0.87419266254538774 0
v 0.11947098254492619 0.86306191521608011 0
v 0.11904274474328791 0.88571540776762281 0
v 0.53436909380557807 0.66880669567446349 0
v 0.34384938740914966 0.56259146261756232 0
v 0.35825050097493227 0.55758080367129559 0
v 0.24157645064907543 0.46469507587155251 0
v 0.33962959138695892 0.28400366056012161 0
v 0.33951948882686334 0.30646711461289555 0
v 0.33387895907126203 0.27330863613268108 0
v 0.31388061454045346 0.28244435082691965 0
v 0.29391990488920156 0.29202728470637246 0
v 0.21863734528764689 0.96613914916099664 0
v 0.56779887724972633 0.74813843670895841 0
v 0.54826674572326661 0.75962662295637851 0
v 0.43734410085909892 0.43086628533543203 0
v 0.27196985637798859 0.44504906495020335 0
v 0.27439680939387995 0.17881357876602061 0
v 0.26943331935431214 0.16811085132016404 0
v 0.16497958112741576 0.18383685425302942 0
v 0.27183893299590306 0.94465166599823402 0
v 0.2120645285628209 0.95526980322101118 0
v 0.4265761882135054 0.8204966016815145 0
v 0.21414948403995382 0.56490101707585338 0
v 0.36164554415288863 0.010618116050012682 0
v 0.3897160136875979 0.18960539407860538 0
v 0.3782356809360361 0.19373036844845426 0
v 0.34292481969104871 0.81776962879959147 0
v 0.59133844425106863 0.29809455598345791 0
v 0.33344440674275494 0.93382583501003991 0
v 0.47775347104236687 0.76369454907527201 0
v 0.31162869575826002 0.85114720590962567 0
v 0.32795247922175874 0.63491090133642636 0
v 0.33498736413061353 0.64706715405162818 0
v 0.32846575275989776 0.65846393304058648 0
v 0.34208891028064553 0.65869650712965044 0
v 0.33636670777200983 0.67043352934452261 0
v 0.34978324877484335 0.66995959200445898 0
v 0.13945794420671975 0.85200783230145394 0
v 0.57863771922724028 0.27258365243379667 0
v 0.58667668738502299 0.26173402707717186 0
v 0.5792131897700814 0.88549961639351682 0
v 0.16092745386536816 0.96624951832209072 0
v 0.34575933217405508 0.40799769098485938 0
v 0.15898963646219724 0.88616336690138087 0
v 0.27710551325083094 0.25738082321623745 0
v 0.26989054341146057 0.26823845054831413 0
v 0.10251561172121743 0.46157800010218392 0
v 0.11515945613201729 0.46124976659629979 0
v 0.21357170643485468 0.2304847914429769 0
v 0.34380270145822756 0.72682043994238887 0
v 0.60126983517749832 0.82765442797064981 0
v 0.60765894540243282 0.81636385205729001 0
v 0.60111062049710351 0.80519425625376073 0
v 0.60782278469685569 0.83882131391328363 0
v 0.60148582012758867 0.850117372761097 0
v 0.61357946199223568 0.80540105957203911 0
v 0.60745049478774193 0.79401310712868567 0
v 0.61955529148968969 0.81627634062003385 0
v 0.61439353617663239 0.84996251142162105 0
v 0.62161206667914126 0.79447404034530344 0
v 0.61438572202494091 0.78222349993657592 0
v 0.61988340374953266 0.76957516626436773 0
v 0.62242741494145193 0.83809061714323263 0
v 0.6071561239498684 0.77094044215705382 0
v 0.59452042801061522 0.79394863960413187 0
v 0.33049841337865771 0.79486343636424883 0
v 0.33702164766490661 0.78357523594593792 0
v 0.35013605147847093 0.78343504260490371 0
v 0.52749251889653659 0.63625698572952771 0
v 0.34355349327271162 0.79475396515050245 0
v 0.47072713377845649 0.79916850948270313 0
v 0.5885530073103088 0.85030312055434198 0
v 0.24789369718464049 0.70499386655928986 0
v 0.26229933252902543 0.70465839644150929 0
v 0.2549497165865221 0.69258597932119148 0
v 0.27652730124324759 0.70413625742489894 0
v 0.5290161787856057 0.81728622513171456 0
v 0.18296752852954568 0.1727128819502016 0
v 0.32480075226541066 0.87358617426831808 0
v 0.33331603792219705 0.88451864774334044 0
v 0.12684347716399191 0.85235117213980693 0
v 0.1130903260003611 0.85101626020797305 0
v 0.19570377055413549 0.31961893742846365 0
v 0.22544299431823422 0.93241863772869693 0
v 0.41129600369330316 0.010696619837113786 0
v 0.099624186291795341 0.58803831205649226 0
v 0.1132229046685795 0.59005723853966163 0
v 0.11822559311714839 0.60259733341068311 0
v 0.12607797706416313 0.59095221121538866 0
v 0.11997299858309229 0.57832813665392357 0
v 0.10709199344810635 0.57769169900842332 0
v 0.1267702049795863 0.56672954430415712 0
v 0.13991930847644568 0.56827159305628461 0
v 0.17076393563597081 0.1942084310702758 0
v 0.29977350777010298 0.47016989581979002 0
v 0.28878303577779046 0.4607588951166191 0
v 0.28805946219053002 0.47373150323321372 0
v 0.30529150031324348 0.44503189976977531 0
v 0.39020629167679927 0.76142481859442512 0
v 0.061510052092388759 0.029251660597700142 0
v 0.19536307085821425 0.49319477724664679 0
v 0.60506172839585304 0.70278401759228792 0
v 0.23867871776268246 0.90934938165139068 0
v 0.50182233793020181 0.63680623673567549 0
v 0.24778718272092684 0.6549862628580817 0
v 0.28491588887867819 0.37060469924632872 0
v 0.23202498461346788 0.94453788704215835 0
v 0.23869698021871499 0.93283041685516921 0
v 0.3486496632352315 0.11339942186173003 0
v 0.32491765350324864 0.2048147694261544 0
v 0.27318237607483942 0.20086043698744274 0
v 0.20251315015793928 0.30923724949005882 0
v 0.52172469502715779 0.73689992356511558 0
v 0.12193763435499885 0.63788971425895569 0
v 0.12904424231151551 0.6263907334992731 0
v 0.13474320167677373 0.63906312479661409 0
v 0.49684874377645044 0.2015975124694504 0
v 0.50789263376146188 0.19146112518913116 0
v 0.34295740615690751 0.2384614038800211 0
v 0.2296511252645177 0.28839406236905896 0
v 0.54255508184528511 0.84001001711313916 0
v 0.41047108366477786 0.75927615060495057 0
v 0.55283813849450503 0.63652666478818587 0
v 0.32426081000734563 0.088606591559069872 0
v 0.33783786687483974 0.11993500478403993 0
v 0.35171207359524725 0.80686515146834259 0
v 0.5662487102231869 0.89128029167440881 0
v 0.54083226205516155 0.68007564350302174 0
v 0.21962244218552598 0.57763334245172104 0
v 0.19506394599179822 0.63439785867116449 0
v 0.61380453538467317 0.82714860746221341 0
v 0.27580552921011198 0.65585097662562886 0
v 0.28278585830201736 0.64277698404400174 0
v 0.26866519430292946 0.64367892394700399 0
v 0.32388490951050852 0.32796836261348522 0
v 0.33776107168392866 0.32803365230516096 0
v 0.28532287385699112 0.87429770142663732 0
v 0.27865261528735247 0.86274658068519694 0
v 0.27858864737674127 0.88605818310170792 0
v 0.24116712648558702 0.31149456780793261 0
v 0.2253037016708184 0.25414779698301454 0
v 0.53621895557150889 0.87483663758522812 0
v 0.54432478821671515 0.88561121972385604 0
v 0.21154580966679451 0.17423320981991164 0
v 0.20134328452890249 0.76380261012777106 0
v 0.25193237478539221 0.81751288212367568 0
v 0.23867612121215237 0.81751769439666255 0
v 0.23203294869113372 0.82893897045557363 0
v 0.17237720159126818 0.86328154488269282 0
v 0.17893156112000175 0.87472939803309058 0
v 0.17226565867426583 0.88619147754333505 0
v 0.23749304052876022 0.77114786977176009 0
v 0.57975719806931214 0.68019372397353695 0
v 0.29694476765967548 0.34778790833856515 0
v 0.12738334565014947 0.65053920266778797 0
v 0.58148317254680015 0.79388259370945224 0
v 0.30422932290004928 0.74968753047406977 0
v 0.45693295278814638 0.64686238652100014 0
v 0.19046703259809156 0.48157113020858772 0
v 0.51497144308363918 0.72551135394590671 0
v 0.48871153210529372 0.70294400523497735 0
v 0.24259195159185476 0.28913241943399143 0
v 0.55511843697537488 0.77120056546255811 0
v 0.37929391130771151 0.056237828277379567 0
v 0.12725228826145682 0.44468278716684267 0
v 0.27781418312038797 0.74996710664765009 0
v 0.53551930850617702 0.80569937478613363 0
v 0.23866801840000224 0.8403783264877781 0
v 0.22531997468808776 0.84039151595726369 0
v 0.25380960156091881 0.21106489033351739 0
v 0.43545588509069499 0.7845906132997077 0
v 0.4725738660800351 0.056526608040654666 0
v 0.28807359206524458 0.18021616171362614 0
v 0.49344454199592502 0.18857951089628841 0
v 0.13870215766306782 0.24261883180225402 0
v 0.14981114020437497 0.24658636509968523 0
v 0.15417234439566099 0.25941030613441063 0
v 0.16378402746453796 0.2502526507673517 0
v 0.16679876878577185 0.26421504851117078 0
v 0.17692206178527348 0.25669119558568559 0
v 0.21212370610325693 0.88629338755648235 0
v 0.12925955120276578 0.058240430768509141 0
v 0.12403339569355556 0.047434353562826118 0
v 0.1109679198007858 0.044050000539108937 0
v 0.1036673256431911 0.055098049543517047 0
v 0.098942504485443603 0.044705786005136583 0
v 0.18744495188549837 0.76431128399349724 0
v 0.46998894347628362 0.64697463492472418 0
v 0.5754290402047908 0.87315465787620672 0
v 0.14575426345376877 0.52174578192009446 0
v 0.13257932890085525 0.52021181613417566 0
v 0.45320441923936911 0.8456783289572416 0
v 0.14996960418373473 0.032922202073644963 0
v 0.30524744824372235 0.21453179450562654 0
v 0.29121023675299479 0.23584705267359279 0
v 0.23848097045252459 0.79495276127224801 0
v 0.22592066815092687 0.43566051794688337 0
v 0.074105722882343267 0.51367809342306814 0
v 0.082684006596544027 0.53857205174779643 0
v 0.096076399866383777 0.54129809717131416 0
v 0.094663978402348262 0.56207391985209421 0
v 0.21213630069254055 0.90926312964424272 0
v 0.23200436974228564 0.85181793969594199 0
v 0.34945008752227036 0.33421944531802894 0
v 0.54230603242209841 0.81701579775333222 0
v 0.29269448547969334 0.31481465740224712 0
v 0.53510569930792162 0.75964856531297964 0
v 0.21957875029315765 0.98570891877054745 0
v 0.19863187539861368 0.97868136156241592 0
v 0.20545355757560957 0.85186657105242836 0
v 0.36325986493340612 0.73797224170061426 0
v 0.25206717026027492 0.2330738018983344 0
v 0.1656158422768475 0.75802348961293209 0
v 0.58015515504966175 0.72498267211298317 0
v 0.18403924469616342 0.6085509895737069 0
v 0.19145285473491919 0.59771243613963254 0
v 0.5010337791674464 0.37040358028964104 0
v 0.43856743117110747 0.058122707805428976 0
v 0.26572774308559849 0.33527535655099439 0
v 0.20312929778970507 0.53978381648362128 0
v 0.35098315984540629 0.3593063521004472 0
v 0.42964125326214953 0.6916778871280822 0
v 0.36560478607335628 0.82577745490220977 0
v 0.4092741731966365 0.70332869431933953 0
v 0.40266678350534735 0.69192871676289314 0
v 0.2067072226035164 0.72938320835167902 0
v 0.2927523214001711 0.6232372031370762 0
v 0.24834969484621544 0.30072768869634064 0
v 0.56489402548424106 0.61895727966290315 0
v 0.29139136977378233 0.40363684315950454 0
v 0.20199694979444344 0.2073399694218574 0
v 0.099939077097658882 0.03317429128372499 0
v 0.30541925427523942 0.90920401728145583 0
v 0.52951171704670996 0.86322756770133302 0
v 0.21974020139052378 0.34394398122657693 0
v 0.18060709581958959 0.15926022535516632 0
v 0.22507508808178253 0.81758532859326971 0
v 0.51492494208770934 0.68018035382205222 0
v 0.35963244727620164 0.87368872518702312 0
v 0.34602112923246653 0.87653841556663592 0
v 0.53933625000000152 0.6201305840618877 0
v 0.20056973280385285 0.14439406663956855 0
v 0.32060641974652526 0.59766127602446972 0
v 0.31237555475828427 0.58567710537689499 0
v 0.33478145424245415 0.5938505830450439 0
v 0.62963461938460263 0.38900727125329349 0
v 0.071245742110917498 0.50124420249958557 0
v 0.51395499999994665 0.62012986237404333 0
v 0.22539340437125613 0.88628800712255951 0
v 0.17538768199218482 0.12094531606152642 0
v 0.21197021372168123 0.14947793161692752 0
v 0.25198864882609961 0.93303649383091569 0
v 0.17862640257872375 0.26954432366782632 0
v 0.23078958810003758 0.39930789777788678 0
v 0.2422915132729673 0.39264696472650334 0
v 0.38277977099896088 0.6345920359233661 0
v 0.39211687992514338 0.62296897168945231 0
v 0.38336921790368195 0.61093713379766101 0
v 0.39618928162045336 0.63579302849454511 0
v 0.31092232453311952 0.22610922805410222 0
v 0.24532888150644919 0.80614394058504379 0
v 0.4630458089773562 0.63426526779206016 0
v 0.28489691890567814 0.82886949740605509 0
v 0.22540758140540218 0.90927966856338416 0
v 0.5410667645860705 0.7252863954878217 0
v 0.31223482381874451 0.20392582683600219 0
v 0.29786792137814216 0.78355946443534308 0
v 0.12234800497583093 0.47194767849115676 0
v 0.17889242299273733 0.92074244114221415 0
v 0.31713888320946793 0.68083781511996755 0
v 0.54875552391545457 0.80549105437254176 0
v 0.56330964412303364 0.21227086371171139 0
v 0.24500993220890632 0.78346645177911767 0
v 0.46444080663588572 0.62183609240678728 0
v 0.29974249185355678 0.30399324280166662 0
v 0.2913723849557544 0.81750625192772453 0
v 0.096888751814127705 0.49542649069792088 0
v 0.52141240413624934 0.71410888627805647 0
v 0.54750140341248388 0.71394571782565042 0
v 0.36961137642089226 0.61082144011508999 0
v 0.30447553840908098 0.81744337301681613 0
v 0.44052944171512243 0.82112962138958601 0
v 0.34354955293470707 0.7495280718350612 0
v 0.25852463685074339 0.87475161171308324 0
v 0.25853029436592245 0.80619130238142001 0
v 0.54732471952986617 0.66871222805591868 0
v 0.16166567503933857 0.50072221111879678 0
v 0.30949221611368938 0.2481706964289048 0
v 0.24746746057657099 0.19924382239134875 0
v 0.32406393495972435 0.69246236643147241 0
v 0.2120440323821185 0.84043096892921998 0
v 0.54187597059002834 0.77119381334736903 0
v 0.21876307877889528 0.89778054382872263 0
v 0.23206355392278766 0.92096707500932207 0
v 0.2054849561208896 0.89776805936919213 0
v 0.56218878621071333 0.82803037280537239 0
v 0.18288814167000744 0.54890975109749629 0
v 0.45535595787943306 0.73757049378036854 0
v 0.58808515635276981 0.80520528572411143 0
v 0.57340451362942457 0.691275287410545 0
v 0.53559269932674636 0.19125780529454833 0
v 0.53644051587777442 0.20433413590562971 0
v 0.54752491614406795 0.21067583413153151 0
v 0.29399902275694922 0.3910820240408357 0
v 0.28480560202390204 0.78358168372247461 0
v 0.32707723743105677 0.39184179042575285 0
v 0.63202606088627278 0.81597293738167676 0
v 0.3826795807360821 0.77255046427944452 0
v 0.52150799939328285 0.66881855651679978 0
v 0.46335706553270772 0.68035060042081574 0
v 0.37643665415397931 0.71488036371546271 0
v 0.61645180828037849 0.30237568404742804 0
v 0.60590605165093103 0.27681965649622431 0
v 0.18489182168984086 0.66954047090223512 0
v 0.37542086385740059 0.06749854504898993 0
v 0.32212557931068309 0.41641519841324781 0
v 0.18605120155935584 0.81811957778344202 0
v 0.29809292777489704 0.82876971684465706 0
v 0.29599347355310124 0.43660673591438681 0
v 0.35667224053336721 0.74944662964418385 0
v 0.24416250670744383 0.60417394134988978 0
v 0.28289847125453615 0.69206437992741643 0
v 0.28576802165002202 0.60872576711276483 0
v 0.26383014297035023 0.72725900286946021 0
v 0.17291162923809628 0.58327220482856212 0
v 0.45657413685485138 0.38250719824184731 0
v 0.19803186175306586 0.27542048421688742 0
v 0.14940637404141976 0.22609659976840329 0
v 0.18554853927939699 0.93226133833388758 0
v 0.086139514324130917 0.4404188607233388 0
v 0.074836911595049183 0.43250213570207174 0
v 0.42267467493860411 0.70321518943079941 0
v 0.22628174638535914 0.5077658755027501 0
v 0.42249688989924117 0.41224397651921618 0
v 0.1850797191347209 0.52609070313094097 0
v 0.27873886902488137 0.93279068774171303 0
v 0.21476367318657419 0.20813694574020436 0
v 0.17491405474729299 0.22775015619519284 0
v 0.50217246835363571 0.79435530982510261 0
v 0.31346820487495819 0.096576806142180005 0
v 0.31085942277232059 0.76095830410418153 0
v 0.24987600434765581 0.37958380726618213 0
v 0.36970831032983886 0.68081484786885893 0
v 0.40203960059854682 0.73726805827416497 0
v 0.33056064394412005 0.72678302357888391 0
v 0.2719545354942049 0.89769038597134809 0
v 0.17723358692781782 0.095123365221684034 0
v 0.4467678457161664 0.83359823874169892 0
v 0.25478496026336128 0.5677731567724783 0
v 0.49569282852635294 0.66892739243077826 0
v 0.29134194793273865 0.77234947888868588 0
v 0.14915955439285405 0.61644590015214629 0
v 0.083039355024046288 0.49542271952888517 0
v 0.35507459038855443 0.16185099722575533 0
v 0.25950277273306399 0.22253234058776661 0
v 0.21953167827553455 0.68137663468249343 0
v 0.25849499327150383 0.94459906565137164 0
v 0.16010751948941415 0.64274088895400916 0
v 0.52805147347424164 0.72540593268315157 0
v 0.34189881004276157 0.63479243205719715 0
v 0.14866130423344295 0.49881345487647716 0
v 0.48945357319699762 0.39248450144316771 0
v 0.17555710734910132 0.68324582404888023 0
v 0.16198863572253591 0.050406773141309917 0
v 0.26906111897141538 0.98722920014832782 0
v 0.39020718597163323 0.20916241606216568 0
v 0.36352998704732253 0.20764131271228548 0
v 0.50248518006992193 0.8395017375309598 0
v 0.30391659987311981 0.23671380039354234 0
v 0.25854742228266514 0.34589317857134821 0
v 0.23237154993831804 0.24319068553826984 0
v 0.23827768375635952 0.25506869299288037 0
v 0.16969851235847733 0.54757345975364879 0
v 0.02129483695512641 0.034788019056403822 0
v 0.31264555089018353 0.94453347481625494 0
v 0.29161346394601639 0.84011828536387267 0
v 0.35603708304425724 0.65809832093737386 0
v 0.37854574957950482 0.022395143428979556 0
v 0.2972765186832132 0.71536519086822881 0
v 0.23601614071540358 0.61548350098632654 0
v 0.17222375172584509 0.9322547841705745 0
v 0.60093725571455203 0.78240559715404079 0
v 0.19805291012078899 0.52752026508051419 0
v 0.3032080445997633 0.13784299198358774 0
v 0.13236390884468915 0.19525005820882754 0
v 0.343344745999416 0.42052015897811901 0
v 0.28123208359023316 0.29139355695357383 0
v 0.53470480984301638 0.73670062264880976 0
v 0.18608732467038824 0.58489079823201018 0
v 0.27328499852439642 0.53229788728942928 0
v 0.61802915513806067 0.70239588702652278 0
v 0.40961916225538492 0.60661358915093788 0
v 0.39656087974888266 0.60953001701969489 0
v 0.35156214451062429 0.040978287436708498 0
v 0.33373775752275603 0.47011369770604305 0
v 0.58063342969406206 0.24885150773612125 0
v 0.24996658896472601 0.41252003131503395 0
v 0.20209996753613363 0.15623569532917159 0
v 0.23865352045645166 0.53158220225859043 0
v 0.1794593860504253 0.79866928508275403 0
v 0.29781668420801299 0.76108233928584645 0
v 0.29685588552784148 0.24727862012994645 0
v 0.23365468202009754 0.49737914630984048 0
v 0.15233687218756237 0.92076640247517716 0
v 0.14444497874262446 0.93251120184708258 0
v 0.15043296464010392 0.94557337814890396 0
v 0.27191316651285108 0.87453377167223301 0
v 0.63410311117089968 0.40235357963063401 0
v 0.29342321564866353 0.4489110575946193 0
v 0.48234543440759614 0.69176851043619469 0
v 0.32197291788615701 0.14707256895602908 0
v 0.54145189744566613 0.74814048049985438 0
v 0.38069581487416199 0.44500343184866581 0
v 0.2280203247848768 0.62633191972221369 0
v 0.5942863981897758 0.77102422118786118 0
v 0.16797815002747946 0.23808023805641032 0
v 0.27177765524920511 0.85160089302248798 0
v 0.43911215884566729 0.8456716281700013 0
v 0.28828558080299393 0.28020703748537623 0
v 0.25996917754645865 0.32373470825268191 0
v 0.3441969650295309 0.063678169815429037 0
v 0.28974326192268324 0.2580211132905309 0
v 0.19309856313686635 0.46053097149131422 0
v 0.22052843506439351 0.21964809048380146 0
v 0.50922461297185051 0.78255938072227149 0
v 0.33838286046805849 0.13217750543404483 0
v 0.35209939529206791 0.18482675126366638 0
v 0.44991439638705255 0.63575001829766786 0
v 0.3501440944869218 0.73817495587963633 0
v 0.28516646528055067 0.85144137867269232 0
v 0.14405743040854527 0.79983243615359767 0
v 0.57377533675927028 0.23527928829572059 0
v 0.20329802547590248 0.48302871013690774 0
v 0.31673752406335298 0.50250846546323014 0
v 0.38689615027395285 0.065008685019014412 0
v 0.32057985489758062 0.17118949091671409 0
v 0.15840803809316217 0.93261212046746933 0
v 0.28266144117529657 0.26888479394606535 0
v 0.54901382503850749 0.82835557623598466 0
v 0.24693766327973066 0.32294070156141219 0
v 0.16575332514398222 0.10152100000005147 0
v 0.47018252696823853 0.40571259597209997 0
v 0.45986613795002529 0.41512839846343097 0
v 0.43850532889141791 0.010973619970880566 0
v 0.17713357691709836 0.3088043056585501 0
v 0.23377939530453584 0.32225627245411437 0
v 0.28381051549535813 0.71561690736480543 0
v 0.28467462407281696 0.76115336093965269 0
v 0.31784170045383009 0.83985780486300332 0
v 0.44575035313428413 0.749603546789671 0
v 0.30481196937617816 0.83997602618899114 0
v 0.22668009936888278 0.33300883989179297 0
v 0.22557789953838731 0.35526565928505305 0
v 0.33392691046713696 0.41228906257341419 0
v 0.26893284321949945 0.41255479784085314 0
v 0.46267868046996641 0.7032705694430712 0
v 0.62499280413944036 0.85634505537743777 0
v 0.35519577305479877 0.57117050510796785 0
v 0.54928715745593526 0.85102559787790555 0
v 0.36342168323291002 0.715092149263995 0
v 0.6944729805669726 0.47276117020411307 0
v 0.22638805453149416 0.23136931531256749 0
v 0.48907956347338888 0.68028593909073898 0
v 0.12636238572861805 0.89709387938804752 0
v 0.35684759771220453 0.72662262455610227 0
v 0.29928422167517749 0.36686713204976312 0
v 0.43944003913038054 0.62446755233736195 0
v 0.31197482512825359 0.89758393366387534 0
v 0.39068280325059579 0.053664455520869299 0
v 0.35694172270904062 0.70380836446142925 0
v 0.44944238117277102 0.70321543735830405 0
v 0.10974994868898201 0.61334896114163084 0
v 0.54271017059665039 0.8626929005947912 0
v 0.27162933239526188 0.76115771613517735 0
v 0.61258591120572814 0.75900031865669038 0
v 0.54128805055592488 0.89883945395422171 0
v 0.4694807442355482 0.69174124379778523 0
v 0.19036963582185595 0.53811662485508338 0
v 0.35675297148116658 0.68115418459182664 0
v 0.32444464847101839 0.85105612811637976 0
v 0.27712085985691132 0.15768041698648094 0
v 0.1251642382020392 0.030783388661716714 0
v 0.33635955100714982 0.39993249407183717 0
v 0.35046652463638883 0.69259788409747369 0
v 0.23893268689255681 0.50896805318250316 0
v 0.59513748151858814 0.25143209583812098 0
v 0.48905830431846897 0.61951372459052312 0
v 0.36570000066393343 0.18588351896596167 0
v 0.16650332399178214 0.27884395330268674 0
v 0.42489086855258962 0.1827429271854725 0
v 0.62910327122793563 0.34741591800071669 0
v 0.3147344226520577 0.15968299837381589 0
v 0.33584768524297159 0.45746795839886067 0
v 0.51626723106726624 0.90642746546389452 0
v 0.33854446562843676 0.38797406531009593 0
v 0.38636612428748185 0.010946241804657877 0
v 0.090772703741773902 0.52848049010696807 0
v 0.37664239039441577 0.45722393759086499 0
v 0.21863292770367429 0.36636546590279095 0
v 0.26494096346068602 0.74983090887046022 0
v 0.46527123973208712 0.85955804179587836 0
v 0.17240768382977836 0.46906087320893747 0
v 0.19121568067672437 0.68183189771616093 0
v 0.077372257670276195 0.053394245604385632 0
v 0.29332722436874059 0.59771642730775743 0
v 0.3363037406636773 0.054512067631921818 0
v 0.27132305506177445 0.63107837316492077 0
v 0.33056831828581057 0.86217782786025998 0
v 0.13989813125672984 0.47556525918182069 0
v 0.071575242595468783 0.4720778652838189 0
v 0.50327097618285221 0.39040873985907731 0
v 0.041133051222152335 0.4216737083132388 0
v 0.42935789641504779 0.048985920630972304 0
v 0.35835396985140061 0.44997145462564248 0
v 0.43091890857742426 0.64805361096659719 0
v 0.40244601344022524 0.05162053680277788 0
v 0.25775014378574013 0.73896451501101978 0
v 0.61722593428975081 0.67617427097521809 0
v 0.18458823061502699 0.97630356312727795 0
v 0.27375258191084773 0.5836619425064774 0
v 0.14118538930514077 0.50981385724591233 0
v 0.44720449374806714 0.41434505261220028 0
v 0.1661509560091452 0.82871041396069911 0
v 0.3994766603599772 0.45173441609687487 0
v 0.48505554176906862 0.87366146966420999 0
v 0.19585351357541181 0.55034973396356734 0
v 0.32573173991178628 0.92148250159059453 0
v 0.18531106216657323 0.47039148202654157 0
v 0.45022135501580585 0.3935293368064039 0
v 0.19253447509605803 0.16349179889322868 0
v 0.26988464540457796 0.7159218099549336 0
v 0.59234869929175027 0.27442954143438031 0
v 0.35142482330832814 0.8977446468941308 0
v 0.5849503112994594 0.66852175804023029 0
v 0.12313821756102997 0.6144807202734679 0
v 0.42714610589088969 0.73755304883891226 0
v 0.65530718355333151 0.4443343085403117 0
v 0.20127431130426837 0.56324007469138992 0
v 0.34064361889210426 0.043173252297288772 0
v 0.13613382959028297 0.61507998029623479 0
v 0.34981245845214859 0.38343877732262166 0
v 0.61244440633488662 0.73569555711646739 0
v 0.20658259093503101 0.57581399180991366 0
v 0.18136611763294985 0.73149212572103628 0
v 0.17749868753990275 0.070149096906242339 0
v 0.31883775936046038 0.90948980478965713 0
v 0.39492636833981681 0.65706232620406324 0
v 0.42928022816737166 0.42230465932670308 0
v 0.17961856855462244 0.8293606091611101 0
v 0.63333493685115139 0.79157527892038426 0
v 0.14703605917365586 0.15527020808821423 0
v 0.14568818552229149 0.16928137396457366 0
v 0.052735952093497157 0.038336726505571558 0
v 0.22083167108536608 0.63711908325037037 0
v 0.065786851199255564 0.054291476145047729 0
v 0.48759123184562381 0.013194145362315706 0
v 0.20041539222934435 0.79608324076924664 0
v 0.34821906703811889 0.13873953402602179 0
v 0.13575589924400916 0.49666337511092956 0
v 0.19902029293582368 0.58700132927566651 0
v 0.23471691090244168 0.4417313399064442 0
v 0.21146541629752161 0.3777965115124588 0
v 0.59837484263985496 0.28742469844753504 0
v 0.10796970287633362 0.45011354529476544 0
v 0.36032669548149565 0.25303078572351739 0
v 0.15965759824034884 0.95468425820205494 0
v 0.41893631871902359 0.7484844371003373 0
v 0.34364625827959527 0.68146249960198313 0
v 0.34515128488509306 0.46547216555264526 0
v 0.13870509527941594 0.5914802341575971 0
v 0.198792126509171 0.67034321892664572 0
v 0.63842483431870733 0.41447838311287544 0
v 0.30979296486851504 0.071696651043252679 0
v 0.43101560945070772 0.19298240305393449 0
v 0.44433757683614256 0.19283958129319659 0
v 0.26449781231367714 0.43605781874503718 0
v 0.1644803016015515 0.76945824872773705 0
v 0.1437215116432754 0.13439587936083117 0
v 0.34417821883926758 0.47867445846786799 0
v 0.51815064546812406 0.19842592896757183 0
v 0.23820662267772286 0.45145411447198347 0
v 0.11487810313433318 0.82655688483197598 0
v 0.37017829852551998 0.21775071038445118 0
v 0.56389004161584855 0.22523003197552838 0
v 0.41342028075414633 0.43652575013126771 0
v 0.13327461625350023 0.57946238356688817 0
v 0.20411240157829544 0.5999331094410858 0
v 0.28404841591137941 0.63071192522127917 0
v 0.077365398237271843 0.48264190855572731 0
v 0.12093382029274742 0.9066340194670115 0
v 0.18631951171725747 0.24994522161161103 0
v 0.24479144331841046 0.16605363582042204 0
v 0.13099766229672133 0.6030843713066224 0
v 0.26417956728068159 0.15783981461990421 0
v 0.55751557657058992 0.8831524947265168 0
v 0.60714950285196712 0.85848941525511346 0
v 0.69479024570638459 0.46177632468583707 0
v 0.1670046022520506 0.088432508189745365 0
v 0.47015308495215513 0.36184058296793059 0
v 0.060479415644326809 0.43177025719810003 0
v 0.33055333989272934 0.68154901002178769 0
v 0.15465957318508253 0.46472339295578752 0
v 0.3052740377702412 0.044893107039960314 0
v 0.376853648039847 0.20625121414308084 0
v 0.38948964360185923 0.5983847561173492 0
v 0.23834213032135709 0.97725414251748166 0
v 0.44815926439262865 0.02101571401147238 0
v 0.31895208813363851 0.95631268059102748 0
v 0.36423411442859455 0.84935229223088204 0
v 0.14185516095429551 0.6281167685162149 0
v 0.60405112035282615 0.30000395108039768 0
v 0.35513160477061728 0.82101628334730292 0
v 0.19659158400343751 0.61029602451627651 0
v 0.15634262356561879 0.23711293208380901 0
v 0.15967919388406832 0.17319483294562912 0
v 0.33833014468080175 0.0090558402425062034 0
v 0.34172095171659977 0.021536019324915768 0
v 0.45544444545780383 0.40436348913317799 0
v 0.32887260728320911 0.13775080772896731 0
v 0.25770401278298655 0.50116948171191378 0
v 0.34676519992596333 0.14988780499843374 0
v 0.13180153320913482 0.21795166918581443 0
v 0.20207643505365272 0.62333350082886962 0
v 0.49098946598607934 0.74866292315704797 0
v 0.49830593762336622 0.82768021944024273 0
v 0.45783506822945996 0.19262986905899479 0
v 0.12178654641473406 0.51759443033847929 0
v 0.34020990380287275 0.34004683850826489 0
v 0.24484946571977767 0.98847639595358894 0
v 0.25042553363869086 0.97774377487879671 0
v 0.3507176424226483 0.3089227566600814 0
v 0.1741733535885322 0.034159054753736914 0
v 0.14562995836292603 0.26704667696843709 0
v 0.59616026866845462 0.85982681815968198 0
v 0.20808189744155772 0.63588990314058147 0
v 0.16954417199634642 0.7352079851656399 0
v 0.34503744125271407 0.27163865338857268 0
v 0.25031561313606476 0.40165926328095303 0
v 0.049455643352101751 0.45645229006494764 0
v 0.3279411808330388 0.025173045403570651 0
v 0.34460321611678268 0.88838849444629253 0
v 0.25679207564159845 0.16762856114838887 0
v 0.41286889032947816 0.18336653407620246 0
v 0.49082097870020508 0.17824648366772955 0
v 0.57703806750867981 0.63413166601080162 0
v 0.2307723826944976 0.38795876949291436 0
v 0.22290504928172733 0.17805126307113248 0
v 0.32624283592586473 0.36033378458138526 0
v 0.13326185118695644 0.17163696239149565 0
v 0.60975820567921057 0.31282210835119018 0
v 0.40432139873955608 0.02054142516006249 0
v 0.32272496697296871 0.66947660178833257 0
v 0.16795453594763421 0.13079542977006361 0
v 0.16793010933338381 0.31530265989612838 0
v 0.21243600788578995 0.67085277339129923 0
v 0.30067534935373524 0.58814456054549458 0
v 0.33527641129175823 0.096435009032484045 0
v 0.085406581827107447 0.51635010388873348 0
v 0.14722787078074165 0.64071098174438268 0
v 0.35609617643574965 0.46063428688713504 0
v 0.34469434872668503 0.03345495358614578 0
v 0.17732602210938497 0.057966182685763819 0
v 0.30800874304225123 0.12837019327668697 0
v 0.33972449874175903 0.37512507490940333 0
v 0.42528784317272988 0.65899280832920293 0
v 0.28626637413029804 0.38307962924330413 0
v 0.17511355276445098 0.76279558793928104 0
v 0.47835312385340301 0.82455942901658374 0
v 0.27936071248670613 0.46731828827991184 0
v 0.31537000890896605 0.65801605286750986 0
v 0.50015081899646729 0.025468822824128452 0
v 0.24356629149306552 0.7392343952119742 0
v 0.35442139625321595 0.84099575850277308 0
v 0.6268829753696411 0.32735774881266094 0
v 0.38028324199311558 0.5749430090683959 0
v 0.64287210013397234 0.42690720945275523 0
v 0.043168912726787835 0.046418119996522969 0
v 0.62223999491367821 0.71559847822546896 0
v 0.14936369130631169 0.69061098170855539 0
v 0.10765125815659758 0.86228224686910981 0
v 0.33697765178042427 0.50660302002561008 0
v 0.58537497242074576 0.22847575862019034 0
v 0.55157032076167978 0.22279129375686685 0
v 0.30024612243508481 0.02161596130474791 0
v 0.3354481446628288 0.87200364516470119 0
v 0.17160048139144626 0.29400893452112581 0
v 0.22337441994818041 0.77371332627602629 0
v 0.61525173123486243 0.32564872196320055 0
v 0.27187337540463963 0.40141389155919882 0
v 0.17498258297951119 0.71086438722339129 0
v 0.35532330952666991 0.019047186810744181 0
v 0.20978308825056227 0.77452986005520119 0
v 0.46198250735975255 0.061624519820460452 0
v 0.49198586423117813 0.022160989209507903 0
v 0.63011197757724335 0.76686753083318426 0
v 0.46275951396271742 0.42535769667535306 0
v 0.30248347265283554 0.65758110962469685 0
v 0.26319171249839035 0.97747378947242414 0
v 0.24575343796883056 0.55764894156994049 0
v 0.29585534131507946 0.64730517558024447 0
v 0.5053343653677087 0.88495968076783516 0
v 0.19723450764803296 0.77637442451687311 0
v 0.47916447046886185 0.047560815791547091 0
v 0.21923707191654654 0.65951952183002538 0
v 0.55743909258516111 0.20154894949683944 0
v 0.47480718284108719 0.81333134054173428 0
v 0.51243746573030902 0.18003974638199408 0
v 0.31249136456448062 0.96561352587975946 0
v 0.39973795642528265 0.64514400667319394 0
v 0.12336283123700709 0.81819656213177272 0
v 0.50762417964205631 0.37934662968082489 0
v 0.25648719181905938 0.6456010702131243 0
v 0.15662957380259782 0.081386354475909306 0
v 0.36324732331245557 0.80310746658267151 0
v 0.3016391209344842 0.3566867038683228 0
v 0.18716242845971756 0.27598463554213259 0
v 0.13998463558104196 0.65258968306118925 0
v 0.34489343695504221 0.588817947256291 0
v 0.490796264332858 0.044072013766575428 0
v 0.57760710798357573 0.65621076013570834 0
v 0.18550906091486891 0.31794553341661463 0
v 0.51948056765695405 0.8963630748607031 0
v 0.35338557549250105 0.24289142125482466 0
v 0.12733657884425309 0.52910353074033556 0
v 0.60717891940003066 0.86852288630275853 0
v 0.48742569722589135 0.8840455035702186 0
v 0.28871705286942334 0.97974391657241022 0
v 0.22531757146942369 0.97551101258076467 0
v 0.62403591953071447 0.80691583715718684 0
v 0.1817838165013306 0.96514861861873991 0
v 0.040872166592208929 0.032906730844702775 0
v 0.3396731791793236 0.36086084429850102 0
v 0.25577528539368072 0.43481758322745123 0
v 0.61864702356531209 0.36447371835303088 0
v 0.58529707047237522 0.87503205501547365 0
v 0.24263311596492024 0.51890043832630361 0
v 0.16326323643735824 0.69083865161880109 0
v 0.20433994064955502 0.16637746476227083 0
v 0.5059992547765223 0.90805651894980177 0
v 0.28332792516028893 0.45043109426656647 0
v 0.40691857771111861 0.74829755249413621 0
v 0.18009341709152535 0.8090581409606955 0
v 0.60639053522116382 0.6613428137263081 0
v 0.62409294060011067 0.82568509306879079 0
v 0.1321806336400001 0.4688685259328032 0
v 0.44863119823969821 0.051095228079819227 0
v 0.48295260684026825 0.79596082851288674 0
v 0.51998379233517555 0.37540550196368783 0
v 0.39514109441596185 0.5878042597533899 0
v 0.34621657566105646 0.22688970088083829 0
v 0.35311814006323428 0.86509953163794706 0
v 0.14477664045869548 0.66584684567052621 0
v 0.40813153138360592 0.19325462984195052 0
v 0.5333806193698164 0.21523832456378242 0
v 0.26687824381710323 0.57295560400900269 0
v 0.13088372012219343 0.039354555070375115 0
v 0.14096665729098598 0.20180964564705853 0
v 0.34102576425619435 0.31637711911013078 0
v 0.14303311899541049 0.040257834610905263 0
v 0.1544500182257954 0.04159410055342138 0
v 0.16736646052324783 0.0762497132636063 0
v 0.1422270811508263 0.17977343540288146 0
v 0.3754491228006181 0.22663033426498802 0
v 0.38658502496749009 0.19921843664391686 0
v 0.36797921826642055 0.19830834428219624 0
v 0.56918081732996162 0.8809267679487045 0
v 0.22207865437690422 0.40463683137873091 0
v 0.5053251943037872 0.76953025717675816 0
v 0.49530992517813455 0.6279228389963476 0
v 0.12290691230985828 0.8425189604000104 0
v 0.26740703102745278 0.48608770851821198 0
v 0.07585781942333078 0.44392481289443353 0
v 0.36538828416360714 0.45633620641536476 0
v 0.50790714799986847 0.62805172885867488 0
v 0.47450155496768154 0.85648656898072728 0
v 0.67313426207233207 0.46313496537861215 0
v 0.22648738160074378 0.64802489165378541 0
v 0.38797402561133909 0.45146546022554268 0
v 0.036449866413737195 0.41236506772363046 0
v 0.35688965545228674 0.17476431600875089 0
v 0.27600572092719594 0.97766158455482022 0
v 0.14018263596724712 0.95472244251882477 0
v 0.1022695300173089 0.5688944139251304 0
v 0.13180216423116797 0.54499257778460464 0
v 0.52053577506944337 0.62779797174169738 0
v 0.34466321162347324 0.092184845480285119 0
v 0.16728784788729656 0.11199829681268839 0
v 0.090722552178122751 0.040641966508435101 0
v 0.25913081555933448 0.41643353596786048 0
v 0.17714877215046843 0.74174965731463305 0
v 0.41387914149430605 0.65976628671650639 0
v 0.40390346698917523 0.62908134546456207 0
v 0.078571437104930322 0.41844141949186986 0
v 0.23483744671874696 0.75934238403652354 0
v 0.14539056878419379 0.23528807819927547 0
v 0.48308410949651953 0.6281629000096145 0
v 0.41577311233376352 0.019800898997460088 0
v 0.48332603465477542 0.4014961128523748 0
v 0.53332557066653374 0.62796157089611149 0
v 0.48434481248686634 0.75561011712964632 0
v 0.31951799749336146 0.077962851091859658 0
v 0.080740111059838249 0.50550814942624356 0
v 0.39992234589067172 0.75824672794126036 0
v 0.60871893610589634 0.69314046078965963 0
v 0.54602764854109076 0.62800982765276425 0
v 0.11962124457154467 0.038452170613019018 0
v 0.35618323486613934 0.27130382471529707 0
v 0.066083783700028348 0.47981150154138297 0
v 0.13741288740026611 0.67415436173884014 0
v 0.67325733973819046 0.4514284137040725 0
v 0.11887696008662804 0.45134340630017578 0
v 0.61667892015474168 0.7498243372385579 0
v 0.64713913767705611 0.43820226085531372 0
v 0.48770080012270789 0.76625822004124677 0
v 0.055738092990357459 0.4415909753406993 0
v 0.36608659941896637 0.57700691889531508 0
v 0.5450983339725809 0.23301019370171866 0
v 0.40965038741973842 0.44604750684403865 0
v 0.35627878099743288 0.4976331412615328 0
v 0.24253072379921625 0.15601613437288803 0
v 0.15745493034205549 0.26934899275828789 0
v 0.39363073713721519 0.77370554153643334 0
v 0.36797927053545582 0.017576321005715777 0
v 0.31228280530681152 0.036922151069626923 0
v 0.14908967848176666 0.1433996075203369 0
v 0.17185271826409171 0.17637333252872064 0
v 0.55873195653340857 0.62778188644898836 0
v 0.17384495730655319 0.24646022496993181 0
v 0.40571095804507323 0.43035563345394562 0
v 0.44075470392105198 0.42130477116570803 0
v 0.47329493547514601 0.17999904347032097 0
v 0.63566846103053265 0.83826036502998003 0
v 0.49304470877232587 0.86580559284878411 0
v 0.22992778552702509 0.46822494461183162 0
v 0.45629604220180414 0.85556814040107088 0
v 0.13789692876734144 0.82059447375948069 0
v 0.23842383856077989 0.6479361597848492 0
v 0.52746020719307884 0.19828804109220277 0
v 0.18076659319576499 0.3359534518741159 0
v 0.2869043664277966 0.4840267642119106 0
v 0.60881276172549925 0.67009277592837457 0
v 0.2496385191709945 0.53784155978024883 0
v 0.21221355542334447 0.97501575173949107 0
v 0.57028853710731697 0.6271866446747183 0
v 0.68351721341623795 0.46863886740331973 0
v 0.10816473788220649 0.88612221149953596 0
v 0.47170143919880198 0.62801801023716675 0
v 0.48193342601275557 0.73331022541066249 0
v 0.11259088142571047 0.91034071773665137 0
v 0.62152125781541434 0.33724260226436165 0
v 0.48238363328028072 0.90477310471282002 0
v 0.47037270790303531 0.046388848109421024 0
v 0.18184769207926982 0.70402649382372651 0
v 0.35799897019217625 0.83177427680742078 0
v 0.086098274973456582 0.5651753122573141 0
v 0.1629623648804808 0.46919437505855888 0
v 0.61488617070470131 0.72349094673452041 0
v 0.59633763414014695 0.63225272714785352 0
v 0.62340347339294722 0.84774872784128608 0
v 0.22223656591031105 0.45559467220398747 0
f 1876 1035 1924
f 1798 1391 2158
f 5 119 2328
f 1496 1412 2256
f 2054 1269 2203
f 2118 1406 2250
f 1277 929 1501
f 1671 171 2417
f 1456 702 2031
f 204 1021 1691
f 1878 1876 1924
f 933 921 1937
f 702 1456 2439
f 1653 884 2486
f 323 324 1618
f 815 884 1653
f 1328 1694 2156
f 1311 318 1586
f 743 815 2364
f 1471 1325 2425
f 1639 857 2018
f 1352 1551 1639
f 779 1570 1572
f 1501 929 1585
f 1574 999 1575
f 929 739 1585
f 1478 2031 2117
f 1313 1947 2034
f 942 399 1477
f 1825 1357 2280
f 1478 1456 2031
f 1570 779 1618
f 1486 1279 1700
f 2356 463 2424
f 1692 839 1694
f 1352 1639 2018
f 1355 1273 1589
f 1508 1782 1784
f 1279 1486 1699
f 1752 428 1753
f 1492 421 1905
f 1003 185 1658
f 1488 1138 1610
f 1357 1825 2392
f 1575 999 2060
f 839 1692 1693
f 51 255 1337
f 1397 2356 2424
f 1452 1945 2181
f 935 1506 1784
f 1491 1103 2514
f 1298 1502 1922
f 1325 1471 2481
f 1488 1610 2345
f 1438 1636 2426
f 1325 1255 1581
f 535 2045 2281
f 1280 1826 2199
f 362 1590 2423
f 1355 1589 1625
f 1826 1280 2404
f 535 1939 2045
f 23 171 1671
f 257 1293 1417
f 1782 1508 1783
f 1309 375 1487
f 1191 1190 1640
f 1520 780 1521
f 2309 1607 2332
f 1526 1041 2516
f 1103 1491 1682
f 1636 1438 2183
f 815 1653 2364
f 1429 2379 2384
f 875 1507 1892
f 2018 857 2221
f 1206 1484 1524
f 1686 1344 2208
f 2379 927 2384
f 859 1474 1475
f 1617 5 2328
f 1514 879 2168
f 857 1493 2221
f 432 1954 1966
f 1506 935 2476
f 1507 875 1893
f 1667 1143 2055
f 1191 1640 2340
f 1031 1513 2056
f 739 706 1585
f 1522 1439 2394
f 2228 1320 2259
f 1568 1618 2299
f 1417 1293 2124
f 227 1102 1493
f 1531 2244 2307
f 1031 2056 2354
f 1551 1352 2291
f 1529 2228 2259
f 859 161 1474
f 1041 1550 2516
f 764 2070 2188
f 1870 2108 2306
f 715 1509 1510
f 1101 1559 2245
f 171 905 2417
f 1311 1586 2363
f 1868 1870 2306
f 1486 434 1699
f 1826 1825 2199
f 1473 1659 1661
f 2056 1454 2354
f 1954 432 2120
f 2199 1825 2280
f 1325 1581 2425
f 1541 485 1543
f 1417 2124 2276
f 1667 2055 2429
f 257 52 1293
f 218 219 2440
f 2308 1607 2309
f 1275 1593 1626
f 1945 1871 2181
f 777 1549 2424
f 694 1496 2256
f 706 1399 2126
f 1337 255 2446
f 403 874 1496
f 464 1664 2314
f 1189 2089 2481
f 1554 1009 2197
f 1664 464 2020
f 1585 706 2126
f 1394 362 2423
f 1691 1021 2373
f 405 1548 1553
f 2250 1406 2313
f 188 1284 1462
f 1913 777 2424
f 1439 1522 2249
f 876 1562 1564
f 847 1519 2076
f 1328 1692 1694
f 719 1798 2158
f 1000 2226 2412
f 311 720 1497
f 2059 2275 2296
f 406 1306 1548
f 1694 433 2156
f 106 412 1367
f 1141 1427 2273
f 1321 2054 2203
f 921 1043 1937
f 1935 933 1937
f 1484 1206 2284
f 324 726 1618
f 2089 1189 2330
f 1947 1118 2034
f 1559 1101 2247
f 60 281 1591
f 779 323 1618
f 281 1438 1591
f 1613 1392 2271
f 1660 1156 2412
f 1665 2120 2159
f 791 1575 2317
f 1498 1901 2535
f 1751 905 2149
f 1753 428 1754
f 405 1553 2485
f 967 1633 1634
f 307 1463 2478
f 1532 1770 1928
f 1534 1100 2301
f 269 56 2229
f 1499 520 2077
f 2226 1661 2412
f 780 1520 1608
f 1311 1573 2411
f 1058 1558 2196
f 1277 1501 1690
f 224 225 1551
f 1575 791 2360
f 2070 1588 2188
f 2253 1141 2273
f 1233 1935 1937
f 362 88 1590
f 1598 1538 1600
f 1633 1990 2142
f 1322 1522 2092
f 905 1751 2288
f 56 1528 2229
f 34 204 1691
f 1560 936 2349
f 1265 1995 2446
f 1524 1525 1836
f 528 1516 1734
f 1558 1058 2480
f 1290 13 2419
f 1406 2118 2311
f 1558 1559 2196
f 13 143 2419
f 1496 874 2022
f 1935 1233 1936
f 1492 1905 2359
f 521 1755 2524
f 1493 1102 1494
f 1204 1428 1700
f 218 39 219
f 1910 1566 2205
f 159 160 1606
f 1410 1676 2201
f 1600 1538 2534
f 1103 1326 2514
f 1399 1546 2126
f 1563 1346 2205
f 188 29 1284
f 2196 1559 2247
f 1995 1994 2446
f 1476 1576 2467
f 185 28 1658
f 1521 780 1622
f 2369 2245 2423
f 1544 1217 1545
f 520 1499 2454
f 1275 1626 2528
f 1676 1410 2294
f 103 406 1548
f 47 434 1486
f 1497 1686 2208
f 1949 1193 2085
f 1835 1514 2168
f 1568 1570 1618
f 1549 2340 2424
f 2213 2053 2251
f 1391 1798 2358
f 1509 715 2265
f 2402 1504 2528
f 1990 645 2142
f 1269 1595 2203
f 1531 2243 2244
f 1633 967 1990
f 2181 1683 2378
f 1309 1487 2133
f 399 101 1477
f 428 1752 2242
f 1491 435 1682
f 460 159 1606
f 1901 416 2535
f 1007 1872 1945
f 1498 1426 1901
f 318 319 1586
f 1551 225 1639
f 485 1541 1643
f 319 320 1586
f 1519 847 2103
f 936 1560 1801
f 1618 726 2299
f 942 1477 2194
f 2275 572 2296
f 1625 513 2097
f 307 69 1463
f 1754 908 2167
f 1518 33 2367
f 1497 720 1686
f 1538 1598 2082
f 744 1674 2134
f 1755 521 2436
f 1279 1204 1700
f 2349 936 2478
f 1810 1113 2399
f 1552 1008 2292
f 1524 1836 2339
f 320 319 73
f 1392 1393 2271
f 2244 1500 2307
f 1623 1311 2411
f 954 1818 2304
f 1580 1592 2046
f 1113 1810 2272
f 876 1564 2136
f 1576 1476 2217
f 1502 1298 2381
f 1299 1233 1937
f 123 1137 2123
f 1872 1007 2283
f 1298 1922 1996
f 1452 2181 2378
f 1299 1482 2150
f 1156 1660 2337
f 1355 1625 2097
f 42 227 1493
f 1566 1910 2438
f 33 1518 2441
f 1818 954 2406
f 1193 1949 2484
f 1482 1299 2410
f 1598 943 2082
f 2120 432 2159
f 645 1529 2142
f 435 155 1682
f 1947 1313 2338
f 2134 1674 2490
f 1580 2046 2472
f 126 127 1774
f 1137 1626 2123
f 1003 1658 2435
f 223 224 1551
f 1473 1661 2226
f 2340 1397 2424
f 38 216 1595
f 1752 1015 2242
f 930 316 1623
f 908 1754 2387
f 1528 277 2229
f 1412 1496 2022
f 2098 1517 2129
f 1041 1526 2332
f 441 1828 1896
f 2136 1564 2299
f 219 1515 2440
f 375 93 1487
f 1527 2309 2332
f 2268 1471 2425
f 145 14 2300
f 216 1066 1595
f 2056 1513 2452
f 1015 1752 2421
f 1418 1358 1708
f 1135 1136 1879
f 1239 1590 2066
f 1228 1561 1621
f 715 1510 1511
f 1561 1185 1621
f 1536 987 2177
f 517 1600 2534
f 1185 1287 1621
f 273 272 57
f 1100 1534 2443
f 915 1556 2067
f 1522 1322 2249
f 366 1239 2066
f 1472 478 2210
f 936 307 2478
f 320 321 1586
f 1144 1919 2015
f 1505 1506 2476
f 304 524 1592
f 590 1503 2463
f 1709 924 1865
f 841 795 1785
f 1503 590 2312
f 1597 924 1709
f 1437 1434 1892
f 1938 266 2100
f 280 1938 2100
f 1945 1452 2408
f 947 925 2016
f 999 1574 1576
f 1770 1532 2518
f 2134 1317 2310
f 1661 1660 2412
f 421 1492 2482
f 303 304 1592
f 322 74 2248
f 161 20 1474
f 1009 1554 2212
f 2292 1008 2507
f 14 915 2300
f 1556 915 1721
f 1554 2197 2348
f 1405 2103 2184
f 1462 1284 2337
f 1299 1937 2410
f 321 1038 1586
f 277 1528 2502
f 2016 925 2209
f 1534 2301 2365
f 2403 1066 2440
f 1346 1686 2205
f 1533 808 2483
f 1766 947 2223
f 1710 2286 2334
f 1573 1311 2363
f 1772 1932 2377
f 1315 1617 2236
f 2337 1284 2536
f 808 1533 2239
f 1445 2409 2444
f 98 457 1622
f 726 2136 2299
f 1584 1600 2041
f 1801 1560 1817
f 1583 943 1598
f 1964 1995 2375
f 1357 1919 2280
f 1677 1740 1960
f 1504 1479 2528
f 393 723 2254
f 1529 645 2228
f 7 2274 2402
f 1030 1657 1772
f 70 311 1497
f 316 72 1623
f 478 1472 2496
f 1478 638 2506
f 638 1478 2460
f 118 5 1616
f 2286 423 2334
f 2360 791 2398
f 516 126 1774
f 1548 1306 1552
f 658 656 1803
f 1636 54 2426
f 1023 1582 1717
f 6 122 426
f 1617 1315 2382
f 2137 425 2413
f 1507 1437 1892
f 723 1614 2254
f 943 1583 1629
f 102 403 1496
f 1543 485 2400
f 791 1415 2398
f 2409 512 2444
f 1386 2213 2251
f 2097 2098 2129
f 2267 251 2318
f 1314 1315 1679
f 119 421 2328
f 1784 1782 2278
f 425 2137 2346
f 1339 1214 1701
f 1657 1656 1772
f 2103 847 2184
f 1592 524 2046
f 1506 1508 1784
f 884 1274 2486
f 1616 5 1617
f 1816 869 2032
f 1665 1288 2120
f 1561 1228 1914
f 124 7 2402
f 1837 1879 2394
f 2088 1049 2124
f 160 859 1606
f 2215 721 2241
f 36 1596 2277
f 987 1536 2312
f 1135 1879 2359
f 17 155 435
f 463 1913 2424
f 1418 1708 2432
f 299 1422 1615
f 1507 1893 2475
f 1246 1862 1981
f 1513 1031 2324
f 1136 1522 2394
f 1289 1672 2326
f 1346 1344 1686
f 1785 1784 2278
f 2288 2326 2417
f 1727 1729 2069
f 1539 1308 1662
f 879 1514 2414
f 1049 2088 2178
f 60 1591 1938
f 1214 1602 1701
f 2119 2180 2472
f 1508 1507 2475
f 2326 1672 2417
f 1162 1709 1865
f 1721 429 2219
f 180 418 1619
f 1609 1229 1702
f 360 361 1792
f 280 60 1938
f 1602 1303 1701
f 391 98 1622
f 1662 1308 1666
f 1932 1772 2333
f 6 426 591
f 67 302 1578
f 1729 910 2069
f 1515 2403 2440
f 947 2016 2223
f 1919 1330 2015
f 1303 1602 1702
f 2276 1964 2375
f 1709 1162 1710
f 1620 1145 1666
f 1622 457 1630
f 67 1578 1582
f 1137 2402 2528
f 1578 837 1579
f 1593 1275 2215
f 410 105 1599
f 1549 1191 2340
f 1229 1609 1703
f 639 1627 1914
f 796 1505 2476
f 1914 1353 2024
f 1679 1315 2236
f 1672 1289 2427
f 795 935 1785
f 1269 2054 2490
f 1659 1473 2435
f 1217 1544 2275
f 1571 2395 2411
f 1687 1314 1918
f 1387 2023 2292
f 1475 1474 1668
f 924 1597 1803
f 272 2153 2537
f 207 1402 1624
f 780 391 1622
f 1115 2298 2420
f 2088 1732 2178
f 902 1801 1817
f 1710 1162 2173
f 77 332 1607
f 223 41 224
f 1690 1013 2463
f 2344 1726 2362
f 17 435 436
f 850 841 1785
f 1553 2023 2485
f 2366 2380 2542
f 215 38 1595
f 1660 1462 2337
f 1631 1053 1705
f 664 662 1904
f 1546 1399 2373
f 772 775 1944
f 1505 796 2416
f 1504 516 2462
f 74 779 2248
f 1810 1046 1866
f 1557 1086 1558
f 36 2277 2510
f 1734 1516 2258
f 1148 1766 1768
f 2148 1628 2163
f 405 103 1548
f 967 1634 1635
f 1766 1148 1767
f 1926 1834 2165
f 516 1504 2274
f 263 54 1636
f 2059 2296 2457
f 98 392 457
f 928 2135 2214
f 1577 244 2257
f 656 924 1803
f 1559 1792 2245
f 2309 1458 2383
f 1620 1666 1906
f 1800 775 1986
f 775 1800 1944
f 859 1475 1476
f 1314 1679 1918
f 1755 1421 2524
f 1516 528 2422
f 1828 441 2450
f 1629 1151 1688
f 2041 1600 2391
f 1851 1793 2125
f 1145 1620 1705
f 2097 513 2098
f 2089 1325 2481
f 155 18 1682
f 1573 1571 2411
f 1879 1136 2394
f 1415 702 2439
f 1995 1265 2375
f 1900 2420 2535
f 978 1727 2069
f 226 42 857
f 1674 1269 2490
f 1318 1631 1705
f 1229 1205 1702
f 1008 1552 2204
f 691 658 1803
f 1241 1151 1629
f 378 94 1638
f 1566 1563 2205
f 9 131 1589
f 978 1725 1727
f 691 1611 1862
f 1611 691 1803
f 1053 1631 1706
f 1151 736 1688
f 266 55 2100
f 1753 1754 1756
f 837 303 1592
f 1756 1754 2167
f 1149 1788 2432
f 1583 1241 1629
f 2079 1703 2111
f 271 272 2537
f 1862 1611 1981
f 992 1026 1678
f 2405 2290 2453
f 1310 1904 2047
f 1549 777 2320
f 1599 1369 2507
f 1712 835 2049
f 2135 2134 2310
f 1072 1621 2357
f 925 743 2364
f 1588 844 2188
f 1589 131 1625
f 1498 1704 1713
f 1950 1949 2085
f 1479 1275 2528
f 1556 1721 2219
f 1521 1622 1630
f 26 180 1619
f 2261 1393 2352
f 361 1394 1792
f 302 837 1578
f 66 299 1615
f 1768 1248 2014
f 72 317 1623
f 2135 928 2388
f 1642 297 2523
f 2098 1359 2258
f 1666 1308 1906
f 226 857 1639
f 1900 1115 2420
f 87 1086 1557
f 1246 1310 1862
f 1205 1303 1702
f 148 15 1654
f 332 1041 1607
f 1333 1813 2131
f 304 68 524
f 1152 2366 2542
f 1949 1951 2484
f 1324 1834 1835
f 1228 1353 1914
f 1632 1266 1678
f 1216 1816 2032
f 1652 1017 1713
f 1829 1830 2099
f 1550 1041 2376
f 1086 360 1792
f 1439 1429 2384
f 1594 2215 2241
f 1206 1524 2339
f 1862 1310 2047
f 2124 1057 2276
f 1627 1561 1914
f 1663 499 2078
f 1050 1888 1953
f 1775 1253 1804
f 1788 1149 2361
f 1020 2302 2351
f 1628 1627 2163
f 1703 684 1967
f 2023 874 2485
f 2119 1094 2180
f 1229 1703 1967
f 1405 1406 2103
f 365 364 89
f 1809 1810 1866
f 1960 1382 2437
f 1274 927 2379
f 1494 1102 1495
f 1369 1387 2507
f 857 42 1493
f 1704 1652 1713
f 1587 1382 2251
f 1776 1800 1986
f 1581 1255 2253
f 952 2074 2107
f 856 943 1629
f 814 708 1687
f 132 133 513
f 1483 263 1636
f 1620 1318 1705
f 1219 1851 2125
f 101 400 511
f 993 83 1942
f 2419 1643 2473
f 387 97 953
f 1026 1632 1678
f 1904 662 2047
f 1236 1756 2167
f 507 2344 2362
f 980 202 1697
f 1541 1542 1643
f 214 1269 1674
f 403 404 874
f 1677 1675 1857
f 1675 401 1857
f 1725 978 2052
f 1017 1652 1799
f 44 234 499
f 992 1678 1863
f 814 1687 1918
f 2180 1580 2472
f 955 2252 2279
f 244 1577 2499
f 668 664 1904
f 1830 567 2099
f 639 1914 2024
f 1367 412 2500
f 935 1784 1785
f 317 1311 1623
f 1148 1768 2014
f 1899 1706 2104
f 365 366 2066
f 834 992 1863
f 422 118 1616
f 1231 2063 2154
f 245 48 471
f 835 1712 2028
f 2194 1407 2220
f 1776 1799 1800
f 1888 1192 1953
f 835 772 1944
f 980 1697 2150
f 1776 1017 1799
f 206 207 1624
f 1643 1542 1644
f 1610 1138 2270
f 170 23 1671
f 1591 1438 2426
f 416 1900 2535
f 1884 2040 2110
f 1602 1603 1702
f 1603 1609 1702
f 1888 1050 1965
f 19 159 460
f 100 397 430
f 720 1910 2205
f 1326 1791 2514
f 1382 2201 2437
f 1637 668 1904
f 1157 1596 2240
f 1511 1510 1512
f 132 513 1625
f 1677 1960 2437
f 1146 1662 1666
f 454 386 1683
f 1699 434 2329
f 1393 1116 1443
f 2193 1476 2467
f 2266 250 2267
f 835 1944 2049
f 945 2079 2111
f 1834 1324 2165
f 262 1483 1689
f 143 144 485
f 1145 1146 1666
f 1627 639 2163
f 1453 1775 1804
f 1072 2357 2483
f 1951 1123 2484
f 2005 2224 2255
f 297 1642 2336
f 727 1103 1682
f 1239 2369 2423
f 1724 1725 2052
f 1021 1613 2373
f 1192 1839 1953
f 1608 1520 1775
f 1668 514 1669
f 1706 1631 2104
f 47 243 434
f 2055 1143 2195
f 101 511 1477
f 1099 2262 2285
f 499 234 2078
f 1458 2309 2353
f 1396 1935 1936
f 856 1629 1688
f 1578 1579 1717
f 1839 1192 1929
f 28 186 1658
f 32 198 738
f 37 213 744
f 2234 1403 2504
f 1327 1680 1684
f 668 1637 2063
f 1680 1061 1684
f 993 1942 2345
f 1382 1587 2201
f 1332 1673 1930
f 1742 1222 2037
f 1490 1108 1972
f 1840 1839 1929
f 2074 1756 2107
f 1443 1624 2190
f 1684 1061 1685
f 1714 1165 1974
f 848 378 1638
f 1399 1691 2373
f 868 1314 1687
f 1521 1630 1927
f 802 1005 1698
f 708 707 1687
f 2105 1034 2190
f 1703 1609 2111
f 738 198 2084
f 1503 1690 2463
f 1085 1480 1730
f 1813 1232 2131
f 1928 1770 2222
f 207 208 1402
f 536 34 1691
f 1787 1788 1789
f 704 594 706
f 422 1616 1667
f 251 50 2318
f 2147 1189 2481
f 2040 1165 2110
f 202 203 1697
f 1386 1883 2213
f 728 834 1863
f 471 48 1544
f 1892 1434 2189
f 2124 1049 2374
f 1422 2266 2267
f 1859 1897 1963
f 1163 1840 1929
f 2023 1387 2464
f 123 124 1137
f 1657 1030 2160
f 1658 573 1659
f 1095 964 1802
f 1596 210 1707
f 1520 1253 1775
f 1269 215 1595
f 302 303 837
f 1487 1138 1488
f 1489 1490 1518
f 731 1025 1787
f 1787 1025 1788
f 1886 1331 1958
f 2102 1226 2155
f 1757 952 1848
f 1680 1327 1736
f 2006 2055 2195
f 225 226 1639
f 1840 1163 1861
f 1356 1080 2062
f 979 929 1277
f 1844 1430 1965
f 1148 518 1767
f 1388 1277 1503
f 1430 1888 1965
f 593 594 704
f 1575 2060 2317
f 1930 761 2001
f 1579 837 1580
f 737 736 860
f 1701 1699 2329
f 33 201 2367
f 1314 1048 1315
f 1765 1766 1767
f 1655 1654 1656
f 2105 2190 2470
f 1529 1266 2142
f 736 593 1688
f 1545 1217 2442
f 1715 2230 2235
f 1462 1660 2550
f 742 947 1765
f 704 706 739
f 56 270 1528
f 1695 761 1820
f 186 573 1658
f 593 536 594
f 429 1654 1655
f 1331 1886 1952
f 1562 876 2489
f 339 80 1029
f 1331 1802 1958
f 1468 1612 2371
f 508 170 1671
f 1351 1861 1983
f 1193 738 2084
f 968 1831 2038
f 715 79 2265
f 1067 1742 2037
f 332 333 1041
f 32 738 903
f 868 1048 1314
f 901 1085 1730
f 157 1165 1714
f 979 1277 1388
f 741 1145 1705
f 1107 1669 2393
f 1111 1453 1804
f 262 263 1483
f 696 707 708
f 707 868 1687
f 339 1029 2032
f 1332 1930 2001
f 1641 1238 1642
f 1427 1698 2273
f 50 252 1641
f 913 929 979
f 1897 1056 1963
f 1558 1086 1559
f 671 945 1738
f 317 318 1311
f 815 814 883
f 860 1151 1240
f 509 499 1663
f 727 909 1103
f 737 860 1233
f 667 671 1738
f 913 739 929
f 1811 1545 2442
f 1331 1095 1802
f 1053 741 1705
f 93 1138 1487
f 18 727 1682
f 1794 1540 2083
f 1443 1116 1624
f 1359 2098 2474
f 591 426 865
f 1950 1490 1972
f 860 736 1151
f 1271 1731 1732
f 1234 1989 2065
f 2148 637 2169
f 100 430 458
f 429 148 1654
f 518 529 1767
f 222 223 1551
f 1861 1163 1983
f 1053 1706 1855
f 2010 2068 2143
f 743 814 815
f 1029 1216 2032
f 793 1040 1965
f 1791 1326 2495
f 1712 1297 2028
f 1831 1230 2038
f 1489 1108 1490
f 169 508 1733
f 589 802 1698
f 707 751 868
f 1669 514 1670
f 255 256 1265
f 696 742 1765
f 537 736 737
f 1272 985 1327
f 1489 2367 2508
f 764 329 1716
f 1756 1236 2107
f 1591 265 1938
f 393 394 723
f 964 897 1802
f 815 883 884
f 742 708 743
f 1673 1332 2042
f 1503 1277 1690
f 1348 1760 1762
f 1103 909 1114
f 1684 1685 1692
f 2063 1637 2154
f 1468 2371 2429
f 859 1476 1606
f 1634 1283 1722
f 798 773 2028
f 712 580 1843
f 1432 1070 1786
f 963 897 964
f 1779 1782 1783
f 1681 1736 1843
f 802 1004 1005
f 508 1671 1672
f 1290 2419 2473
f 2023 1553 2292
f 1644 1542 1645
f 1692 1685 1693
f 1746 1755 1823
f 1886 778 1952
f 779 1572 2248
f 1005 1004 1052
f 743 708 814
f 1238 1809 1866
f 761 1695 2001
f 727 728 909
f 1312 261 1689
f 1291 260 1720
f 214 215 1269
f 1899 626 1984
f 1655 1656 1657
f 2132 1832 2138
f 1738 945 2130
f 1103 1114 1326
f 1276 1006 1763
f 19 460 2110
f 1055 1289 1764
f 1974 1165 2040
f 1116 206 1624
f 151 16 1100
f 204 205 1021
f 537 536 593
f 1582 1578 1717
f 1765 947 1766
f 1111 1451 1453
f 219 220 1515
f 1727 1728 1729
f 1948 1395 1951
f 1068 1340 1812
f 1271 258 1731
f 917 1711 1786
f 1812 1340 1854
f 236 45 1079
f 1681 1680 1736
f 895 712 1843
f 1240 1151 1241
f 1133 1498 1713
f 1708 1149 2432
f 1266 1632 2142
f 856 739 913
f 567 1830 2109
f 93 376 1138
f 1405 1338 1406
f 824 821 1741
f 696 708 742
f 974 975 1723
f 211 928 1707
f 727 427 728
f 336 79 715
f 264 265 1591
f 696 695 707
f 1820 776 1978
f 236 1079 1735
f 915 146 1721
f 737 1299 1696
f 1693 1685 1773
f 1612 116 2371
f 1717 1579 1718
f 1092 964 1093
f 1989 1088 2065
f 1348 438 1760
f 1133 1426 1498
f 36 210 1596
f 773 835 2028
f 374 375 1309
f 742 743 925
f 2237 1454 2453
f 201 202 980
f 2053 1587 2251
f 2 110 442
f 1743 1746 1823
f 35 206 1116
f 823 824 1923
f 1644 1645 1646
f 580 1842 1843
f 18 427 727
f 580 569 1842
f 1006 991 1763
f 1832 680 1920
f 1112 1334 1492
f 537 593 736
f 294 295 1113
f 1112 1027 1334
f 511 1675 1676
f 377 378 848
f 569 575 1842
f 1730 1480 1773
f 3 113 420
f 1911 1356 2062
f 1706 1899 1984
f 160 161 859
f 169 170 508
f 699 1333 1769
f 719 718 1798
f 1725 1726 1727
f 706 594 1399
f 922 944 1724
f 186 187 573
f 1389 1388 1536
f 1005 1052 1581
f 589 729 802
f 1300 1010 1928
f 684 1703 2079
f 821 819 1741
f 904 1321 1909
f 1375 1378 1739
f 884 883 926
f 261 262 1689
f 610 2148 2163
f 1711 1432 1786
f 860 1240 1936
f 926 1027 1112
f 1393 1443 2352
f 1131 1398 1719
f 1283 1164 1722
f 506 589 1698
f 424 34 536
f 918 731 1787
f 1736 895 1843
f 1541 1297 1542
f 1727 1726 1728
f 1848 710 1991
f 1326 1114 1814
f 1916 604 2024
f 649 1162 1865
f 1365 1574 1575
f 1061 901 1730
f 1087 1732 2224
f 1073 1117 1298
f 402 694 1857
f 811 1395 1948
f 1050 793 1965
f 2302 1808 2351
f 1859 1769 1897
f 952 1757 2074
f 156 157 1714
f 718 816 1798
f 1359 134 1734
f 1554 1241 1555
f 985 895 1736
f 1404 1172 1761
f 728 833 834
f 1809 1336 1810
f 834 990 991
f 1743 1037 1746
f 637 614 1853
f 834 991 992
f 135 136 528
f 1240 1241 1554
f 802 919 1004
f 1685 1730 1773
f 1724 1442 1725
f 1695 1820 1978
f 952 732 1848
f 337 338 869
f 1114 1158 1159
f 1953 1838 1977
f 10 1359 2474
f 992 991 1006
f 1416 1155 1815
f 665 667 1738
f 1460 1292 2216
f 1831 1829 2099
f 1555 1583 1584
f 922 1724 2052
f 974 973 975
f 1017 1016 1713
f 1109 1793 1851
f 1459 892 1822
f 1607 1041 2332
f 1778 937 1779
f 35 1392 2511
f 1949 1948 1951
f 436 435 437
f 451 455 1849
f 252 1238 1641
f 816 941 1073
f 1249 1263 2122
f 1000 845 1845
f 1757 1848 1991
f 455 483 1849
f 211 212 928
f 424 536 537
f 1725 1442 1726
f 1495 1102 2026
f 1248 470 2014
f 992 1006 1026
f 1594 1593 2215
f 330 703 1716
f 1073 941 1117
f 1760 1759 1762
f 436 437 438
f 1026 1164 1283
f 445 447 1759
f 1340 1832 1920
f 522 533 1790
f 538 540 1758
f 1242 1540 1794
f 885 1037 1743
f 1114 1159 1814
f 902 305 1801
f 1693 1773 1774
f 1131 1349 1398
f 554 567 2109
f 1174 1404 1796
f 641 699 1769
f 1050 1953 1977
f 1673 754 1930
f 1070 870 1786
f 1026 1006 1164
f 168 1733 1819
f 475 466 1222
f 819 1231 1741
f 1272 1327 1328
f 111 937 1778
f 1855 1706 1984
f 53 1312 1720
f 926 883 1027
f 1263 974 1723
f 131 132 1625
f 529 584 1767
f 519 765 1797
f 135 528 1734
f 948 895 985
f 1696 1299 2150
f 538 1758 1759
f 1685 1061 1730
f 1004 1149 1708
f 1260 983 1856
f 632 629 1859
f 1016 1133 1713
f 997 1106 1120
f 926 1112 1837
f 401 402 1857
f 1778 1779 1783
f 1170 1531 1532
f 1296 1033 1297
f 1739 1378 1740
f 820 819 821
f 816 1073 1798
f 1164 1455 1722
f 1632 1283 1633
f 822 821 823
f 856 913 943
f 817 747 1833
f 1344 1262 2208
f 1633 1283 1634
f 1093 964 1095
f 327 328 844
f 923 1055 1764
f 1164 1276 1455
f 210 211 1707
f 259 1291 1731
f 1584 1598 1600
f 1584 1583 1598
f 1128 1441 1442
f 1455 1456 1478
f 1075 940 1080
f 750 880 881
f 76 329 764
f 1335 1787 1789
f 1155 1154 1815
f 1659 573 1660
f 704 739 856
f 1854 1340 1920
f 1159 1266 1529
f 486 481 1793
f 991 1243 1763
f 1335 918 1787
f 750 1068 1812
f 1652 1649 1799
f 963 964 1092
f 1542 1297 1712
f 652 651 653
f 438 440 1760
f 1829 1249 1830
f 1844 1274 2379
f 694 102 1496
f 778 659 1887
f 818 817 819
f 884 926 927
f 147 429 1721
f 235 236 1735
f 902 1817 2118
f 53 261 1312
f 330 331 703
f 1659 1660 1661
f 1600 517 2391
f 820 821 822
f 213 214 1674
f 651 649 1865
f 1327 985 1736
f 972 973 974
f 623 617 1852
f 1161 1089 1352
f 436 438 1348
f 1793 481 2125
f 983 981 1856
f 876 326 1777
f 1845 845 1992
f 818 819 820
f 530 519 1797
f 1114 909 1158
f 991 990 1243
f 584 696 1765
f 1555 1241 1583
f 470 477 2014
f 878 1001 1002
f 1254 1253 1520
f 1097 1018 1719
f 854 855 1018
f 892 976 1822
f 1428 1827 1828
f 1018 1131 1719
f 584 695 696
f 825 823 826
f 1122 858 1907
f 1159 1158 1266
f 1649 1651 1799
f 1646 1647 1648
f 1002 1154 1155
f 1097 1719 1818
f 722 1060 1841
f 641 698 699
f 822 823 825
f 495 505 1715
f 259 260 1291
f 819 817 1231
f 834 833 990
f 1122 1907 1908
f 1222 466 2037
f 252 253 1238
f 845 762 1992
f 315 930 1864
f 1249 974 1263
f 1392 1116 1393
f 1042 985 1272
f 650 649 651
f 1133 1424 1426
f 179 26 908
f 870 826 871
f 909 728 1863
f 52 258 1271
f 1390 1222 1742
f 916 995 1028
f 1002 1001 1154
f 1373 1375 1739
f 621 631 1805
f 1060 1681 1841
f 1051 1307 1827
f 1746 1747 1751
f 1160 1242 1794
f 327 844 1777
f 1040 1844 1965
f 1068 881 1069
f 871 872 916
f 2022 874 2023
f 1353 1916 2024
f 272 273 2153
f 168 169 1733
f 1058 1877 1878
f 1746 1751 1755
f 1827 1307 1828
f 1837 1112 1879
f 483 989 1259
f 1431 1070 1432
f 1167 1155 1416
f 14 146 915
f 1109 713 1793
f 785 787 1882
f 765 503 1824
f 1486 1700 2323
f 1096 1210 1811
f 737 1233 1299
f 1548 1552 1553
f 722 899 901
f 385 386 454
f 897 689 1802
f 1615 2267 2318
f 537 737 1696
f 1455 1276 1456
f 1092 1093 1217
f 886 885 1743
f 713 486 1793
f 761 757 1820
f 759 762 776
f 684 678 1898
f 970 971 972
f 1110 1109 1407
f 1402 208 2216
f 968 969 970
f 585 530 986
f 994 1019 1160
f 1128 1442 1724
f 475 1222 1223
f 1256 918 1335
f 972 971 973
f 1748 1744 1750
f 483 1259 1849
f 1850 1182 1880
f 1288 1184 1850
f 741 740 1011
f 886 1743 1744
f 1004 919 1149
f 844 1588 2343
f 825 826 870
f 1010 1170 1928
f 1648 1649 1650
f 1022 1338 1405
f 1616 1617 2382
f 663 665 1737
f 1198 1200 1206
f 1458 1457 2383
f 916 1028 1770
f 1632 1633 2142
f 823 821 824
f 972 1249 1829
f 445 1759 1760
f 522 509 532
f 1646 1645 1647
f 557 555 1895
f 986 530 1797
f 147 148 429
f 709 692 846
f 927 926 1837
f 778 1887 2061
f 965 1016 1017
f 1395 2239 2401
f 1164 1006 1276
f 68 305 902
f 885 923 1037
f 1431 1432 1499
f 1154 1444 1815
f 1769 1333 1897
f 1146 1236 1403
f 788 785 1882
f 916 872 995
f 996 1051 1827
f 612 614 637
f 1026 1283 1632
f 606 608 639
f 763 888 994
f 634 641 1769
f 1081 1251 2144
f 203 34 424
f 976 1105 1822
f 965 1017 1776
f 1167 1416 1761
f 447 538 1759
f 157 158 1165
f 1242 1539 1540
f 366 367 1239
f 1052 1004 1708
f 1145 1011 1146
f 1172 1167 1761
f 1824 1825 1826
f 1058 91 1877
f 740 732 952
f 649 647 1162
f 533 534 578
f 831 885 886
f 1449 1160 1794
f 329 330 1716
f 1779 1781 1782
f 731 523 1025
f 871 916 917
f 747 745 1833
f 1190 882 1846
f 1737 665 1738
f 617 619 1852
f 1028 995 1836
f 438 437 439
f 854 1018 1097
f 1251 2138 2144
f 965 961 1016
f 782 713 1109
f 575 1841 1842
f 1296 1297 1541
f 970 972 1829
f 1160 1019 1242
f 616 623 752
f 1348 1762 1818
f 642 636 643
f 690 722 1841
f 752 753 754
f 1324 1835 2287
f 670 669 677
f 635 632 636
f 994 888 1019
f 1650 1652 1704
f 765 1824 1826
f 871 826 872
f 578 579 692
f 1174 1172 1404
f 438 439 440
f 1223 1222 1390
f 1176 1174 1796
f 203 424 1697
f 511 400 1675
f 629 634 1859
f 440 444 445
f 1328 1684 1692
f 1411 1176 1796
f 601 600 602
f 1131 1257 1349
f 551 549 1838
f 561 557 1895
f 1813 861 2151
f 1333 701 1813
f 970 969 971
f 540 854 1758
f 1962 469 1982
f 1025 523 1790
f 686 719 1846
f 599 598 600
f 643 644 710
f 733 740 741
f 260 53 1720
f 1184 1182 1850
f 1018 1077 1131
f 699 698 700
f 733 732 740
f 707 695 751
f 678 679 682
f 732 643 1848
f 1363 1364 1365
f 1746 1037 1747
f 621 624 631
f 114 115 1847
f 49 249 1419
f 1362 1709 1710
f 861 1926 2165
f 752 623 753
f 995 1196 1836
f 1068 1069 1194
f 1285 1070 1431
f 1105 1446 1461
f 610 611 612
f 884 927 1274
f 1213 1339 1470
f 1252 1069 1253
f 1744 1743 1823
f 1231 817 1833
f 91 371 1877
f 1146 1011 1236
f 146 147 1721
f 1093 1095 1096
f 710 711 831
f 314 315 1864
f 831 832 885
f 1597 1611 1803
f 682 679 683
f 601 602 630
f 569 568 575
f 1515 220 1909
f 614 615 616
f 1178 1176 1411
f 944 1128 1724
f 258 259 1731
f 1902 1351 1983
f 1308 1019 1906
f 1019 888 1906
f 1047 870 1070
f 612 613 614
f 772 770 775
f 997 1120 1926
f 1226 754 1673
f 1317 1161 2018
f 306 936 1801
f 775 770 1795
f 616 617 623
f 741 1011 1145
f 659 661 1887
f 1252 1253 1254
f 728 427 833
f 667 669 670
f 564 1840 1860
f 762 760 763
f 661 663 681
f 686 718 719
f 685 683 686
f 597 596 598
f 599 600 601
f 619 1805 1852
f 699 700 701
f 1016 1082 1133
f 566 568 569
f 2224 1291 2255
f 1146 1403 1662
f 972 974 1249
f 553 564 1860
f 608 609 610
f 18 156 427
f 904 1090 1321
f 742 925 947
f 566 565 568
f 1328 1327 1684
f 440 445 1760
f 750 881 1068
f 564 551 1838
f 802 729 919
f 671 673 945
f 1238 253 1809
f 291 292 1964
f 900 576 1902
f 1243 1244 1363
f 1123 1951 2401
f 976 1104 1105
f 699 701 1333
f 1120 1834 1926
f 628 632 635
f 1745 1744 1748
f 507 476 1962
f 497 495 1715
f 754 753 755
f 1750 1744 1823
f 575 576 690
f 759 776 1820
f 685 686 1846
f 619 621 1805
f 1120 1106 1420
f 430 397 2115
f 675 676 678
f 1206 1200 1360
f 682 683 685
f 722 901 1060
f 1897 1333 2131
f 643 710 1848
f 1287 1184 1288
f 1055 1221 1289
f 678 676 679
f 1072 1228 1621
f 634 1769 1859
f 768 1064 1795
f 1788 1025 2101
f 503 493 1824
f 1187 1160 1449
f 675 678 684
f 854 542 855
f 1166 1155 1167
f 1559 1086 1792
f 673 674 675
f 1362 1597 1709
f 770 768 1795
f 1069 881 1804
f 628 629 632
f 635 636 642
f 565 1351 1902
f 205 35 2511
f 22 168 1819
f 1250 1874 1875
f 1861 1351 1895
f 1759 1758 1762
f 794 788 796
f 924 654 1865
f 968 970 1831
f 643 636 644
f 597 598 599
f 431 22 1819
f 522 532 533
f 917 916 1770
f 402 102 694
f 975 973 1771
f 671 672 673
f 782 1109 1110
f 654 651 1865
f 1204 1202 1428
f 565 561 1351
f 532 509 1663
f 806 805 808
f 445 444 446
f 1051 1190 1191
f 1253 1069 1804
f 305 306 1801
f 400 401 1675
f 808 1071 1072
f 471 1544 1545
f 1850 1880 1954
f 776 878 1978
f 298 66 1400
f 686 687 718
f 701 861 1813
f 755 757 761
f 1250 1875 1876
f 502 518 1148
f 1251 1080 1356
f 882 685 1846
f 690 576 705
f 667 670 671
f 1450 1449 1472
f 1218 965 1776
f 858 863 1907
f 1233 860 1936
f 894 712 895
f 908 26 1619
f 955 587 1821
f 445 446 447
f 827 811 1948
f 1128 1357 1441
f 555 1860 1895
f 642 643 732
f 1250 372 1874
f 1075 1080 1081
f 670 677 1854
f 752 754 1226
f 903 951 1665
f 1112 1492 1879
f 1178 1411 1547
f 1110 1407 1408
f 1219 430 2115
f 838 882 996
f 199 200 415
f 838 685 882
f 776 845 878
f 674 672 1920
f 1303 1279 1699
f 763 887 888
f 1365 1366 1574
f 1923 824 2029
f 1 498 1890
f 564 1838 1839
f 684 1898 1967
f 616 615 617
f 996 882 1051
f 315 316 930
f 1059 827 1948
f 752 1226 1853
f 1242 1308 1539
f 1210 1213 1811
f 1870 1871 1872
f 901 899 1085
f 1880 1547 1954
f 811 809 1395
f 1628 2148 2169
f 614 616 1853
f 1194 1069 1252
f 576 568 1902
f 1952 778 2061
f 356 86 1014
f 555 553 1860
f 1210 1212 1213
f 960 965 1218
f 526 1931 1932
f 1029 80 1076
f 1307 1191 1549
f 1051 882 1190
f 382 383 464
f 1499 1432 1500
f 614 613 615
f 653 651 654
f 547 546 560
f 1060 901 1061
f 612 611 613
f 979 1388 1389
f 796 788 1882
f 87 360 1086
f 460 1884 2110
f 1117 1118 1189
f 1400 66 1615
f 553 551 564
f 944 1036 1128
f 538 450 539
f 540 542 854
f 1171 1167 1172
f 675 674 676
f 575 568 576
f 677 746 1812
f 1379 1381 1382
f 447 450 538
f 863 892 1459
f 1648 1647 1649
f 134 135 1734
f 1205 1204 1279
f 682 685 838
f 1213 1214 1339
f 610 609 611
f 1202 996 1827
f 710 644 711
f 623 1852 1970
f 701 700 734
f 1860 1840 1861
f 1033 798 2028
f 672 670 1854
f 1645 1542 1712
f 759 760 762
f 578 692 709
f 497 1715 1821
f 705 900 911
f 624 626 1899
f 1081 1080 1251
f 673 672 674
f 495 491 505
f 1732 1087 2178
f 746 750 1812
f 626 627 628
f 1002 1155 1166
f 1358 846 1471
f 1120 1514 1834
f 570 581 1987
f 1213 1470 1811
f 1303 1699 1701
f 306 307 936
f 768 563 1064
f 371 1250 1877
f 440 439 443
f 671 670 672
f 776 762 845
f 1120 1420 1514
f 1351 561 1895
f 1513 355 1885
f 672 1854 1920
f 2113 984 2198
f 1178 1547 1880
f 1340 1194 1832
f 575 690 1841
f 968 799 969
f 1834 1514 1835
f 749 817 818
f 1085 899 1275
f 1051 1191 1307
f 831 711 832
f 750 748 880
f 491 489 1912
f 1153 1192 1888
f 519 503 765
f 1127 983 1260
f 1259 989 1858
f 1650 1649 1652
f 1428 1202 1827
f 885 832 923
f 870 871 1786
f 878 1000 1001
f 774 799 968
f 701 734 861
f 1642 1238 1866
f 1201 996 1202
f 978 828 2052
f 1037 923 1764
f 796 1882 1883
f 254 1336 1809
f 1205 1279 1303
f 447 448 450
f 414 1 1890
f 427 156 1714
f 1753 1756 2074
f 1360 1361 1362
f 1173 1172 1174
f 642 732 733
f 681 663 1737
f 476 469 1962
f 533 532 534
f 630 602 1916
f 1285 1431 1664
f 709 846 1358
f 1154 1156 1444
f 616 752 1853
f 775 1795 1986
f 440 443 444
f 960 1218 1894
f 995 1195 1196
f 442 1778 1783
f 661 681 1887
f 667 666 669
f 372 373 1874
f 447 446 448
f 99 395 474
f 1873 570 1987
f 1280 1440 2404
f 680 674 1920
f 570 569 580
f 808 805 1071
f 545 544 546
f 956 958 1322
f 1254 1520 1521
f 970 1829 1831
f 754 755 1930
f 1203 1202 1204
f 632 1859 1963
f 1248 1768 2139
f 644 636 1963
f 1841 1681 1842
f 624 625 626
f 911 946 956
f 240 241 441
f 10 134 1359
f 1059 1948 1949
f 1170 1532 1928
f 1 107 498
f 326 327 1777
f 1435 1384 1969
f 343 344 423
f 591 865 866
f 1430 1153 1888
f 420 1806 1807
f 886 1744 1745
f 1105 1104 1446
f 717 960 1894
f 1407 1109 1851
f 994 1160 1187
f 826 823 1923
f 1080 940 2062
f 825 870 1047
f 1072 1071 1228
f 1795 1064 1956
f 379 380 520
f 1047 1070 1285
f 865 426 1024
f 370 91 1058
f 1045 1318 1620
f 652 653 689
f 657 778 1886
f 1213 1212 1214
f 562 565 566
f 371 372 1250
f 1874 1485 1875
f 538 539 540
f 1096 1095 1209
f 665 666 667
f 1096 1209 1210
f 705 576 900
f 1142 1319 1485
f 448 449 451
f 657 659 778
f 1799 1651 1800
f 545 546 547
f 240 441 1896
f 777 46 1896
f 690 721 722
f 1128 1036 1357
f 527 497 1821
f 1790 533 2011
f 1237 906 2013
f 1122 1908 2081
f 1445 1147 2050
f 710 831 1991
f 725 587 955
f 581 717 1987
f 1353 1071 1917
f 1018 855 1077
f 595 596 597
f 755 753 756
f 1063 906 1237
f 733 1053 1855
f 554 555 556
f 562 566 1873
f 137 138 416
f 1877 1876 1878
f 1129 959 1153
f 1389 1536 1537
f 771 770 772
f 863 1459 1907
f 1013 1690 2532
f 1209 1095 1331
f 566 570 1873
f 1060 1061 1680
f 584 1765 1767
f 1301 751 2048
f 960 961 965
f 554 553 555
f 373 1142 1874
f 115 512 1847
f 373 92 1142
f 733 741 1053
f 1250 1876 1877
f 1068 1194 1340
f 1142 1282 1319
f 510 509 522
f 911 900 946
f 294 1113 1993
f 641 697 698
f 1045 1620 1906
f 1142 1485 1874
f 637 1853 2102
f 1500 1432 1711
f 550 766 1955
f 1153 959 1192
f 1362 1361 1597
f 90 368 1101
f 1057 291 1964
f 956 946 957
f 1379 1382 1960
f 1129 1429 1439
f 686 683 687
f 626 628 1984
f 838 996 1201
f 1433 1384 1435
f 628 627 629
f 1074 940 1075
f 529 583 584
f 631 624 1899
f 757 759 1820
f 1142 92 1282
f 1198 1199 1200
f 883 814 1918
f 1203 1204 1205
f 119 120 421
f 604 606 2024
f 800 630 801
f 31 195 920
f 714 713 782
f 1838 549 1977
f 1040 1447 1844
f 1175 1174 1176
f 568 565 1902
f 1242 1019 1308
f 1166 1167 1171
f 560 546 792
f 804 801 805
f 1042 1272 1273
f 46 240 1896
f 804 805 806
f 581 716 717
f 354 355 1513
f 678 682 1898
f 734 997 1926
f 763 760 887
f 595 597 1903
f 755 761 1930
f 352 353 1031
f 324 325 726
f 313 877 1910
f 313 71 877
f 75 326 876
f 299 300 1422
f 312 313 1910
f 311 312 720
f 720 312 1910
f 894 895 948
f 564 1839 1840
f 167 22 431
f 1196 1197 1198
f 578 534 579
f 769 768 770
f 650 651 652
f 722 721 899
f 852 858 1122
f 663 664 665
f 355 356 1885
f 734 735 997
f 1289 1221 1881
f 111 112 937
f 635 1855 1984
f 239 46 777
f 1201 1202 1203
f 868 934 1048
f 956 957 958
f 152 153 417
f 504 486 713
f 562 561 565
f 626 625 627
f 139 12 1115
f 959 957 1929
f 677 745 746
f 642 733 1855
f 584 583 695
f 1177 1176 1178
f 773 772 835
f 1266 1158 1678
f 1749 1748 1752
f 762 763 1992
f 888 887 1045
f 601 630 800
f 958 957 959
f 944 988 1036
f 165 166 879
f 597 932 1903
f 122 123 2123
f 734 700 735
f 973 971 1030
f 782 1110 1979
f 386 387 1683
f 1002 1166 1978
f 540 539 541
f 550 552 766
f 556 557 558
f 1129 1153 1429
f 1805 631 2080
f 871 917 1786
f 8 128 839
f 1429 1153 1430
f 1341 2102 2155
f 717 836 960
f 558 559 563
f 744 213 1674
f 861 734 1926
f 854 1097 1758
f 451 1849 2033
f 505 491 1912
f 755 756 757
f 1280 1237 1281
f 129 130 433
f 602 604 1916
f 414 1890 1939
f 995 872 1195
f 1357 1036 1919
f 618 1635 2316
f 606 607 608
f 552 551 553
f 1745 1748 1749
f 1187 1449 1450
f 424 1696 1697
f 253 254 1809
f 1036 1330 1919
f 448 446 449
f 523 522 1790
f 556 555 557
f 190 191 465
f 496 495 497
f 774 968 2038
f 1740 1378 1960
f 1401 1147 1445
f 655 657 1886
f 591 866 1135
f 498 107 1891
f 1056 644 1963
f 566 569 570
f 973 1030 1771
f 631 1899 2104
f 801 630 1917
f 238 239 1913
f 117 118 422
f 451 449 452
f 958 959 1129
f 1171 1172 1173
f 357 358 1035
f 746 748 750
f 682 838 1898
f 554 556 567
f 888 1045 1906
f 828 830 2052
f 356 1014 1885
f 1131 1077 1257
f 838 1201 1898
f 27 183 478
f 239 777 1913
f 717 716 836
f 989 1305 1858
f 191 30 1933
f 110 111 1778
f 1192 959 1929
f 242 47 1486
f 416 138 1900
f 846 692 1502
f 1209 1331 1952
f 388 389 425
f 1894 1218 1956
f 608 607 609
f 52 1271 1293
f 358 359 1924
f 1565 1563 1566
f 957 946 1163
f 596 453 1791
f 594 536 1691
f 957 1163 1929
f 1379 1377 1380
f 125 126 516
f 1916 1353 1917
f 571 1010 1300
f 1735 1079 2175
f 44 499 501
f 1012 95 2314
f 1329 1084 1347
f 1181 1179 1182
f 359 87 1557
f 1036 988 1330
f 1409 1408 1410
f 1210 1211 1212
f 636 632 1963
f 1207 887 1971
f 840 842 1234
f 878 1002 1978
f 597 599 932
f 1064 563 1941
f 676 674 680
f 493 500 1824
f 138 139 1900
f 1894 1956 1985
f 515 497 527
f 237 238 463
f 1273 1272 2156
f 107 108 1891
f 30 192 781
f 413 414 1939
f 677 1812 1854
f 559 557 561
f 543 541 544
f 1071 805 1917
f 1016 961 1082
f 1210 1209 1211
f 347 83 571
f 759 758 760
f 1762 1097 1818
f 467 466 475
f 1860 1861 1895
f 689 653 1958
f 852 1122 2017
f 630 1916 1917
f 785 783 787
f 477 493 502
f 1234 1235 1413
f 1228 1071 1353
f 543 544 545
f 1179 1178 1880
f 1905 2269 2359
f 997 998 1106
f 586 527 587
f 767 563 768
f 583 530 585
f 634 640 641
f 192 193 1940
f 1839 1838 1953
f 829 827 1059
f 465 191 1933
f 635 642 1855
f 1603 1605 1609
f 1251 2132 2138
f 1795 1956 1986
f 1183 1182 1184
f 1063 1237 1280
f 621 622 624
f 911 956 2009
f 1956 1064 1985
f 533 578 2011
f 1243 990 1244
f 617 618 619
f 881 1111 1804
f 1363 1244 1364
f 1045 1207 1318
f 133 10 2474
f 113 114 1806
f 1214 1215 1602
f 757 756 758
f 907 906 1063
f 552 553 554
f 1166 1695 1978
f 74 323 779
f 923 1054 1055
f 1035 358 1924
f 1173 1174 1175
f 751 695 2048
f 153 154 1915
f 619 620 621
f 1182 1179 1880
f 193 194 419
f 1110 1409 1979
f 539 450 966
f 1029 1150 1216
f 886 1745 1991
f 714 782 783
f 1154 1001 1156
f 195 196 1966
f 417 153 1915
f 903 950 951
f 887 760 1971
f 1203 1205 1229
f 463 238 1913
f 82 345 484
f 556 558 1976
f 1758 1097 1762
f 604 605 606
f 1185 1184 1287
f 994 1187 1992
f 805 801 1917
f 431 1835 2168
f 1186 1627 1628
f 1218 1776 1986
f 1842 1681 1843
f 492 476 507
f 960 836 961
f 1383 1380 1384
f 529 519 530
f 598 596 790
f 570 580 581
f 559 561 562
f 1055 1220 1221
f 563 559 1941
f 1956 1218 1986
f 359 1557 1924
f 758 756 1062
f 688 588 906
f 30 781 1933
f 1196 1195 1197
f 1360 1200 1361
f 548 550 1955
f 547 560 1977
f 1221 1323 1881
f 1564 1563 1565
f 760 758 1971
f 1379 1380 1381
f 560 1050 1977
f 976 977 1104
f 624 622 625
f 587 527 1821
f 1649 1647 1651
f 865 1024 1126
f 345 346 1943
f 543 545 1968
f 1329 1347 1397
f 177 178 428
f 1381 1383 1386
f 1596 1157 2277
f 656 654 924
f 493 492 500
f 668 2063 2064
f 1060 1680 1681
f 1894 1985 1987
f 1280 1281 1440
f 1852 1805 2051
f 562 1873 1941
f 1198 1197 1199
f 951 1123 1469
f 1800 1651 1944
f 1802 689 1958
f 757 758 759
f 683 679 1911
f 1381 1380 1383
f 541 539 1959
f 1045 887 1207
f 907 1063 1144
f 602 603 604
f 542 541 543
f 830 921 922
f 1749 1752 1753
f 900 1902 1983
f 1085 1479 1480
f 558 557 559
f 1175 1176 1177
f 1318 1354 1631
f 567 556 1976
f 1440 1281 1523
f 540 541 542
f 1565 1567 1568
f 840 1234 2065
f 717 1894 1987
f 1385 1384 1433
f 346 347 1934
f 1771 1030 1772
f 1806 114 1847
f 661 662 663
f 653 654 655
f 560 793 1050
f 1211 1209 1952
f 1214 1212 1215
f 1568 1569 1570
f 504 713 714
f 1282 1423 1454
f 602 600 603
f 424 537 1696
f 753 623 1970
f 1177 1178 1179
f 1565 1566 1567
f 254 51 1336
f 946 900 1983
f 792 546 1997
f 543 1968 1973
f 108 109 875
f 803 801 804
f 578 709 2011
f 781 192 1940
f 448 451 2033
f 763 994 1992
f 137 416 1901
f 1349 1350 1534
f 412 413 535
f 655 656 657
f 1891 875 1892
f 1361 1200 1981
f 506 574 589
f 546 544 1997
f 475 1223 1224
f 943 913 2082
f 711 644 1056
f 1745 1757 1991
f 558 563 767
f 1258 1329 1640
f 173 24 1421
f 290 291 1057
f 502 493 503
f 518 503 519
f 2015 1330 2197
f 1524 484 1525
f 1221 1268 1323
f 1318 1207 1354
f 1126 1593 1594
f 653 655 1958
f 1824 500 1825
f 196 197 432
f 452 449 1067
f 1602 1215 1603
f 83 348 1942
f 816 939 941
f 381 95 1012
f 474 395 1889
f 398 399 942
f 581 580 712
f 531 527 586
f 1856 981 2007
f 1181 1182 1183
f 535 413 1939
f 1747 1037 1764
f 1552 1306 2204
f 1349 1257 1350
f 1258 1084 1329
f 1212 1211 1980
f 878 845 1000
f 1957 1207 1971
f 831 886 1991
f 55 267 2264
f 1354 1207 1957
f 108 875 1891
f 1985 1873 1987
f 1779 1780 1781
f 193 419 1940
f 677 669 745
f 666 664 668
f 1375 1376 1377
f 11 137 1901
f 855 542 1973
f 154 17 954
f 1092 1217 2059
f 1163 946 1983
f 617 615 618
f 756 753 1970
f 1385 1434 1436
f 180 181 418
f 532 1663 2008
f 923 832 1054
f 833 427 1714
f 1200 1199 1981
f 1380 1377 1969
f 938 849 1188
f 1166 1171 1695
f 1506 1437 1507
f 1282 92 1423
f 1603 1215 1604
f 2084 415 2085
f 1294 1033 1296
f 1378 1379 1960
f 1110 1408 1409
f 1201 1203 1967
f 1807 1806 1808
f 944 933 988
f 1409 1410 1587
f 945 673 2079
f 601 800 2003
f 1281 1237 2072
f 749 747 817
f 787 783 1979
f 361 362 1394
f 579 849 931
f 571 1300 1934
f 872 826 1923
f 758 1062 1971
f 1126 1024 1593
f 544 541 1959
f 920 195 1966
f 1183 1184 1185
f 1074 1075 1278
f 628 635 1984
f 1150 1208 1817
f 477 492 493
f 1385 1433 1434
f 813 792 1227
f 1383 1384 1385
f 1187 1845 1992
f 1603 1604 1605
f 1450 1472 1473
f 1064 1941 1985
f 559 562 1941
f 421 120 1905
f 395 396 1889
f 1562 1563 1564
f 1323 1268 1324
f 468 470 1248
f 548 1955 1968
f 120 121 1905
f 1941 1873 1985
f 347 571 1934
f 1872 1871 1945
f 1316 1161 1317
f 526 150 1931
f 1310 1637 1904
f 783 782 1979
f 655 1886 1958
f 692 579 1922
f 1227 792 1997
f 455 461 483
f 449 446 1975
f 1173 1175 1332
f 1078 855 1973
f 1569 1567 1601
f 675 684 2079
f 1215 1212 1980
f 595 453 596
f 136 11 2211
f 1745 1749 1757
f 989 1304 1305
f 539 966 1959
f 629 633 634
f 613 611 967
f 437 435 1491
f 932 599 2003
f 1055 1054 1220
f 1597 1361 1611
f 484 345 1943
f 1384 1380 1969
f 1898 1201 1967
f 550 549 551
f 599 601 2003
f 1133 1082 1424
f 687 683 1911
f 595 1903 2012
f 1062 1957 1971
f 795 794 935
f 903 738 950
f 550 551 552
f 1203 1229 1967
f 1469 1123 1533
f 931 938 1083
f 956 1322 2009
f 1183 1185 1186
f 1083 938 1084
f 1062 756 1970
f 581 712 716
f 800 1264 2003
f 1365 1364 1366
f 1779 937 1780
f 931 849 938
f 174 175 521
f 579 534 849
f 789 788 794
f 439 437 2000
f 1256 1335 1501
f 483 873 989
f 446 444 1975
f 1108 867 1972
f 800 801 803
f 1568 1567 1569
f 922 933 944
f 864 725 1125
f 1083 1084 1258
f 945 2111 2130
f 1526 1512 1527
f 843 841 850
f 338 339 2032
f 951 950 1123
f 444 443 2012
f 2151 861 2165
f 1135 866 1136
f 1180 1179 1181
f 1186 1628 2002
f 1083 1258 1391
f 724 587 725
f 1347 1084 1998
f 800 803 1264
f 1377 1376 1969
f 1187 1450 1845
f 1393 2261 2271
f 1833 745 2064
f 767 769 1230
f 1221 1220 1268
f 1136 866 1522
f 560 792 793
f 1234 1413 1989
f 1177 1179 1180
f 234 235 2078
f 1127 1260 1261
f 1254 1521 1927
f 1234 842 1235
f 833 1714 1974
f 502 1148 2014
f 1413 1235 1414
f 1199 1245 1246
f 655 654 656
f 82 484 1484
f 1077 855 1078
f 988 933 1935
f 836 716 1961
f 621 620 622
f 892 893 976
f 718 797 816
f 1261 1260 1262
f 346 1934 1943
f 1186 1561 1627
f 606 639 2024
f 1186 1185 1561
f 1400 1641 2523
f 869 338 2032
f 1700 1428 2450
f 606 605 607
f 881 880 1111
f 196 432 1966
f 1246 1247 1310
f 531 586 588
f 1330 988 1396
f 1220 1054 1232
f 619 618 620
f 586 587 724
f 767 768 769
f 690 705 721
f 548 547 549
f 769 770 771
f 863 891 892
f 1436 1437 1505
f 1188 849 2008
f 660 658 691
f 545 547 548
f 154 954 1915
f 1850 1954 2120
f 1032 798 1033
f 1180 1181 1341
f 629 627 633
f 1611 1361 1981
f 175 176 1999
f 1293 1271 2088
f 542 543 1973
f 804 806 807
f 171 172 905
f 600 598 2036
f 220 221 1909
f 1525 484 1943
f 1436 1434 1437
f 1297 1033 2028
f 1199 1197 1245
f 1195 872 1923
f 824 1741 2116
f 907 1144 2015
f 740 952 2107
f 1560 1150 1817
f 409 410 1008
f 1310 1247 1637
f 864 1125 1302
f 1216 1150 1560
f 688 906 907
f 716 712 894
f 1604 1215 1980
f 1067 449 1975
f 257 1417 2509
f 515 527 531
f 464 383 1867
f 1199 1246 1981
f 442 110 1778
f 593 704 1688
f 558 767 1976
f 807 806 809
f 589 590 729
f 534 532 2008
f 832 711 1988
f 1083 1391 1996
f 724 725 864
f 657 658 659
f 1285 1664 2020
f 961 836 2021
f 496 497 515
f 1282 1454 2056
f 198 199 2084
f 665 664 666
f 906 588 2013
f 487 486 504
f 150 151 1931
f 1375 1377 1378
f 786 785 788
f 1171 1173 2001
f 176 25 1015
f 1104 977 2006
f 549 547 1977
f 289 63 1049
f 853 851 1099
f 265 266 1938
f 65 296 1046
f 659 660 661
f 1676 1675 1677
f 771 772 773
f 1604 2094 2114
f 450 448 2033
f 891 862 1020
f 938 1188 1998
f 1378 1377 1379
f 545 548 1968
f 793 813 1040
f 544 1959 1997
f 767 1230 1976
f 1084 938 1998
f 977 893 1147
f 287 288 1087
f 969 799 1925
f 451 452 455
f 520 380 2077
f 641 640 697
f 1264 803 1267
f 579 931 1922
f 910 1729 2171
f 822 825 2030
f 932 2152 2157
f 1170 1530 1531
f 604 603 605
f 1246 1245 1247
f 966 450 2033
f 1334 1027 1679
f 976 893 977
f 1970 1852 2051
f 663 662 664
f 1516 1425 1517
f 1424 1425 1516
f 609 607 645
f 184 185 1003
f 1040 1091 1447
f 942 2194 2220
f 1090 1089 1161
f 1927 1630 2145
f 774 798 799
f 62 287 2005
f 286 62 1119
f 858 862 863
f 1506 1507 1508
f 285 286 2004
f 443 439 453
f 1523 1281 2106
f 1484 484 1524
f 1027 883 1918
f 657 656 658
f 284 285 1132
f 477 502 2014
f 1460 2216 2510
f 711 1056 1988
f 383 384 1867
f 139 1115 1900
f 1117 941 1118
f 35 1116 1392
f 69 308 577
f 1505 1437 1506
f 1973 1968 2010
f 790 596 1791
f 1236 1011 2107
f 1955 766 2068
f 518 519 529
f 611 609 1990
f 1695 1171 2001
f 977 1147 1168
f 1054 832 1988
f 849 534 2008
f 1181 1183 2002
f 1173 1332 2001
f 1447 1448 1653
f 1168 1147 1401
f 462 456 466
f 791 702 1415
f 293 294 1993
f 529 530 583
f 502 503 518
f 1078 1973 2010
f 1662 1403 2234
f 1263 2068 2122
f 189 190 1921
f 716 894 1961
f 852 853 858
f 548 549 550
f 1082 961 2021
f 931 1083 1996
f 598 790 2036
f 1570 1569 1571
f 1645 1712 2049
f 310 70 693
f 1975 444 2012
f 1158 909 1863
f 1396 988 1935
f 1341 1181 2002
f 820 822 898
f 1375 1374 1376
f 1424 1082 1425
f 634 633 640
f 437 1491 2000
f 1047 1285 1286
f 482 481 486
f 807 810 910
f 793 792 813
f 467 475 1982
f 1183 1186 2002
f 182 27 2083
f 990 833 1974
f 784 783 785
f 308 309 2007
f 922 921 933
f 11 1901 2211
f 396 100 1141
f 1330 1396 2197
f 962 897 963
f 190 465 1921
f 836 1961 2021
f 771 773 774
f 697 640 702
f 622 620 638
f 1729 1728 2260
f 640 633 2031
f 939 797 940
f 1231 1833 2063
f 1562 1346 1563
f 894 948 949
f 1425 1082 2021
f 472 479 506
f 443 595 2012
f 979 1389 2082
f 2063 1833 2064
f 1651 1647 2049
f 1062 1970 2051
f 843 851 852
f 704 856 1688
f 843 850 851
f 1244 990 1974
f 588 586 2013
f 603 600 2036
f 1040 813 1091
f 1808 1806 1847
f 718 687 797
f 443 453 595
f 510 522 523
f 1059 1949 1950
f 825 1047 2030
f 1232 1054 1988
f 714 783 784
f 840 841 842
f 688 907 1009
f 605 603 1320
f 483 461 873
f 2051 1805 2080
f 1922 931 1996
f 221 904 1909
f 1883 1386 2319
f 898 822 2030
f 482 486 487
f 697 702 791
f 892 891 893
f 1305 1304 2016
f 425 1608 2413
f 810 809 811
f 1502 692 1922
f 789 794 795
f 700 698 2060
f 863 862 891
f 149 150 526
f 586 724 2013
f 468 1248 2071
f 1332 1175 2042
f 661 660 662
f 494 495 496
f 1944 1651 2049
f 746 747 748
f 709 1358 1418
f 227 228 1102
f 420 113 1806
f 786 788 789
f 158 19 2110
f 1466 1464 1467
f 659 658 660
f 1032 1033 1294
f 1177 1180 2042
f 880 748 2019
f 1435 1969 2045
f 858 853 862
f 1366 1364 1884
f 749 818 1007
f 868 751 934
f 494 491 495
f 774 773 798
f 1175 1177 2042
f 648 647 649
f 1237 2013 2072
f 1791 453 2000
f 531 588 592
f 1980 1211 2061
f 904 40 1089
f 709 1418 2011
f 799 798 1032
f 1197 1195 2029
f 842 841 843
f 789 795 840
f 2080 631 2104
f 1482 1108 1489
f 455 452 456
f 666 668 2064
f 1150 1076 1208
f 746 745 747
f 488 490 1270
f 521 175 1999
f 890 577 981
f 977 1168 2006
f 1678 1158 1863
f 648 649 650
f 1741 1231 2154
f 967 611 1990
f 1570 1571 1572
f 852 851 853
f 1454 1423 2453
f 1647 1645 2049
f 1098 1457 1458
f 691 1862 2047
f 982 981 983
f 2252 1908 2279
f 1281 2072 2106
f 745 669 2064
f 1957 1062 2051
f 504 714 2027
f 1319 1282 2056
f 1032 1295 1925
f 1032 1294 1295
f 702 640 2031
f 1009 907 2015
f 1624 1402 2190
f 1029 1076 1150
f 989 873 1304
f 1230 769 2038
f 1081 1927 2145
f 515 531 2041
f 1749 1753 2074
f 638 2492 2506
f 381 1012 2077
f 281 282 1438
f 2262 1781 2285
f 803 804 2035
f 609 645 1990
f 115 4 512
f 1235 842 2017
f 592 588 688
f 735 700 2060
f 1447 1091 1448
f 830 867 921
f 812 811 827
f 1698 1005 2273
f 469 467 1982
f 812 828 978
f 2383 1457 2515
f 453 439 2000
f 784 786 1088
f 840 795 841
f 1075 1081 2145
f 1098 983 1127
f 1261 1343 1588
f 1245 1197 2029
f 1968 1955 2010
f 894 949 1961
f 275 276 1481
f 807 910 2035
f 1078 2010 2143
f 571 83 993
f 396 1141 1889
f 2230 1414 2235
f 1969 1376 2045
f 176 1015 1999
f 1161 1352 2018
f 808 1072 2483
f 695 583 2048
f 1255 474 1889
f 163 164 514
f 807 809 810
f 1195 1923 2029
f 1534 1350 1535
f 784 785 786
f 896 689 897
f 830 922 2052
f 2100 55 2264
f 941 939 2034
f 1870 1869 1871
f 804 807 2035
f 1579 1580 2180
f 2112 680 2132
f 1959 966 2043
f 1211 1952 2061
f 1619 2234 2504
f 799 1032 1925
f 1997 1959 2043
f 81 342 2173
f 364 365 2066
f 1345 1346 1562
f 1470 1339 1577
f 2070 764 2515
f 348 349 1065
f 1790 2011 2101
f 1465 1464 1466
f 1168 1401 1468
f 1321 1090 2054
f 1020 862 2044
f 452 1067 2037
f 966 2033 2093
f 1467 2113 2198
f 1453 1451 2137
f 939 940 1074
f 228 229 2026
f 853 1099 2044
f 1356 1911 2112
f 1364 1244 2040
f 891 1020 2050
f 571 993 1010
f 583 585 2048
f 475 1224 1982
f 349 350 2039
f 1912 489 2075
f 771 774 2038
f 1140 474 1255
f 1389 1538 2082
f 842 843 2017
f 1911 679 2112
f 1295 1294 1556
f 829 1059 1972
f 1106 998 1107
f 919 729 1013
f 997 735 998
f 1286 1285 2020
f 2068 1263 2143
f 1261 1262 1343
f 843 852 2017
f 867 829 1972
f 350 84 1124
f 1535 1932 2443
f 687 1911 2062
f 1320 603 2036
f 1768 1766 2223
f 287 1087 2005
f 669 666 2064
f 982 983 1098
f 2127 693 2161
f 1480 1479 1504
f 455 456 461
f 462 466 467
f 494 496 517
f 1226 1673 2155
f 1373 1374 1375
f 1043 867 1108
f 1468 1401 1612
f 1259 1858 2140
f 1296 1541 1543
f 1119 62 2005
f 950 738 1193
f 1517 2098 2258
f 286 1119 2004
f 676 680 2112
f 1979 1409 2053
f 1595 1066 2203
f 869 1816 2493
f 769 771 2038
f 1267 803 2035
f 748 747 749
f 810 811 812
f 865 1126 2092
f 1132 285 2004
f 1046 1810 2399
f 380 381 2077
f 398 942 2115
f 1098 1127 1457
f 2021 1961 2073
f 1849 1259 2093
f 948 985 1042
f 470 476 477
f 660 691 2047
f 552 554 2109
f 1042 1273 1355
f 480 473 481
f 1047 1286 2030
f 1613 1546 2373
f 1147 893 2050
f 477 476 492
f 1409 1587 2053
f 1957 2051 2080
f 506 479 574
f 461 456 462
f 1208 1076 1519
f 1884 1364 2040
f 673 675 2079
f 1022 1405 2128
f 1010 1169 1170
f 429 1655 2219
f 151 1100 1931
f 1604 1980 2094
f 29 189 1284
f 921 867 1043
f 1227 1997 2043
f 890 981 982
f 466 456 2037
f 384 96 1044
f 1288 1665 2207
f 1345 1344 1346
f 458 430 459
f 627 625 2117
f 221 40 904
f 934 751 1301
f 1517 1425 2073
f 1868 1869 1870
f 1343 1262 1344
f 2121 1903 2157
f 2011 1418 2101
f 1698 1427 2526
f 1742 1067 2121
f 2094 681 2114
f 2013 724 2072
f 69 577 889
f 1193 2084 2085
f 1389 1537 1538
f 2017 1122 2081
f 229 230 1157
f 1343 1344 1345
f 1708 1358 2268
f 456 452 2037
f 462 467 468
f 1425 2021 2073
f 577 308 2007
f 488 1270 2025
f 816 797 939
f 235 1735 2078
f 27 478 2083
f 787 1979 2053
f 812 827 828
f 1244 1974 2040
f 470 469 476
f 1509 1467 1510
f 913 979 2082
f 862 853 2044
f 724 864 2072
f 482 487 488
f 1867 1044 1868
f 1412 1373 1739
f 468 469 470
f 866 865 2092
f 1230 1831 2099
f 480 482 2025
f 1757 1749 2074
f 140 141 525
f 246 247 572
f 2006 1168 2055
f 1271 1732 2088
f 726 325 2136
f 75 876 2136
f 531 592 2041
f 1354 1957 2080
f 1794 2083 2496
f 639 608 2163
f 714 784 2027
f 662 660 2047
f 480 481 482
f 893 891 2050
f 766 2109 2122
f 1832 1194 2138
f 1225 880 2019
f 940 797 2062
f 1039 293 1993
f 1399 594 1691
f 1313 1278 1614
f 468 467 469
f 1414 1235 2081
f 2033 1849 2093
f 589 574 590
f 1294 1296 2067
f 390 391 780
f 199 415 2084
f 1465 1466 1816
f 1427 458 2526
f 610 612 2148
f 830 829 867
f 1373 1371 1374
f 277 59 2229
f 890 982 984
f 1039 1993 1994
f 2010 1955 2068
f 247 248 2058
f 1074 1278 1313
f 998 735 999
f 1121 918 1256
f 216 217 1066
f 889 577 890
f 2029 824 2116
f 1881 1733 2427
f 321 322 1038
f 487 504 2075
f 1118 941 2034
f 1580 837 1592
f 1293 2088 2124
f 1235 2017 2081
f 406 407 1306
f 1111 880 1225
f 789 840 2065
f 828 829 830
f 64 293 1039
f 1466 1467 1509
f 1168 1468 2055
f 88 363 1590
f 1943 1934 2090
f 501 509 510
f 2283 898 2520
f 1589 1273 2282
f 910 810 2069
f 141 142 2057
f 939 1074 2034
f 488 487 489
f 730 914 2087
f 1679 1027 1918
f 1127 1261 2070
f 904 1089 1090
f 248 49 1023
f 1830 1249 2122
f 1090 1161 1316
f 567 1976 2099
f 2175 1079 2187
f 1961 949 2073
f 1010 993 1169
f 797 687 2062
f 914 731 918
f 1043 1108 1482
f 1088 786 2065
f 1522 866 2092
f 1511 1512 1526
f 1942 1488 2345
f 2005 1087 2224
f 1777 844 2343
f 844 328 2188
f 786 789 2065
f 1140 1255 1325
f 279 280 2100
f 76 764 2188
f 784 1088 2027
f 490 489 491
f 812 978 2069
f 2109 1830 2122
f 1915 2304 2546
f 1463 1464 1465
f 1853 1226 2102
f 384 1044 1867
f 999 735 2060
f 1165 158 2110
f 981 577 2007
f 1245 2029 2116
f 77 1607 2308
f 1262 1260 2161
f 1354 2080 2104
f 1582 1023 2445
f 748 749 2019
f 504 2027 2075
f 1539 1662 2234
f 340 341 2076
f 1170 1169 1530
f 1530 1169 1610
f 1261 1588 2070
f 828 827 829
f 1457 1127 2070
f 1059 1950 1972
f 2031 633 2117
f 1554 1555 2212
f 1317 2018 2221
f 963 1092 1094
f 1518 1490 2297
f 1111 1225 1451
f 2219 1655 2238
f 1130 1546 1613
f 2012 1903 2121
f 32 903 2159
f 341 81 646
f 2281 2202 2500
f 348 1065 1942
f 1011 740 2107
f 1631 1354 2104
f 334 335 1550
f 1887 681 2094
f 1934 1300 2090
f 2072 864 2106
f 1256 1501 1585
f 877 1601 2438
f 749 1007 2019
f 1102 228 2026
f 949 948 2096
f 1742 2121 2157
f 1525 1943 2090
f 142 13 1290
f 459 430 1219
f 1296 1543 2067
f 458 459 472
f 490 491 494
f 652 689 896
f 1976 1230 2099
f 1232 1813 2151
f 846 1502 2147
f 1284 189 1921
f 1467 1464 2113
f 488 489 490
f 2269 1135 2359
f 1254 1927 2144
f 1451 1225 1452
f 1878 1924 2480
f 1098 1458 2086
f 590 574 987
f 2096 2097 2129
f 2096 1355 2097
f 482 488 2025
f 472 459 473
f 1140 1325 2089
f 479 473 480
f 766 552 2109
f 1067 1975 2121
f 1514 1420 2414
f 1980 2061 2094
f 2043 966 2093
f 744 2134 2135
f 679 676 2112
f 1048 934 1143
f 283 61 1152
f 197 32 2159
f 295 65 2399
f 1356 2112 2132
f 1039 1994 1995
f 873 461 2071
f 1609 1605 2111
f 1927 1081 2144
f 494 517 2091
f 681 1737 2114
f 1910 877 2438
f 810 812 2069
f 167 431 2168
f 864 1302 2106
f 1556 1294 2067
f 2116 1741 2154
f 1065 349 2039
f 173 1421 2149
f 879 166 2168
f 1868 1044 1869
f 1038 322 2248
f 188 1462 2550
f 1056 1897 2131
f 1074 1313 2034
f 1025 1790 2101
f 914 1121 1130
f 310 693 2127
f 1094 1092 2059
f 2042 1180 2155
f 982 1098 2086
f 1270 490 2091
f 2007 309 2127
f 1463 889 1464
f 92 374 2405
f 1322 2092 2434
f 472 473 479
f 61 284 2366
f 350 1124 2039
f 1605 1604 2114
f 914 918 1121
f 489 487 2075
f 2152 1390 2157
f 1654 15 2225
f 461 462 2071
f 1572 1571 1573
f 1030 971 2160
f 1924 1557 2480
f 1263 1723 2143
f 1573 2363 2386
f 1077 1078 2141
f 1856 2007 2127
f 387 953 1683
f 397 398 2115
f 1220 1232 2151
f 1419 2182 2335
f 2140 1858 2166
f 112 3 2164
f 462 468 2071
f 309 310 2127
f 1085 1275 1479
f 1500 2244 2454
f 1423 92 2405
f 1288 1850 2120
f 647 81 2173
f 730 523 731
f 1780 937 2164
f 905 172 2149
f 1391 1258 2158
f 914 1130 2087
f 2076 1519 2355
f 1732 1731 2224
f 1014 86 2174
f 2078 1735 2146
f 646 81 647
f 680 1832 2132
f 229 1157 2026
f 86 357 2174
f 1489 1518 2367
f 1673 2042 2155
f 501 499 509
f 633 627 2117
f 232 233 1034
f 637 2102 2169
f 896 897 962
f 646 648 847
f 65 1046 2399
f 2068 766 2122
f 300 301 2182
f 454 1683 2181
f 2061 1887 2094
f 69 889 1463
f 408 409 2204
f 1988 1056 2131
f 969 1925 2160
f 3 420 2164
f 1641 1642 2523
f 460 1606 2527
f 1655 1657 2238
f 1372 1412 2022
f 1264 1267 2162
f 1247 1245 2116
f 1901 1426 2211
f 194 31 2179
f 1407 1851 2220
f 650 652 2128
f 1251 1356 2132
f 1316 1317 2134
f 984 982 2086
f 1635 618 2540
f 1864 1601 2385
f 1336 51 1337
f 932 2003 2152
f 1372 1373 1412
f 1415 1763 2398
f 44 501 912
f 1605 2114 2130
f 510 523 730
f 1723 975 2172
f 1022 1134 1338
f 1856 2127 2161
f 2146 1735 2175
f 1619 418 2234
f 1737 1738 2130
f 962 963 2119
f 1754 428 2387
f 231 232 2105
f 31 920 2179
f 99 474 1139
f 363 364 2066
f 1223 1390 2162
f 1883 1882 2213
f 2245 1394 2423
f 948 1042 2096
f 730 731 914
f 1000 1845 2226
f 2008 1663 2146
f 1342 1140 2089
f 1274 1844 2486
f 1975 2012 2121
f 693 70 1497
f 2239 1533 2401
f 370 1058 2196
f 165 879 2186
f 949 2096 2129
f 2030 1286 2108
f 480 2025 2095
f 485 144 2400
f 1042 1355 2096
f 490 494 2091
f 2114 1737 2130
f 43 231 1292
f 1919 1144 2280
f 898 2030 2108
f 572 247 2058
f 574 479 2095
f 1130 1121 1546
f 325 75 2136
f 2301 417 2365
f 1368 1367 2202
f 1091 813 2166
f 2260 1728 2293
f 273 274 2153
f 2160 1925 2238
f 525 141 2057
f 20 162 1474
f 1663 2078 2146
f 2071 1248 2139
f 1338 1134 2046
f 1545 1811 2415
f 987 574 2095
f 896 962 1022
f 1835 431 2287
f 1194 1252 2138
f 1464 889 2113
f 1232 1988 2131
f 1471 846 2147
f 890 984 2113
f 1392 1613 2511
f 1593 1024 1626
f 975 1771 2200
f 646 647 648
f 1063 1280 2199
f 25 177 2242
f 289 1049 2178
f 1427 1141 2552
f 479 480 2095
f 1087 288 2178
f 1139 1140 1342
f 1341 2002 2169
f 248 1023 2058
f 1139 474 1140
f 481 473 2125
f 889 890 2113
f 2093 1259 2140
f 951 1469 2207
f 1317 2221 2310
f 1022 962 1134
f 1252 1254 2144
f 2182 301 2335
f 2243 1530 2517
f 1851 1219 2220
f 1247 2116 2154
f 1257 1077 2141
f 423 2284 2334
f 963 1094 2119
f 1817 1208 2118
f 873 2071 2139
f 1304 873 2139
f 2083 478 2496
f 1256 1585 2126
f 1517 2073 2129
f 1278 1075 2145
f 1008 410 1599
f 1946 1342 1947
f 1121 1256 2126
f 2138 1252 2144
f 1091 2166 2192
f 1638 94 2341
f 2145 1630 2191
f 1090 1316 2054
f 2043 2093 2140
f 142 1290 2057
f 715 1511 2295
f 1138 376 2270
f 1782 1781 2278
f 1065 2039 2133
f 478 183 2210
f 2073 949 2129
f 172 173 2149
f 1079 45 2233
f 1188 2008 2146
f 612 637 2148
f 2309 1527 2353
f 377 848 2270
f 63 290 2374
f 1771 1772 2377
f 341 646 2076
f 1227 2043 2140
f 652 896 2128
f 2141 1078 2143
f 2111 1605 2130
f 1015 25 2242
f 1903 932 2157
f 1412 1739 2256
f 1669 1107 2418
f 1272 1328 2156
f 473 459 2125
f 2102 1341 2169
f 1390 1742 2157
f 1789 1013 2532
f 1697 1696 2150
f 911 2009 2241
f 1493 1494 2221
f 498 1891 2189
f 1395 809 2239
f 1763 1415 2439
f 1268 1220 2151
f 1438 282 2183
f 787 2053 2213
f 337 869 2265
f 1440 1797 2404
f 937 112 2164
f 806 808 2239
f 1637 1247 2154
f 501 510 2185
f 899 721 2215
f 2304 1398 2546
f 971 969 2160
f 1774 127 2372
f 2003 1264 2152
f 1821 1715 2235
f 2009 1594 2241
f 1430 1844 2379
f 1088 1989 2170
f 432 197 2159
f 608 610 2163
f 1180 1341 2155
f 1227 2140 2166
f 411 106 582
f 458 1427 2552
f 1258 1640 2158
f 184 1003 2210
f 1139 1342 1946
f 585 986 2396
f 1159 1529 2259
f 2046 524 2313
f 1536 1388 2312
f 592 688 2212
f 1531 1530 2243
f 1152 61 2366
f 1260 1856 2161
f 1287 1288 2207
f 45 237 2233
f 244 245 2257
f 43 1292 1460
f 1615 1422 2267
f 1694 839 2538
f 1049 63 2374
f 433 1694 2538
f 459 1219 2125
f 1723 2141 2143
f 2162 1267 2176
f 1534 1535 2443
f 1590 363 2066
f 1641 1400 2318
f 903 1665 2159
f 1403 1236 2167
f 1382 1381 2251
f 1268 2151 2165
f 1324 1268 2165
f 1188 2146 2175
f 1372 1371 1373
f 1896 1828 2320
f 166 167 2168
f 1613 1021 2511
f 1129 1439 2249
f 1267 2171 2176
f 1322 958 2249
f 1101 368 2247
f 1999 1750 2436
f 15 149 2225
f 1450 1473 2226
f 638 2316 2492
f 1257 2141 2172
f 1546 1121 2126
f 2035 910 2171
f 2319 1436 2416
f 813 1227 2166
f 1590 1239 2423
f 516 1774 2462
f 1660 573 2550
f 1134 962 2119
f 233 44 2206
f 2075 2027 2170
f 1448 2192 2209
f 730 2087 2185
f 2002 1628 2169
f 1371 1368 2202
f 2055 1468 2429
f 2244 2341 2454
f 1058 1878 2480
f 1656 1654 2225
f 1390 2152 2162
f 2128 1405 2184
f 95 382 2314
f 1912 2075 2170
f 646 847 2076
f 1764 1289 2326
f 2095 2025 2177
f 1162 647 2173
f 721 705 2241
f 1219 2115 2220
f 645 607 2228
f 40 222 2291
f 1891 1892 2189
f 1630 457 2191
f 21 165 2186
f 605 1320 2228
f 1608 425 2531
f 1470 1577 2257
f 1408 1407 2194
f 282 283 2183
f 288 289 2178
f 392 393 2254
f 1300 1928 2222
f 1448 1091 2192
f 250 251 2267
f 1512 1510 2198
f 1810 1336 2272
f 1657 2160 2238
f 1013 1789 2361
f 283 1152 2183
f 357 1035 2174
f 1962 2293 2344
f 896 1022 2128
f 2172 975 2200
f 1710 2173 2286
f 232 1034 2105
f 987 2095 2177
f 1350 1257 2172
f 1818 1719 2304
f 1644 1646 2390
f 1606 1476 2193
f 847 648 2184
f 1454 2237 2354
f 1872 2283 2520
f 839 1693 2372
f 367 90 2369
f 1608 1775 2413
f 1998 1188 2175
f 511 1676 2294
f 2170 1989 2218
f 1419 249 2266
f 2141 1723 2172
f 90 1101 2369
f 419 194 2179
f 336 715 2295
f 2341 520 2454
f 1224 1223 2176
f 1267 2035 2171
f 1422 300 2182
f 912 501 2185
f 2166 1858 2192
f 650 2128 2184
f 1518 2297 2441
f 725 955 2279
f 2191 457 2254
f 1614 723 2338
f 1777 2343 2489
f 343 423 2286
f 404 405 2485
f 255 1265 2446
f 1099 851 2262
f 1012 1664 2449
f 1292 231 2105
f 2027 1088 2170
f 1683 953 2378
f 1347 1998 2187
f 6 591 2269
f 1476 1475 2217
f 1646 1648 2322
f 1105 1461 2327
f 1278 2145 2191
f 648 650 2184
f 116 1612 2501
f 1780 2164 2227
f 1302 2315 2327
f 1118 1947 2330
f 1564 1565 2299
f 1434 1433 2189
f 1365 1575 2360
f 59 278 2368
f 1912 2170 2218
f 2139 1768 2223
f 1733 508 2427
f 1836 1196 2339
f 1298 1117 2381
f 1510 1467 2198
f 2181 1871 2513
f 328 76 2188
f 1398 1349 2365
f 1718 1579 2180
f 1423 2405 2453
f 441 2323 2450
f 521 1999 2436
f 2025 1270 2177
f 1198 1206 2339
f 1998 2175 2187
f 2152 1264 2162
f 1823 1755 2436
f 1362 1710 2334
f 1664 1012 2314
f 1130 1613 2271
f 930 1623 2411
f 275 1481 2289
f 2396 986 2469
f 50 1641 2318
f 1858 1305 2192
f 1690 1501 2532
f 1750 1999 2421
f 1686 720 2205
f 506 1698 2526
f 1359 1734 2258
f 441 241 2323
f 264 1591 2426
f 1007 818 2283
f 125 516 2274
f 1143 934 2195
f 1726 1442 2362
f 369 370 2196
f 1480 1504 2462
f 353 85 2324
f 85 354 2324
f 780 1608 2531
f 278 279 2264
f 2192 1305 2209
f 1798 1073 2358
f 1223 2162 2176
f 331 77 2308
f 1100 16 2301
f 16 152 2301
f 2298 2321 2322
f 1348 1818 2406
f 1614 1278 2191
f 242 1486 2323
f 2045 1376 2281
f 1523 2106 2246
f 1350 2172 2200
f 1658 1659 2435
f 2367 980 2508
f 1024 426 2123
f 1614 2191 2254
f 1304 2139 2223
f 1144 1063 2199
f 1385 1436 2319
f 934 1301 2195
f 2243 1638 2244
f 256 257 2509
f 314 1864 2385
f 1386 1383 2319
f 1962 1982 2293
f 1089 40 2291
f 1291 1720 2255
f 2218 1413 2230
f 928 212 2388
f 820 898 2283
f 1587 1410 2201
f 1262 2161 2208
f 2315 1822 2327
f 44 912 2206
f 620 618 2316
f 2060 698 2317
f 1315 1048 2545
f 1527 1512 2231
f 182 2083 2370
f 12 140 2321
f 1009 2015 2197
f 96 385 2325
f 1640 1329 2340
f 1866 1046 2336
f 116 117 2371
f 187 188 2550
f 1763 1243 2398
f 1932 1535 2377
f 352 1031 2354
f 1665 951 2207
f 1240 1554 2348
f 1989 1413 2218
f 1535 1350 2200
f 17 436 2406
f 1410 1408 2548
f 917 1770 2518
f 1932 1931 2443
f 510 730 2185
f 68 902 2250
f 2026 1157 2240
f 1797 765 2404
f 127 8 2372
f 344 82 2512
f 94 379 2341
f 8 839 2372
f 967 1635 2540
f 1370 1368 1371
f 697 791 2317
f 1096 1811 2442
f 409 1008 2204
f 1397 1347 2356
f 1494 1495 2214
f 183 184 2210
f 426 122 2123
f 1115 12 2321
f 1882 787 2213
f 1455 1478 2506
f 1217 1093 2442
f 431 1819 2287
f 1501 1335 2532
f 1516 1517 2258
f 1946 1947 2338
f 243 244 2499
f 1643 1644 2473
f 524 68 2250
f 1035 1876 2498
f 1046 296 2336
f 2198 984 2231
f 1106 1107 2393
f 1276 1763 2439
f 1528 2468 2502
f 121 6 2269
f 2298 1115 2321
f 82 1484 2512
f 1774 1773 2462
f 1289 1881 2427
f 1208 1519 2311
f 1752 1748 2421
f 1305 2016 2209
f 418 181 2370
f 1472 1449 2496
f 179 908 2387
f 2190 1402 2470
f 1528 270 2468
f 1369 1370 1387
f 1428 1828 2450
f 2048 585 2347
f 333 78 2376
f 1915 954 2304
f 428 178 2387
f 1414 2081 2252
f 1550 335 2295
f 1664 1431 2449
f 1601 877 2385
f 2182 1419 2266
f 1413 1414 2230
f 1446 1104 2263
f 2083 1540 2370
f 688 1009 2212
f 1370 1371 1372
f 2090 1300 2222
f 1275 899 2215
f 388 425 2346
f 848 2243 2517
f 1999 1015 2421
f 222 1551 2291
f 1770 1028 2222
f 1470 2257 2415
f 1342 2089 2330
f 703 2309 2383
f 80 340 2355
f 2117 625 2460
f 999 1576 2525
f 528 136 2211
f 794 796 2476
f 1588 1343 2343
f 1001 1000 2412
f 1731 1291 2224
f 1596 1707 2240
f 1893 875 2547
f 369 2196 2247
f 2115 942 2220
f 292 64 2397
f 1374 1371 2202
f 514 1668 2543
f 848 1638 2243
f 1339 1701 2329
f 2050 1020 2351
f 1034 233 2206
f 505 2218 2230
f 1621 1287 2357
f 839 128 2538
f 129 433 2538
f 1909 1321 2403
f 590 987 2312
f 1844 1447 2486
f 919 1013 2361
f 1601 1567 2438
f 505 1912 2218
f 1401 1445 2444
f 1715 505 2230
f 1845 1450 2226
f 1519 2103 2311
f 24 174 2524
f 420 1807 2227
f 915 2067 2300
f 2108 1286 2306
f 200 33 2441
f 498 2189 2350
f 1495 2026 2240
f 1544 48 2455
f 1993 1113 2530
f 1908 1907 2305
f 1539 2234 2549
f 2016 1304 2223
f 297 298 2523
f 394 99 2459
f 613 967 2540
f 1295 2219 2238
f 1101 2245 2369
f 954 17 2406
f 515 2041 2391
f 1052 1708 2268
f 875 109 2547
f 149 526 2225
f 1610 1169 2345
f 208 209 2216
f 48 246 2455
f 1295 1556 2219
f 1670 1420 2393
f 2176 2171 2260
f 1424 1516 2422
f 1126 1594 2434
f 425 389 2531
f 1421 24 2524
f 618 615 2540
f 1532 1531 2307
f 1453 2137 2413
f 1338 2046 2313
f 1422 2182 2266
f 1255 1889 2253
f 517 496 2391
f 1076 80 2355
f 1656 2225 2333
f 1781 2262 2278
f 1157 230 2521
f 607 605 2228
f 276 277 2502
f 2289 1481 2537
f 1594 2009 2434
f 953 97 2346
f 433 130 2541
f 2164 420 2227
f 955 1821 2235
f 1443 2190 2465
f 1867 1868 2487
f 458 472 2526
f 622 638 2460
f 1104 2006 2263
f 1571 1569 2544
f 58 275 2289
f 1626 1137 2528
f 1577 1339 2329
f 84 351 2237
f 1626 1024 2123
f 104 408 2471
f 1374 2202 2281
f 1478 2117 2460
f 237 463 2233
f 1270 2091 2428
f 2133 2039 2290
f 1044 96 2325
f 1644 2390 2473
f 1123 950 2484
f 2209 925 2364
f 143 485 2419
f 2081 1908 2252
f 1189 1118 2330
f 2161 693 2208
f 729 590 2463
f 2022 2023 2464
f 1792 1394 2245
f 1488 1942 2479
f 1023 1717 2456
f 705 911 2241
f 78 334 2376
f 693 1497 2208
f 164 21 2431
f 809 806 2239
f 1007 1945 2408
f 2044 1099 2232
f 1789 1788 2361
f 1334 1679 2236
f 2137 1451 2378
f 1788 2101 2432
f 1452 1225 2408
f 2019 1007 2408
f 1733 1881 2458
f 876 1777 2489
f 177 428 2242
f 1905 121 2269
f 1668 1474 2543
f 390 780 2531
f 1925 1295 2238
f 1846 719 2407
f 1273 2156 2282
f 368 369 2247
f 1816 1466 2493
f 64 1039 2397
f 984 2086 2231
f 2098 513 2474
f 163 514 2543
f 2187 1079 2233
f 958 1129 2249
f 1446 2263 2347
f 1320 2036 2433
f 1586 1038 2363
f 407 104 2471
f 1307 1549 2320
f 703 2308 2309
f 1124 84 2237
f 2293 1728 2344
f 1420 1670 2414
f 245 471 2257
f 2189 1433 2350
f 2261 2087 2271
f 2173 342 2286
f 2091 1537 2428
f 1144 2199 2280
f 1536 2177 2428
f 67 1582 2335
f 1381 1386 2251
f 1369 1368 1370
f 1337 1994 2530
f 385 454 2325
f 1499 1500 2454
f 1791 2000 2514
f 1814 1159 2259
f 1366 1884 2527
f 1942 1065 2479
f 1066 217 2440
f 1461 2246 2327
f 1372 2022 2464
f 1739 1740 2256
f 1883 2319 2416
f 2216 209 2510
f 1828 1307 2320
f 953 2137 2378
f 1995 1964 2397
f 1457 2070 2515
f 1459 1822 2315
f 582 1368 1369
f 2106 1302 2246
f 902 2118 2250
f 1309 2133 2290
f 1889 1141 2253
f 1041 333 2376
f 998 999 2525
f 535 2281 2500
f 1419 2335 2445
f 2 442 2547
f 1599 105 2331
f 1907 1459 2305
f 2234 418 2549
f 2287 1819 2458
f 1772 1656 2333
f 1581 1052 2425
f 37 744 2388
f 1780 2227 2285
f 2294 1410 2548
f 1490 1950 2297
f 1807 1808 2302
f 1119 2005 2255
f 2235 1414 2252
f 851 850 2262
f 1640 1190 2407
f 1879 1492 2359
f 249 250 2266
f 2085 415 2297
f 1005 1581 2273
f 79 337 2265
f 1720 1312 2303
f 442 1893 2547
f 1996 1391 2358
f 1512 2198 2231
f 2382 1315 2545
f 591 1135 2269
f 507 1962 2344
f 1646 2322 2390
f 2305 1459 2315
f 7 125 2274
f 572 2275 2455
f 2232 1807 2302
f 2183 1152 2542
f 1358 1471 2268
f 1474 162 2543
f 376 377 2270
f 582 106 1367
f 1298 1996 2358
f 1352 1089 2291
f 1057 1964 2276
f 279 2100 2264
f 2046 1134 2472
f 2171 1729 2260
f 818 820 2283
f 980 2150 2508
f 1402 2216 2470
f 850 1785 2278
f 457 392 2254
f 2255 1720 2303
f 2225 526 2333
f 1668 1669 2418
f 1316 2134 2490
f 1125 725 2279
f 1847 512 2409
f 1475 1668 2418
f 1113 2272 2530
f 719 2158 2407
f 1816 1216 2349
f 1206 1360 2284
f 1693 1774 2372
f 2059 1217 2275
f 2265 869 2493
f 2227 2232 2285
f 1376 1374 2281
f 1321 2203 2403
f 2044 2232 2302
f 2284 423 2512
f 1132 2342 2380
f 21 2186 2431
f 1477 511 2294
f 342 343 2286
f 2006 2195 2263
f 1994 1337 2446
f 1751 1747 2288
f 1719 1398 2304
f 1388 1503 2312
f 1740 1677 2503
f 1553 1552 2292
f 1532 2307 2518
f 1781 1780 2285
f 9 1589 2541
f 1323 1324 2287
f 2237 351 2354
f 1648 1650 2298
f 1950 2085 2297
f 723 394 2459
f 1224 2260 2293
f 59 2368 2505
f 2323 1700 2450
f 1313 1614 2338
f 1465 1816 2349
f 1421 1755 2551
f 335 336 2295
f 1672 1671 2417
f 2193 1366 2527
f 2147 1502 2381
f 1565 1568 2299
f 703 331 2308
f 2207 1469 2357
f 2227 1807 2232
f 152 417 2301
f 1119 2255 2303
f 2347 585 2396
f 2090 2222 2430
f 1387 1370 2464
f 1825 500 2392
f 500 2389 2392
f 1406 1338 2313
f 500 492 2389
f 1966 1954 2539
f 1946 723 2459
f 2185 2087 2261
f 1500 1711 2307
f 2263 1301 2347
f 2244 1638 2341
f 1336 1337 2272
f 1669 1670 2393
f 1982 1224 2293
f 1936 1240 2348
f 1334 2236 2482
f 2257 471 2415
f 744 2135 2388
f 592 2212 2447
f 912 2185 2261
f 2288 1747 2326
f 2284 1360 2334
f 2087 1130 2271
f 382 464 2314
f 582 1367 1368
f 1020 2044 2302
f 1636 2183 2542
f 2277 1157 2521
f 274 58 2289
f 2039 1124 2290
f 1125 2305 2315
f 2342 1689 2380
f 1890 498 2350
f 2004 1119 2303
f 2156 433 2282
f 1400 1615 2318
f 698 697 2317
f 1286 2020 2306
f 1224 2176 2260
f 777 1896 2320
f 1302 1125 2315
f 2009 1322 2434
f 1857 694 2503
f 1396 1936 2348
f 2296 1718 2457
f 1677 1857 2503
f 2067 1543 2300
f 2380 1483 2542
f 638 620 2316
f 105 411 2331
f 1383 1385 2319
f 492 507 2389
f 2297 415 2441
f 241 242 2323
f 1822 1105 2327
f 354 1513 2324
f 1031 353 2324
f 1448 2209 2364
f 2222 1028 2430
f 412 535 2500
f 2195 1301 2263
f 1527 2231 2353
f 2282 433 2541
f 2153 274 2289
f 1312 1689 2342
f 572 2058 2296
f 278 2264 2368
f 1487 1488 2479
f 1797 1440 2529
f 1747 1764 2326
f 1868 2306 2487
f 1601 1864 2544
f 1689 1483 2380
f 1584 2041 2447
f 2091 517 2534
f 2279 1908 2305
f 2335 1582 2445
f 4 116 2501
f 1635 1634 2492
f 1360 1362 2334
f 2259 1320 2433
f 99 1139 2459
f 1137 124 2402
f 2058 1023 2456
f 1642 1866 2336
f 1811 1470 2415
f 301 67 2335
f 526 1932 2333
f 1947 1342 2330
f 408 2204 2471
f 2203 1066 2403
f 140 525 2321
f 1369 1599 2331
f 296 297 2336
f 2395 1571 2544
f 1445 2050 2351
f 2137 953 2346
f 1444 1156 2337
f 1196 1198 2339
f 877 71 2385
f 379 520 2341
f 2231 2086 2353
f 1667 1616 2382
f 2298 1650 2420
f 1606 2193 2527
f 2214 2135 2310
f 1937 1043 2410
f 1728 1726 2344
f 1537 2091 2534
f 1869 1044 2325
f 2004 2303 2342
f 97 388 2346
f 1329 1397 2340
f 2118 1208 2311
f 1526 1527 2332
f 201 980 2367
f 955 2235 2252
f 1189 2147 2381
f 2236 2328 2482
f 1433 1435 2350
f 2420 1704 2535
f 411 582 2331
f 2187 2233 2356
f 1343 1345 2343
f 513 133 2474
f 723 1946 2338
f 1216 1560 2349
f 1363 1365 2360
f 1442 1441 2362
f 1326 1814 2495
f 1323 2287 2458
f 1574 1366 2467
f 351 352 2354
f 2277 1460 2510
f 1073 1298 2358
f 2103 1406 2311
f 1301 2048 2347
f 1495 2240 2522
f 1483 1636 2542
f 1808 1847 2409
f 2153 2289 2537
f 1132 2004 2342
f 2303 1312 2342
f 1836 1525 2430
f 1436 1505 2416
f 2246 1302 2327
f 2133 1487 2479
f 1239 367 2369
f 1349 1534 2365
f 1169 993 2345
f 1819 1733 2458
f 1964 292 2397
f 1149 919 2361
f 267 268 2368
f 2307 1711 2518
f 485 1643 2419
f 2240 1707 2522
f 1143 1667 2545
f 2041 592 2447
f 1117 1189 2381
f 874 404 2485
f 1363 2360 2398
f 71 314 2385
f 181 182 2370
f 117 422 2371
f 1890 2350 2494
f 2451 1319 2452
f 1190 1846 2407
f 1485 1319 2451
f 1519 1076 2355
f 1309 2290 2405
f 1653 1448 2364
f 1716 703 2383
f 2325 454 2513
f 284 1132 2366
f 290 1057 2374
f 1814 2433 2495
f 2086 1458 2353
f 2200 1771 2377
f 1287 2207 2357
f 2077 1012 2449
f 1113 295 2399
f 1576 1574 2467
f 1494 2214 2310
f 927 1837 2384
f 1537 1536 2428
f 582 1369 2331
f 1523 2246 2469
f 2232 1099 2285
f 1416 1815 2497
f 1404 1761 2477
f 340 2076 2355
f 1429 1430 2379
f 374 1309 2405
f 1951 1395 2401
f 1417 2276 2375
f 1319 2056 2452
f 2270 848 2517
f 178 179 2387
f 1864 930 2395
f 212 37 2388
f 2212 1555 2447
f 1499 2077 2449
f 1398 2365 2546
f 1761 1416 2491
f 2371 422 2429
f 1796 1404 2466
f 1243 1363 2398
f 1420 1106 2393
f 1815 1444 2519
f 1441 1357 2392
f 2262 850 2278
f 2221 1494 2310
f 1461 1446 2396
f 2350 1435 2494
f 2389 1441 2392
f 1535 2200 2377
f 334 1550 2376
f 1716 2383 2515
f 1670 514 2431
f 2233 463 2356
f 1515 1909 2403
f 1451 1452 2378
f 2290 1124 2453
f 436 1348 2406
f 2204 1306 2471
f 1676 1677 2437
f 144 145 2400
f 765 1826 2404
f 496 515 2391
f 1717 1718 2456
f 2343 1345 2489
f 1577 2329 2499
f 1008 1599 2507
f 1057 2124 2374
f 2201 1676 2437
f 209 36 2510
f 1581 2253 2273
f 2491 1416 2497
f 1028 1836 2430
f 1704 1498 2535
f 1533 1123 2401
f 1557 1558 2480
f 1411 1796 2461
f 2477 1761 2491
f 2395 930 2411
f 2186 879 2414
f 1547 1411 2488
f 1783 1508 2475
f 418 2370 2549
f 1670 2186 2414
f 230 43 2521
f 1650 1704 2420
f 1748 1750 2421
f 2497 1815 2519
f 2210 1003 2533
f 1021 205 2511
f 471 1545 2415
f 2466 1404 2477
f 1039 1995 2397
f 1775 1453 2413
f 100 458 2552
f 1954 1547 2539
f 1426 1424 2422
f 796 1883 2416
f 2020 464 2487
f 268 269 2505
f 54 264 2426
f 2045 1939 2494
f 1366 2193 2467
f 1156 1001 2412
f 508 1672 2427
f 1572 1573 2386
f 912 2261 2352
f 1265 256 2509
f 1107 2217 2418
f 1023 49 2445
f 2197 1396 2348
f 1750 1823 2436
f 2357 1469 2483
f 512 4 2501
f 1347 2187 2356
f 1555 1584 2447
f 1876 1875 2498
f 1707 928 2522
f 1634 1722 2492
f 764 1716 2515
f 1093 1096 2442
f 1711 917 2518
f 1509 2265 2493
f 2519 1444 2536
f 1576 2217 2525
f 986 1797 2529
f 514 164 2431
f 1456 1276 2439
f 525 2057 2390
f 1225 2019 2408
f 2190 1034 2465
f 49 1419 2445
f 415 200 2441
f 2492 1722 2506
f 1482 1489 2508
f 1141 100 2552
f 1567 1566 2438
f 454 2181 2513
f 2216 1292 2470
f 1043 1482 2410
f 2236 1617 2328
f 1431 1499 2449
f 1461 2396 2469
f 1513 1885 2452
f 2321 525 2322
f 1885 2451 2452
f 1875 1485 2448
f 2036 790 2433
f 1773 1480 2462
f 1885 1014 2451
f 217 218 2440
f 1869 2325 2513
f 1931 1100 2443
f 1492 1334 2482
f 2461 1796 2466
f 1612 1401 2444
f 1125 2279 2305
f 1893 442 2475
f 573 187 2550
f 1939 1890 2494
f 2322 525 2390
f 270 271 2468
f 422 1667 2429
f 1870 1872 2520
f 2217 1107 2525
f 442 1783 2475
f 1881 1323 2458
f 2211 1426 2422
f 935 794 2476
f 145 2300 2400
f 2246 1461 2469
f 2101 1418 2432
f 625 622 2460
f 434 243 2499
f 2092 1126 2434
f 1722 1455 2506
f 1525 2090 2430
f 43 1460 2521
f 1550 2295 2516
f 1449 1794 2496
f 2433 790 2495
f 2150 1482 2508
f 1447 1653 2486
f 472 506 2526
f 1940 419 2466
f 2468 1481 2502
f 694 2256 2503
f 1469 1533 2483
f 781 1940 2477
f 1940 2466 2477
f 2384 1837 2394
f 1814 2259 2433
f 423 344 2512
f 1755 1751 2551
f 1933 781 2491
f 781 2477 2491
f 246 572 2455
f 528 2211 2422
f 2158 1640 2407
f 1345 1562 2489
f 465 1933 2497
f 1540 1539 2549
f 1933 2491 2497
f 1884 460 2527
f 1013 729 2463
f 2206 912 2352
f 419 2461 2466
f 464 1867 2487
f 1718 2180 2457
f 1648 2298 2322
f 908 1619 2504
f 2390 2057 2473
f 1994 1993 2530
f 2180 1094 2457
f 790 1791 2495
f 1014 2174 2448
f 128 129 2538
f 950 1193 2484
f 2202 1367 2500
f 1473 1472 2533
f 298 1400 2523
f 1335 1789 2532
f 465 2497 2519
f 1387 2292 2507
f 615 613 2540
f 389 390 2531
f 1440 1523 2529
f 109 2 2547
f 174 521 2524
f 1466 1509 2493
f 920 1966 2539
f 1463 1465 2478
f 417 1915 2546
f 1435 2045 2494
f 1481 276 2502
f 2000 1491 2514
f 130 9 2541
f 1569 1601 2544
f 2264 267 2368
f 1306 407 2471
f 1094 2059 2457
f 1921 465 2519
f 162 163 2543
f 1048 1143 2545
f 2149 1421 2551
f 1871 1869 2513
f 1446 2347 2396
f 1538 1537 2534
f 1465 2349 2478
f 1065 2133 2479
f 507 2362 2389
f 1139 1946 2459
f 1370 1372 2464
f 1921 2519 2536
f 1547 2488 2539
f 2108 1870 2520
f 524 2250 2313
f 1530 1610 2517
f 1107 998 2525
f 1417 2375 2509
f 2177 1270 2428
f 1472 2210 2533
f 2057 1290 2473
f 1471 2147 2481
f 2054 1316 2490
f 1284 1921 2536
f 1511 1526 2516
f 2186 1670 2431
f 2448 2174 2498
f 2248 1572 2386
f 1038 2248 2386
f 2167 908 2504
f 2316 1635 2492
f 1403 2167 2504
f 419 2179 2461
f 1484 2284 2512
f 2368 268 2505
f 2351 1808 2409
f 898 2108 2520
f 1134 2119 2472
f 2217 1475 2418
f 1292 2105 2470
f 2329 434 2499
f 2275 1544 2455
f 2179 920 2488
f 2488 920 2539
f 2174 1035 2498
f 1408 2194 2548
f 2328 421 2482
f 1875 2448 2498
f 2366 1132 2380
f 269 2229 2505
f 1751 2149 2551
f 2272 1337 2530
f 1034 2206 2465
f 2300 1543 2400
f 2274 1504 2402
f 1014 2448 2451
f 2229 59 2505
f 2448 1485 2451
f 2194 1477 2548
f 2363 1038 2386
f 1124 2237 2453
f 928 2214 2522
f 1052 2268 2425
f 1589 2282 2541
f 905 2288 2417
f 2362 1441 2389
f 1460 2277 2521
f 2296 2058 2456
f 2206 2352 2465
f 2214 1495 2522
f 1610 2270 2517
f 1523 2469 2529
f 1444 2337 2536
f 2469 986 2529
f 2295 1511 2516
f 1718 2296 2456
f 1445 2351 2409
f 1439 2384 2394
f 2461 2179 2488
f 1411 2461 2488
f 2352 1443 2465
f 2256 1740 2503
f 2306 2020 2487
f 2370 1540 2549
f 2444 512 2501
f 2375 1265 2509
f 1477 2294 2548
f 2365 417 2546
f 1864 2395 2544
f 2468 271 2537
f 1003 2435 2533
f 1667 2382 2545
f 2435 1473 2533
f 1612 2444 2501
f 1481 2468 2537
